,ID,E_Brent,NE_C1,M1_C1,M2_C1,SW_C1,costo_gel,reg_f,ecp_z,capex_p_x_v,opex_p_y_v,produccion_p_y_v,VPN_Basica_porta,VPN_incremental_porta,VPN_Basica,VPN_incremental,VPN_Total,EFI_INCREMENTAL,capex,opex_basica,opex_incremental,volumen_B_LE,volumen_I_LE,volumen_T_LE,volumen_B_LE_p,volumen_I_LE_p,volumen_T_LE_p,LE_year_p,LE_year_b,lc_p,lc_b,dc_p,dc_b,opex_ing_p,capex_ing_p,impuesto_ing_p,ingreso_ing_p,abandono_ing_p,opex_ing_b,capex_ing_b,impuesto_ing_b,ingreso_ing_b,abandono_ing_b
0,0,25,0,0,0,0,4.2,0,0,0.4,0.55,0.55,0,0,0,0,0,0.0,0,0,0,0.0,0.0,0.0,0.0,0.0,0.0,2022.0,2022.0,0,0,0,0,0,0,0,0,0,0,0,0,0,0
1,1,25,0,0,0,1,4.2,0,0,0.4,0.55,0.55,0,404.6093,0,132.3046,132.3046,1.5440451255686611,263.4455,0,12.6635,0.0,0.036386753499166674,0.036386753499166674,0.0,0.036386753499166674,0.036386753499166674,2056.0,2056.0,0.18,0.18,3.3305,3.3305,3.0444,125.5927,178.9471,712.1936,0,3.0444,125.5927,62.2451,323.1868,0
2,2,25,0,0,1,0,4.2,0,0,0.4,0.55,0.55,0,2555.5716,0,887.3534,887.3534,1.7253404707359912,1580.6732,0,75.9812,0.0,0.22543966841875007,0.22543966841875007,0.0,0.22543966841875007,0.22543966841875007,2056.0,2056.0,0.18,0.18,3.3305,3.3305,18.2664,753.5564,1128.5039,4455.8983,0,18.2664,753.5564,413.5533,2072.7295,0
3,3,25,0,0,1,1,4.2,0,0,0.4,0.55,0.55,0,2960.1809,0,1019.658,1019.658,1.7013155867537988,1844.1187,0,88.6447,0.0,0.26182642191791666,0.26182642191791666,0.0,0.26182642191791666,0.26182642191791666,2056.0,2056.0,0.18,0.18,3.3305,3.3305,21.3108,879.1491,1307.4511,5168.0919,0,21.3108,879.1491,475.7984,2395.9163,0
4,4,25,0,1,0,0,4.2,0,0,0.4,0.55,0.55,0,1818.9331,0,442.6019,442.6019,0.6861181287698552,2107.5643,0,64.9183,0.0,0.19234873871315558,0.19234873871315558,0.0,0.19234873871315558,0.19234873871315558,2056.0,2056.0,0.18,0.18,5.2046,5.2046,15.0641,1004.7418,836.8031,3675.5421,0,15.0641,1004.7418,246.9468,1709.3546,0
5,5,25,0,1,0,1,4.2,0,0,0.4,0.55,0.55,0,2224.0744,0,575.4384,575.4384,0.782387969234828,2371.0098,0,77.5818,0.0,0.22873549221232217,0.22873549221232217,0.0,0.22873549221232217,0.22873549221232217,2056.0,2056.0,0.18,0.18,4.8983,4.8983,18.1085,1130.3346,1015.2182,4387.7356,0,18.1085,1130.3346,308.66,2032.5415,0
6,6,25,0,1,1,0,4.2,0,0,0.4,0.55,0.55,0,4376.2613,0,1331.7119,1331.7119,1.1322272095271004,3688.2374,0,140.8995,0.0,0.4177884071319054,0.4177884071319054,0.0,0.4177884071319054,0.4177884071319054,2056.0,2056.0,0.18,0.18,4.1933,4.1933,33.3305,1758.2982,1963.5504,8131.4404,0,33.3305,1758.2982,658.7435,3782.0841,0
7,7,25,0,1,1,1,4.2,0,0,0.4,0.55,0.55,0,4780.9943,0,1464.1402,1464.1402,1.159769172064912,3951.683,0,153.563,0.0,0.45417516063107216,0.45417516063107216,0.0,0.45417516063107216,0.45417516063107216,2056.0,2056.0,0.18,0.18,4.1221,4.1221,36.3749,1883.8909,2142.3739,8843.634,0,36.3749,1883.8909,720.865,4105.2709,0
8,8,25,1,0,0,0,4.2,0,0,0.4,0.55,0.55,0,851.8572,0,295.7845,295.7845,1.7276317595417494,526.8911,0,25.3271,0.0,0.07514655613958336,0.07514655613958336,0.0,0.07514655613958336,0.07514655613958336,2056.0,2056.0,0.18,0.18,3.3305,3.3305,6.0888,251.1855,376.168,1485.2994,0,6.0888,251.1855,137.8511,690.9098,0
9,9,25,1,0,0,1,4.2,0,0,0.4,0.55,0.55,0,1256.4665,0,428.089,428.089,1.6662738924844316,790.3366,0,37.9906,0.0,0.11153330963874998,0.11153330963874998,0.0,0.11153330963874998,0.11153330963874998,2056.0,2056.0,0.18,0.18,3.3305,3.3305,9.1332,376.7782,555.1151,2197.493,0,9.1332,376.7782,200.0962,1014.0966,0
10,10,25,1,0,1,0,4.2,0,0,0.4,0.55,0.55,0,3407.4288,0,1183.1379,1183.1379,1.725912722965091,2107.5643,0,101.3082,0.0,0.30058622455833345,0.30058622455833345,0.0,0.30058622455833345,0.30058622455833345,2056.0,2056.0,0.18,0.18,3.3305,3.3305,24.3552,1004.7418,1504.6719,5941.1978,0,24.3552,1004.7418,551.4044,2763.6393,0
11,11,25,1,0,1,1,4.2,0,0,0.4,0.55,0.55,0,3812.0381,0,1315.4425,1315.4425,1.7071610375235107,2371.0098,0,113.9718,0.0,0.33697297805750004,0.33697297805750004,0.0,0.33697297805750004,0.33697297805750004,2056.0,2056.0,0.18,0.18,3.3305,3.3305,27.3996,1130.3346,1683.6191,6653.3913,0,27.3996,1130.3346,613.6495,3086.8261,0
12,12,25,1,1,0,0,4.2,0,0,0.4,0.55,0.55,0,2671.7048,0,739.3009,739.3009,0.8942550088046842,2634.4553,0,90.2453,0.0,0.26749529485273893,0.26749529485273893,0.0,0.26749529485273893,0.26749529485273893,2056.0,2056.0,0.18,0.18,4.6781,4.6781,21.1529,1255.9273,1212.0565,5160.8415,0,21.1529,1255.9273,383.8834,2400.2645,0
13,13,25,1,1,0,1,4.2,0,0,0.4,0.55,0.55,0,3076.6024,0,871.8938,871.8938,0.9534978125038606,2897.9009,0,102.9089,0.0,0.3038820483519056,0.3038820483519056,0.0,0.3038820483519056,0.3038820483519056,2056.0,2056.0,0.18,0.18,4.5121,4.5121,24.1973,1381.52,1390.7154,5873.0351,0,24.1973,1381.52,445.8402,2723.4513,0
14,14,25,1,1,1,0,4.2,0,0,0.4,0.55,0.55,0,3076.6024,0,871.8938,871.8938,0.9534978125038606,4215.1285,0,102.9089,0.0,0.3038820483519056,0.3038820483519056,0.0,0.3038820483519056,0.3038820483519056,2056.0,2056.0,0.18,0.18,4.5121,4.5121,24.1973,1381.52,1390.7154,5873.0351,0,24.1973,1381.52,445.8402,2723.4513,0
15,15,25,1,1,1,1,4.2,0,0,0.4,0.55,0.55,0,5633.0462,0,1760.1194,1760.1194,1.22652959803994,4478.574,0,178.8901,0.0,0.5293217167706556,0.5293217167706556,0.0,0.5293217167706556,0.5293217167706556,2056.0,2056.0,0.18,0.18,4.01,4.01,42.4637,2135.0764,2518.3471,10328.9334,0,42.4637,2135.0764,858.5213,4796.1808,0
16,16,25,0,0,0,0,4.2,0,0,0.5,0.55,0.55,0,0,0,0,0,0.0,0,0,0,0.0,0.0,0.0,0.0,0.0,0.0,2022.0,2022.0,0,0,0,0,0,0,0,0,0,0,0,0,0,0
17,17,25,0,0,0,1,4.2,0,0,0.5,0.55,0.55,0,404.6093,0,132.3046,132.3046,1.5440451255686611,263.4455,0,12.6635,0.0,0.036386753499166674,0.036386753499166674,0.0,0.036386753499166674,0.036386753499166674,2056.0,2056.0,0.18,0.18,3.3305,3.3305,3.0444,125.5927,178.9471,712.1936,0,3.0444,125.5927,62.2451,323.1868,0
18,18,25,0,0,1,0,4.2,0,0,0.5,0.55,0.55,0,2555.5716,0,887.3534,887.3534,1.7253404707359912,1580.6732,0,75.9812,0.0,0.22543966841875007,0.22543966841875007,0.0,0.22543966841875007,0.22543966841875007,2056.0,2056.0,0.18,0.18,3.3305,3.3305,18.2664,753.5564,1128.5039,4455.8983,0,18.2664,753.5564,413.5533,2072.7295,0
19,19,25,0,0,1,1,4.2,0,0,0.5,0.55,0.55,0,2960.1809,0,1019.658,1019.658,1.7013155867537988,1844.1187,0,88.6447,0.0,0.26182642191791666,0.26182642191791666,0.0,0.26182642191791666,0.26182642191791666,2056.0,2056.0,0.18,0.18,3.3305,3.3305,21.3108,879.1491,1307.4511,5168.0919,0,21.3108,879.1491,475.7984,2395.9163,0
20,20,25,0,1,0,0,4.2,0,0,0.5,0.55,0.55,0,1818.9331,0,442.6019,442.6019,0.6861181287698552,2107.5643,0,64.9183,0.0,0.19234873871315558,0.19234873871315558,0.0,0.19234873871315558,0.19234873871315558,2056.0,2056.0,0.18,0.18,5.2046,5.2046,15.0641,1004.7418,836.8031,3675.5421,0,15.0641,1004.7418,246.9468,1709.3546,0
21,21,25,0,1,0,1,4.2,0,0,0.5,0.55,0.55,0,2224.0744,0,575.4384,575.4384,0.782387969234828,2371.0098,0,77.5818,0.0,0.22873549221232217,0.22873549221232217,0.0,0.22873549221232217,0.22873549221232217,2056.0,2056.0,0.18,0.18,4.8983,4.8983,18.1085,1130.3346,1015.2182,4387.7356,0,18.1085,1130.3346,308.66,2032.5415,0
22,22,25,0,1,1,0,4.2,0,0,0.5,0.55,0.55,0,4376.2613,0,1331.7119,1331.7119,1.1322272095271004,3688.2374,0,140.8995,0.0,0.4177884071319054,0.4177884071319054,0.0,0.4177884071319054,0.4177884071319054,2056.0,2056.0,0.18,0.18,4.1933,4.1933,33.3305,1758.2982,1963.5504,8131.4404,0,33.3305,1758.2982,658.7435,3782.0841,0
23,23,25,0,1,1,1,4.2,0,0,0.5,0.55,0.55,0,4780.9943,0,1464.1402,1464.1402,1.159769172064912,3951.683,0,153.563,0.0,0.45417516063107216,0.45417516063107216,0.0,0.45417516063107216,0.45417516063107216,2056.0,2056.0,0.18,0.18,4.1221,4.1221,36.3749,1883.8909,2142.3739,8843.634,0,36.3749,1883.8909,720.865,4105.2709,0
24,24,25,1,0,0,0,4.2,0,0,0.5,0.55,0.55,0,851.8572,0,295.7845,295.7845,1.7276317595417494,526.8911,0,25.3271,0.0,0.07514655613958336,0.07514655613958336,0.0,0.07514655613958336,0.07514655613958336,2056.0,2056.0,0.18,0.18,3.3305,3.3305,6.0888,251.1855,376.168,1485.2994,0,6.0888,251.1855,137.8511,690.9098,0
25,25,25,1,0,0,1,4.2,0,0,0.5,0.55,0.55,0,1256.4665,0,428.089,428.089,1.6662738924844316,790.3366,0,37.9906,0.0,0.11153330963874998,0.11153330963874998,0.0,0.11153330963874998,0.11153330963874998,2056.0,2056.0,0.18,0.18,3.3305,3.3305,9.1332,376.7782,555.1151,2197.493,0,9.1332,376.7782,200.0962,1014.0966,0
26,26,25,1,0,1,0,4.2,0,0,0.5,0.55,0.55,0,3407.4288,0,1183.1379,1183.1379,1.725912722965091,2107.5643,0,101.3082,0.0,0.30058622455833345,0.30058622455833345,0.0,0.30058622455833345,0.30058622455833345,2056.0,2056.0,0.18,0.18,3.3305,3.3305,24.3552,1004.7418,1504.6719,5941.1978,0,24.3552,1004.7418,551.4044,2763.6393,0
27,27,25,1,0,1,1,4.2,0,0,0.5,0.55,0.55,0,3812.0381,0,1315.4425,1315.4425,1.7071610375235107,2371.0098,0,113.9718,0.0,0.33697297805750004,0.33697297805750004,0.0,0.33697297805750004,0.33697297805750004,2056.0,2056.0,0.18,0.18,3.3305,3.3305,27.3996,1130.3346,1683.6191,6653.3913,0,27.3996,1130.3346,613.6495,3086.8261,0
28,28,25,1,1,0,0,4.2,0,0,0.5,0.55,0.55,0,2671.7048,0,739.3009,739.3009,0.8942550088046842,2634.4553,0,90.2453,0.0,0.26749529485273893,0.26749529485273893,0.0,0.26749529485273893,0.26749529485273893,2056.0,2056.0,0.18,0.18,4.6781,4.6781,21.1529,1255.9273,1212.0565,5160.8415,0,21.1529,1255.9273,383.8834,2400.2645,0
29,29,25,1,1,0,1,4.2,0,0,0.5,0.55,0.55,0,3076.6024,0,871.8938,871.8938,0.9534978125038606,2897.9009,0,102.9089,0.0,0.3038820483519056,0.3038820483519056,0.0,0.3038820483519056,0.3038820483519056,2056.0,2056.0,0.18,0.18,4.5121,4.5121,24.1973,1381.52,1390.7154,5873.0351,0,24.1973,1381.52,445.8402,2723.4513,0
30,30,25,1,1,1,0,4.2,0,0,0.5,0.55,0.55,0,5228.347,0,1627.7249,1627.7249,1.206615732201902,4215.1285,0,166.2265,0.0,0.4929349632714889,0.4929349632714889,0.0,0.4929349632714889,0.4929349632714889,2056.0,2056.0,0.18,0.18,4.0618,4.0618,39.4193,2009.4837,2339.4899,9616.7398,0,39.4193,2009.4837,796.3661,4472.994,0
31,31,25,1,1,1,1,4.2,0,0,0.5,0.55,0.55,0,5633.0462,0,1760.1194,1760.1194,1.22652959803994,4478.574,0,178.8901,0.0,0.5293217167706556,0.5293217167706556,0.0,0.5293217167706556,0.5293217167706556,2056.0,2056.0,0.18,0.18,4.01,4.01,42.4637,2135.0764,2518.3471,10328.9334,0,42.4637,2135.0764,858.5213,4796.1808,0
32,32,25,0,0,0,0,4.2,0,0,0.6,0.55,0.55,0,0,0,0,0,0.0,0,0,0,0.0,0.0,0.0,0.0,0.0,0.0,2022.0,2022.0,0,0,0,0,0,0,0,0,0,0,0,0,0,0
33,33,25,0,0,0,1,4.2,0,0,0.6,0.55,0.55,0,404.6093,0,132.3046,132.3046,1.5440451255686611,263.4455,0,12.6635,0.0,0.036386753499166674,0.036386753499166674,0.0,0.036386753499166674,0.036386753499166674,2056.0,2056.0,0.18,0.18,3.3305,3.3305,3.0444,125.5927,178.9471,712.1936,0,3.0444,125.5927,62.2451,323.1868,0
34,34,25,0,0,1,0,4.2,0,0,0.6,0.55,0.55,0,2555.5716,0,887.3534,887.3534,1.7253404707359912,1580.6732,0,75.9812,0.0,0.22543966841875007,0.22543966841875007,0.0,0.22543966841875007,0.22543966841875007,2056.0,2056.0,0.18,0.18,3.3305,3.3305,18.2664,753.5564,1128.5039,4455.8983,0,18.2664,753.5564,413.5533,2072.7295,0
35,35,25,0,0,1,1,4.2,0,0,0.6,0.55,0.55,0,2960.1809,0,1019.658,1019.658,1.7013155867537988,1844.1187,0,88.6447,0.0,0.26182642191791666,0.26182642191791666,0.0,0.26182642191791666,0.26182642191791666,2056.0,2056.0,0.18,0.18,3.3305,3.3305,21.3108,879.1491,1307.4511,5168.0919,0,21.3108,879.1491,475.7984,2395.9163,0
36,36,25,0,1,0,0,4.2,0,0,0.6,0.55,0.55,0,1818.9331,0,442.6019,442.6019,0.6861181287698552,2107.5643,0,64.9183,0.0,0.19234873871315558,0.19234873871315558,0.0,0.19234873871315558,0.19234873871315558,2056.0,2056.0,0.18,0.18,5.2046,5.2046,15.0641,1004.7418,836.8031,3675.5421,0,15.0641,1004.7418,246.9468,1709.3546,0
37,37,25,0,1,0,1,4.2,0,0,0.6,0.55,0.55,0,2224.0744,0,575.4384,575.4384,0.782387969234828,2371.0098,0,77.5818,0.0,0.22873549221232217,0.22873549221232217,0.0,0.22873549221232217,0.22873549221232217,2056.0,2056.0,0.18,0.18,4.8983,4.8983,18.1085,1130.3346,1015.2182,4387.7356,0,18.1085,1130.3346,308.66,2032.5415,0
38,38,25,0,1,1,0,4.2,0,0,0.6,0.55,0.55,0,4376.2613,0,1331.7119,1331.7119,1.1322272095271004,3688.2374,0,140.8995,0.0,0.4177884071319054,0.4177884071319054,0.0,0.4177884071319054,0.4177884071319054,2056.0,2056.0,0.18,0.18,4.1933,4.1933,33.3305,1758.2982,1963.5504,8131.4404,0,33.3305,1758.2982,658.7435,3782.0841,0
39,39,25,0,1,1,1,4.2,0,0,0.6,0.55,0.55,0,4780.9943,0,1464.1402,1464.1402,1.159769172064912,3951.683,0,153.563,0.0,0.45417516063107216,0.45417516063107216,0.0,0.45417516063107216,0.45417516063107216,2056.0,2056.0,0.18,0.18,4.1221,4.1221,36.3749,1883.8909,2142.3739,8843.634,0,36.3749,1883.8909,720.865,4105.2709,0
40,40,25,1,0,0,0,4.2,0,0,0.6,0.55,0.55,0,851.8572,0,295.7845,295.7845,1.7276317595417494,526.8911,0,25.3271,0.0,0.07514655613958336,0.07514655613958336,0.0,0.07514655613958336,0.07514655613958336,2056.0,2056.0,0.18,0.18,3.3305,3.3305,6.0888,251.1855,376.168,1485.2994,0,6.0888,251.1855,137.8511,690.9098,0
41,41,25,1,0,0,1,4.2,0,0,0.6,0.55,0.55,0,1256.4665,0,428.089,428.089,1.6662738924844316,790.3366,0,37.9906,0.0,0.11153330963874998,0.11153330963874998,0.0,0.11153330963874998,0.11153330963874998,2056.0,2056.0,0.18,0.18,3.3305,3.3305,9.1332,376.7782,555.1151,2197.493,0,9.1332,376.7782,200.0962,1014.0966,0
42,42,25,1,0,1,0,4.2,0,0,0.6,0.55,0.55,0,3407.4288,0,1183.1379,1183.1379,1.725912722965091,2107.5643,0,101.3082,0.0,0.30058622455833345,0.30058622455833345,0.0,0.30058622455833345,0.30058622455833345,2056.0,2056.0,0.18,0.18,3.3305,3.3305,24.3552,1004.7418,1504.6719,5941.1978,0,24.3552,1004.7418,551.4044,2763.6393,0
43,43,25,1,0,1,1,4.2,0,0,0.6,0.55,0.55,0,3812.0381,0,1315.4425,1315.4425,1.7071610375235107,2371.0098,0,113.9718,0.0,0.33697297805750004,0.33697297805750004,0.0,0.33697297805750004,0.33697297805750004,2056.0,2056.0,0.18,0.18,3.3305,3.3305,27.3996,1130.3346,1683.6191,6653.3913,0,27.3996,1130.3346,613.6495,3086.8261,0
44,44,25,1,1,0,0,4.2,0,0,0.6,0.55,0.55,0,2671.7048,0,739.3009,739.3009,0.8942550088046842,2634.4553,0,90.2453,0.0,0.26749529485273893,0.26749529485273893,0.0,0.26749529485273893,0.26749529485273893,2056.0,2056.0,0.18,0.18,4.6781,4.6781,21.1529,1255.9273,1212.0565,5160.8415,0,21.1529,1255.9273,383.8834,2400.2645,0
45,45,25,1,1,0,1,4.2,0,0,0.6,0.55,0.55,0,3076.6024,0,871.8938,871.8938,0.9534978125038606,2897.9009,0,102.9089,0.0,0.3038820483519056,0.3038820483519056,0.0,0.3038820483519056,0.3038820483519056,2056.0,2056.0,0.18,0.18,4.5121,4.5121,24.1973,1381.52,1390.7154,5873.0351,0,24.1973,1381.52,445.8402,2723.4513,0
46,46,25,1,1,1,0,4.2,0,0,0.6,0.55,0.55,0,5228.347,0,1627.7249,1627.7249,1.206615732201902,4215.1285,0,166.2265,0.0,0.4929349632714889,0.4929349632714889,0.0,0.4929349632714889,0.4929349632714889,2056.0,2056.0,0.18,0.18,4.0618,4.0618,39.4193,2009.4837,2339.4899,9616.7398,0,39.4193,2009.4837,796.3661,4472.994,0
47,47,25,1,1,1,1,4.2,0,0,0.6,0.55,0.55,0,5633.0462,0,1760.1194,1760.1194,1.22652959803994,4478.574,0,178.8901,0.0,0.5293217167706556,0.5293217167706556,0.0,0.5293217167706556,0.5293217167706556,2056.0,2056.0,0.18,0.18,4.01,4.01,42.4637,2135.0764,2518.3471,10328.9334,0,42.4637,2135.0764,858.5213,4796.1808,0
48,48,25,0,0,0,0,4.2,0,0,0.4,0.65,0.65,0,0,0,0,0,0.0,0,0,0,0.0,0.0,0.0,0.0,0.0,0.0,2022.0,2022.0,0,0,0,0,0,0,0,0,0,0,0,0,0,0
49,49,25,0,0,0,1,4.2,0,0,0.4,0.65,0.65,0,481.3133,0,166.7142,166.7142,1.9386843714615671,263.4455,0,12.6635,0.0,0.04253870387583334,0.04253870387583334,0.0,0.04253870387583334,0.04253870387583334,2056.0,2056.0,0.18,0.18,2.8488,2.8488,3.5173,125.5927,212.3882,822.8115,0,3.5173,125.5927,77.56,373.3842,0
50,50,25,0,0,1,0,4.2,0,0,0.4,0.65,0.65,0,3038.5972,0,1108.3377,1108.3377,2.14854918173561,1580.6732,0,75.9812,0.0,0.26355501314375007,0.26355501314375007,0.0,0.26355501314375007,0.26355501314375007,2056.0,2056.0,0.18,0.18,2.8488,2.8488,21.1035,753.5564,1338.9224,5152.1796,0,21.1035,753.5564,511.6684,2394.666,0
51,51,25,0,0,1,1,4.2,0,0,0.4,0.65,0.65,0,3519.9106,0,1275.0519,1275.0519,2.120910482176118,1844.1187,0,88.6447,0.0,0.3060937170195832,0.3060937170195832,0.0,0.3060937170195832,0.3060937170195832,2056.0,2056.0,0.18,0.18,2.8488,2.8488,24.6208,879.1491,1551.3107,5974.9911,0,24.6208,879.1491,589.2284,2768.0502,0
52,52,25,0,1,0,0,4.2,0,0,0.4,0.65,0.65,0,2218.2705,0,624.7063,624.7063,0.9493362568764174,2107.5643,0,64.9183,0.0,0.22502365677517558,0.22502365677517558,0.0,0.22502365677517558,0.22502365677517558,2056.0,2056.0,0.18,0.18,4.4488,4.4488,17.4161,1004.7418,1012.3327,4252.7611,0,17.4161,1004.7418,329.3766,1976.2409,0
53,53,25,0,1,0,1,4.2,0,0,0.4,0.65,0.65,0,2700.1083,0,791.945,791.945,1.0604930698804935,2371.0098,0,77.5818,0.0,0.2675623606510088,0.2675623606510088,0.0,0.2675623606510088,0.2675623606510088,2056.0,2056.0,0.18,0.18,4.1875,4.1875,20.9333,1130.3346,1224.1964,5075.5726,0,20.9333,1130.3346,406.4121,2349.6251,0
54,54,25,0,1,1,0,4.2,0,0,0.4,0.65,0.65,0,5258.6001,0,1734.7765,1734.7765,1.4642144602897889,3688.2374,0,140.8995,0.0,0.48857866991892557,0.48857866991892557,0.0,0.48857866991892557,0.48857866991892557,2056.0,2056.0,0.18,0.18,3.5857,3.5857,38.5196,1758.2982,2349.5227,9404.9407,0,38.5196,1758.2982,839.3126,4370.9069,0
55,55,25,0,1,1,1,4.2,0,0,0.4,0.65,0.65,0,5740.0355,0,1901.6127,1901.6127,1.4959465244127421,3951.683,0,153.563,0.0,0.5311173737947588,0.5311173737947588,0.0,0.5311173737947588,0.5311173737947588,2056.0,2056.0,0.18,0.18,3.5249,3.5249,42.0369,1883.8909,2561.7889,10227.7522,0,42.0369,1883.8909,916.7506,4744.2911,0
56,56,25,1,0,0,0,4.2,0,0,0.4,0.65,0.65,0,1012.8657,0,369.4459,369.4459,2.1514025007020576,526.8911,0,25.3271,0.0,0.08785167104791664,0.08785167104791664,0.0,0.08785167104791664,0.08785167104791664,2056.0,2056.0,0.18,0.18,2.8488,2.8488,7.0345,251.1855,446.3075,1717.3932,0,7.0345,251.1855,170.5561,798.222,0
57,57,25,1,0,0,1,4.2,0,0,0.4,0.65,0.65,0,1494.1791,0,536.1601,536.1601,2.0803083779320275,790.3366,0,37.9906,0.0,0.13039037492375002,0.13039037492375002,0.0,0.13039037492375002,0.13039037492375002,2056.0,2056.0,0.18,0.18,2.8488,2.8488,10.5518,376.7782,658.6957,2540.2047,0,10.5518,376.7782,248.1161,1171.6062,0
58,58,25,1,0,1,0,4.2,0,0,0.4,0.65,0.65,0,4051.463,0,1477.7836,1477.7836,2.149261801696384,2107.5643,0,101.3082,0.0,0.35140668419166654,0.35140668419166654,0.0,0.35140668419166654,0.35140668419166654,2056.0,2056.0,0.18,0.18,2.8488,2.8488,28.1381,1004.7418,1785.2299,6869.5728,0,28.1381,1004.7418,682.2245,3192.888,0
59,59,25,1,0,1,1,4.2,0,0,0.4,0.65,0.65,0,4532.7763,0,1644.4978,1644.4978,2.127683488061083,2371.0098,0,113.9718,0.0,0.39394538806749996,0.39394538806749996,0.0,0.39394538806749996,0.39394538806749996,2056.0,2056.0,0.18,0.18,2.8488,2.8488,31.6553,1130.3346,1997.6181,7692.3843,0,31.6553,1130.3346,759.7845,3566.2722,0
60,60,25,1,1,0,0,4.2,0,0,0.4,0.65,0.65,0,3232.038,0,995.054,995.054,1.1895580938192802,2634.4553,0,90.2453,0.0,0.31287532782309224,0.31287532782309224,0.0,0.31287532782309224,0.31287532782309224,2056.0,2056.0,0.18,0.18,3.9996,3.9996,24.4506,1255.9273,1457.7384,5970.1543,0,24.4506,1255.9273,499.031,2774.4629,0
61,61,25,1,1,0,1,4.2,0,0,0.4,0.65,0.65,0,3713.6357,0,1162.0526,1162.0526,1.2578575952541058,2897.9009,0,102.9089,0.0,0.35541403169892544,0.35541403169892544,0.0,0.35541403169892544,0.35541403169892544,2056.0,2056.0,0.18,0.18,3.8579,3.8579,27.9678,1381.52,1669.8423,6792.9658,0,27.9678,1381.52,576.3066,3147.8471,0
62,62,25,1,1,1,0,4.2,0,0,0.4,0.65,0.65,0,6271.6913,0,2104.4478,2104.4478,1.5500702084946072,4215.1285,0,166.2265,0.0,0.576430340966842,0.576430340966842,0.0,0.576430340966842,0.576430340966842,2056.0,2056.0,0.18,0.18,3.4734,3.4734,45.5541,2009.4837,2795.6048,11122.3339,0,45.5541,2009.4837,1009.6433,5169.1289,0
63,63,25,1,1,1,1,4.2,0,0,0.4,0.65,0.65,0,6753.0934,0,2271.2508,2271.2508,1.5730048148336404,4478.574,0,178.8901,0.0,0.6189690448426757,0.6189690448426757,0.0,0.6189690448426757,0.6189690448426757,2056.0,2056.0,0.18,0.18,3.4292,3.4292,49.0714,2135.0764,3007.9042,11945.1454,0,49.0714,2135.0764,1087.1145,5542.5131,0
64,64,25,0,0,0,0,4.2,0,0,0.5,0.65,0.65,0,0,0,0,0,0.0,0,0,0,0.0,0.0,0.0,0.0,0.0,0.0,2022.0,2022.0,0,0,0,0,0,0,0,0,0,0,0,0,0,0
65,65,25,0,0,0,1,4.2,0,0,0.5,0.65,0.65,0,481.3133,0,166.7142,166.7142,1.9386843714615671,263.4455,0,12.6635,0.0,0.04253870387583334,0.04253870387583334,0.0,0.04253870387583334,0.04253870387583334,2056.0,2056.0,0.18,0.18,2.8488,2.8488,3.5173,125.5927,212.3882,822.8115,0,3.5173,125.5927,77.56,373.3842,0
66,66,25,0,0,1,0,4.2,0,0,0.5,0.65,0.65,0,3038.5972,0,1108.3377,1108.3377,2.14854918173561,1580.6732,0,75.9812,0.0,0.26355501314375007,0.26355501314375007,0.0,0.26355501314375007,0.26355501314375007,2056.0,2056.0,0.18,0.18,2.8488,2.8488,21.1035,753.5564,1338.9224,5152.1796,0,21.1035,753.5564,511.6684,2394.666,0
67,67,25,0,0,1,1,4.2,0,0,0.5,0.65,0.65,0,3519.9106,0,1275.0519,1275.0519,2.120910482176118,1844.1187,0,88.6447,0.0,0.3060937170195832,0.3060937170195832,0.0,0.3060937170195832,0.3060937170195832,2056.0,2056.0,0.18,0.18,2.8488,2.8488,24.6208,879.1491,1551.3107,5974.9911,0,24.6208,879.1491,589.2284,2768.0502,0
68,68,25,0,1,0,0,4.2,0,0,0.5,0.65,0.65,0,2218.2705,0,624.7063,624.7063,0.9493362568764174,2107.5643,0,64.9183,0.0,0.22502365677517558,0.22502365677517558,0.0,0.22502365677517558,0.22502365677517558,2056.0,2056.0,0.18,0.18,4.4488,4.4488,17.4161,1004.7418,1012.3327,4252.7611,0,17.4161,1004.7418,329.3766,1976.2409,0
69,69,25,0,1,0,1,4.2,0,0,0.5,0.65,0.65,0,2700.1083,0,791.945,791.945,1.0604930698804935,2371.0098,0,77.5818,0.0,0.2675623606510088,0.2675623606510088,0.0,0.2675623606510088,0.2675623606510088,2056.0,2056.0,0.18,0.18,4.1875,4.1875,20.9333,1130.3346,1224.1964,5075.5726,0,20.9333,1130.3346,406.4121,2349.6251,0
70,70,25,0,1,1,0,4.2,0,0,0.5,0.65,0.65,0,5258.6001,0,1734.7765,1734.7765,1.4642144602897889,3688.2374,0,140.8995,0.0,0.48857866991892557,0.48857866991892557,0.0,0.48857866991892557,0.48857866991892557,2056.0,2056.0,0.18,0.18,3.5857,3.5857,38.5196,1758.2982,2349.5227,9404.9407,0,38.5196,1758.2982,839.3126,4370.9069,0
71,71,25,0,1,1,1,4.2,0,0,0.5,0.65,0.65,0,5740.0355,0,1901.6127,1901.6127,1.4959465244127421,3951.683,0,153.563,0.0,0.5311173737947588,0.5311173737947588,0.0,0.5311173737947588,0.5311173737947588,2056.0,2056.0,0.18,0.18,3.5249,3.5249,42.0369,1883.8909,2561.7889,10227.7522,0,42.0369,1883.8909,916.7506,4744.2911,0
72,72,25,1,0,0,0,4.2,0,0,0.5,0.65,0.65,0,1012.8657,0,369.4459,369.4459,2.1514025007020576,526.8911,0,25.3271,0.0,0.08785167104791664,0.08785167104791664,0.0,0.08785167104791664,0.08785167104791664,2056.0,2056.0,0.18,0.18,2.8488,2.8488,7.0345,251.1855,446.3075,1717.3932,0,7.0345,251.1855,170.5561,798.222,0
73,73,25,1,0,0,1,4.2,0,0,0.5,0.65,0.65,0,1494.1791,0,536.1601,536.1601,2.0803083779320275,790.3366,0,37.9906,0.0,0.13039037492375002,0.13039037492375002,0.0,0.13039037492375002,0.13039037492375002,2056.0,2056.0,0.18,0.18,2.8488,2.8488,10.5518,376.7782,658.6957,2540.2047,0,10.5518,376.7782,248.1161,1171.6062,0
74,74,25,1,0,1,0,4.2,0,0,0.5,0.65,0.65,0,4051.463,0,1477.7836,1477.7836,2.149261801696384,2107.5643,0,101.3082,0.0,0.35140668419166654,0.35140668419166654,0.0,0.35140668419166654,0.35140668419166654,2056.0,2056.0,0.18,0.18,2.8488,2.8488,28.1381,1004.7418,1785.2299,6869.5728,0,28.1381,1004.7418,682.2245,3192.888,0
75,75,25,1,0,1,1,4.2,0,0,0.5,0.65,0.65,0,4532.7763,0,1644.4978,1644.4978,2.127683488061083,2371.0098,0,113.9718,0.0,0.39394538806749996,0.39394538806749996,0.0,0.39394538806749996,0.39394538806749996,2056.0,2056.0,0.18,0.18,2.8488,2.8488,31.6553,1130.3346,1997.6181,7692.3843,0,31.6553,1130.3346,759.7845,3566.2722,0
76,76,25,1,1,0,0,4.2,0,0,0.5,0.65,0.65,0,3232.038,0,995.054,995.054,1.1895580938192802,2634.4553,0,90.2453,0.0,0.31287532782309224,0.31287532782309224,0.0,0.31287532782309224,0.31287532782309224,2056.0,2056.0,0.18,0.18,3.9996,3.9996,24.4506,1255.9273,1457.7384,5970.1543,0,24.4506,1255.9273,499.031,2774.4629,0
77,77,25,1,1,0,1,4.2,0,0,0.5,0.65,0.65,0,3713.6357,0,1162.0526,1162.0526,1.2578575952541058,2897.9009,0,102.9089,0.0,0.35541403169892544,0.35541403169892544,0.0,0.35541403169892544,0.35541403169892544,2056.0,2056.0,0.18,0.18,3.8579,3.8579,27.9678,1381.52,1669.8423,6792.9658,0,27.9678,1381.52,576.3066,3147.8471,0
78,78,25,1,1,1,0,4.2,0,0,0.5,0.65,0.65,0,6271.6913,0,2104.4478,2104.4478,1.5500702084946072,4215.1285,0,166.2265,0.0,0.576430340966842,0.576430340966842,0.0,0.576430340966842,0.576430340966842,2056.0,2056.0,0.18,0.18,3.4734,3.4734,45.5541,2009.4837,2795.6048,11122.3339,0,45.5541,2009.4837,1009.6433,5169.1289,0
79,79,25,1,1,1,1,4.2,0,0,0.5,0.65,0.65,0,6753.0934,0,2271.2508,2271.2508,1.5730048148336404,4478.574,0,178.8901,0.0,0.6189690448426757,0.6189690448426757,0.0,0.6189690448426757,0.6189690448426757,2056.0,2056.0,0.18,0.18,3.4292,3.4292,49.0714,2135.0764,3007.9042,11945.1454,0,49.0714,2135.0764,1087.1145,5542.5131,0
80,80,25,0,0,0,0,4.2,0,0,0.6,0.65,0.65,0,0,0,0,0,0.0,0,0,0,0.0,0.0,0.0,0.0,0.0,0.0,2022.0,2022.0,0,0,0,0,0,0,0,0,0,0,0,0,0,0
81,81,25,0,0,0,1,4.2,0,0,0.6,0.65,0.65,0,481.3133,0,166.7142,166.7142,1.9386843714615671,263.4455,0,12.6635,0.0,0.04253870387583334,0.04253870387583334,0.0,0.04253870387583334,0.04253870387583334,2056.0,2056.0,0.18,0.18,2.8488,2.8488,3.5173,125.5927,212.3882,822.8115,0,3.5173,125.5927,77.56,373.3842,0
82,82,25,0,0,1,0,4.2,0,0,0.6,0.65,0.65,0,3038.5972,0,1108.3377,1108.3377,2.14854918173561,1580.6732,0,75.9812,0.0,0.26355501314375007,0.26355501314375007,0.0,0.26355501314375007,0.26355501314375007,2056.0,2056.0,0.18,0.18,2.8488,2.8488,21.1035,753.5564,1338.9224,5152.1796,0,21.1035,753.5564,511.6684,2394.666,0
83,83,25,0,0,1,1,4.2,0,0,0.6,0.65,0.65,0,3519.9106,0,1275.0519,1275.0519,2.120910482176118,1844.1187,0,88.6447,0.0,0.3060937170195832,0.3060937170195832,0.0,0.3060937170195832,0.3060937170195832,2056.0,2056.0,0.18,0.18,2.8488,2.8488,24.6208,879.1491,1551.3107,5974.9911,0,24.6208,879.1491,589.2284,2768.0502,0
84,84,25,0,1,0,0,4.2,0,0,0.6,0.65,0.65,0,2218.2705,0,624.7063,624.7063,0.9493362568764174,2107.5643,0,64.9183,0.0,0.22502365677517558,0.22502365677517558,0.0,0.22502365677517558,0.22502365677517558,2056.0,2056.0,0.18,0.18,4.4488,4.4488,17.4161,1004.7418,1012.3327,4252.7611,0,17.4161,1004.7418,329.3766,1976.2409,0
85,85,25,0,1,0,1,4.2,0,0,0.6,0.65,0.65,0,2700.1083,0,791.945,791.945,1.0604930698804935,2371.0098,0,77.5818,0.0,0.2675623606510088,0.2675623606510088,0.0,0.2675623606510088,0.2675623606510088,2056.0,2056.0,0.18,0.18,4.1875,4.1875,20.9333,1130.3346,1224.1964,5075.5726,0,20.9333,1130.3346,406.4121,2349.6251,0
86,86,25,0,1,1,0,4.2,0,0,0.6,0.65,0.65,0,5258.6001,0,1734.7765,1734.7765,1.4642144602897889,3688.2374,0,140.8995,0.0,0.48857866991892557,0.48857866991892557,0.0,0.48857866991892557,0.48857866991892557,2056.0,2056.0,0.18,0.18,3.5857,3.5857,38.5196,1758.2982,2349.5227,9404.9407,0,38.5196,1758.2982,839.3126,4370.9069,0
87,87,25,0,1,1,1,4.2,0,0,0.6,0.65,0.65,0,5740.0355,0,1901.6127,1901.6127,1.4959465244127421,3951.683,0,153.563,0.0,0.5311173737947588,0.5311173737947588,0.0,0.5311173737947588,0.5311173737947588,2056.0,2056.0,0.18,0.18,3.5249,3.5249,42.0369,1883.8909,2561.7889,10227.7522,0,42.0369,1883.8909,916.7506,4744.2911,0
88,88,25,1,0,0,0,4.2,0,0,0.6,0.65,0.65,0,1012.8657,0,369.4459,369.4459,2.1514025007020576,526.8911,0,25.3271,0.0,0.08785167104791664,0.08785167104791664,0.0,0.08785167104791664,0.08785167104791664,2056.0,2056.0,0.18,0.18,2.8488,2.8488,7.0345,251.1855,446.3075,1717.3932,0,7.0345,251.1855,170.5561,798.222,0
89,89,25,1,0,0,1,4.2,0,0,0.6,0.65,0.65,0,1494.1791,0,536.1601,536.1601,2.0803083779320275,790.3366,0,37.9906,0.0,0.13039037492375002,0.13039037492375002,0.0,0.13039037492375002,0.13039037492375002,2056.0,2056.0,0.18,0.18,2.8488,2.8488,10.5518,376.7782,658.6957,2540.2047,0,10.5518,376.7782,248.1161,1171.6062,0
90,90,25,1,0,1,0,4.2,0,0,0.6,0.65,0.65,0,4051.463,0,1477.7836,1477.7836,2.149261801696384,2107.5643,0,101.3082,0.0,0.35140668419166654,0.35140668419166654,0.0,0.35140668419166654,0.35140668419166654,2056.0,2056.0,0.18,0.18,2.8488,2.8488,28.1381,1004.7418,1785.2299,6869.5728,0,28.1381,1004.7418,682.2245,3192.888,0
91,91,25,1,0,1,1,4.2,0,0,0.6,0.65,0.65,0,4532.7763,0,1644.4978,1644.4978,2.127683488061083,2371.0098,0,113.9718,0.0,0.39394538806749996,0.39394538806749996,0.0,0.39394538806749996,0.39394538806749996,2056.0,2056.0,0.18,0.18,2.8488,2.8488,31.6553,1130.3346,1997.6181,7692.3843,0,31.6553,1130.3346,759.7845,3566.2722,0
92,92,25,1,1,0,0,4.2,0,0,0.6,0.65,0.65,0,3232.038,0,995.054,995.054,1.1895580938192802,2634.4553,0,90.2453,0.0,0.31287532782309224,0.31287532782309224,0.0,0.31287532782309224,0.31287532782309224,2056.0,2056.0,0.18,0.18,3.9996,3.9996,24.4506,1255.9273,1457.7384,5970.1543,0,24.4506,1255.9273,499.031,2774.4629,0
93,93,25,1,1,0,1,4.2,0,0,0.6,0.65,0.65,0,3713.6357,0,1162.0526,1162.0526,1.2578575952541058,2897.9009,0,102.9089,0.0,0.35541403169892544,0.35541403169892544,0.0,0.35541403169892544,0.35541403169892544,2056.0,2056.0,0.18,0.18,3.8579,3.8579,27.9678,1381.52,1669.8423,6792.9658,0,27.9678,1381.52,576.3066,3147.8471,0
94,94,25,1,1,1,0,4.2,0,0,0.6,0.65,0.65,0,6271.6913,0,2104.4478,2104.4478,1.5500702084946072,4215.1285,0,166.2265,0.0,0.576430340966842,0.576430340966842,0.0,0.576430340966842,0.576430340966842,2056.0,2056.0,0.18,0.18,3.4734,3.4734,45.5541,2009.4837,2795.6048,11122.3339,0,45.5541,2009.4837,1009.6433,5169.1289,0
95,95,25,1,1,1,1,4.2,0,0,0.6,0.65,0.65,0,6753.0934,0,2271.2508,2271.2508,1.5730048148336404,4478.574,0,178.8901,0.0,0.6189690448426757,0.6189690448426757,0.0,0.6189690448426757,0.6189690448426757,2056.0,2056.0,0.18,0.18,3.4292,3.4292,49.0714,2135.0764,3007.9042,11945.1454,0,49.0714,2135.0764,1087.1145,5542.5131,0
96,96,25,0,0,0,0,4.2,0,0,0.4,0.75,0.75,0,0,0,0,0,0.0,0,0,0,0.0,0.0,0.0,0.0,0.0,0.0,2022.0,2022.0,0,0,0,0,0,0,0,0,0,0,0,0,0,0
97,97,25,0,0,0,1,4.2,0,0,0.4,0.75,0.75,0,558.1178,0,201.2243,201.2243,2.333323617354474,263.4455,0,12.6635,0.0,0.048690654252500014,0.048690654252500014,0.0,0.048690654252500014,0.048690654252500014,2056.0,2056.0,0.18,0.18,2.4889,2.4889,3.9901,125.5927,245.7288,933.4295,0,3.9901,125.5927,92.7745,423.5816,0
98,98,25,0,0,1,0,4.2,0,0,0.4,0.75,0.75,0,3522.2256,0,1329.9248,1329.9248,2.571757892735229,1580.6732,0,75.9812,0.0,0.30167035786874985,0.30167035786874985,0.0,0.30167035786874985,0.30167035786874985,2056.0,2056.0,0.18,0.18,2.4889,2.4889,23.9407,753.5564,1548.7382,5848.4609,0,23.9407,753.5564,609.1807,2716.6025,0
99,99,25,0,0,1,1,4.2,0,0,0.4,0.75,0.75,0,4080.3435,0,1531.1491,1531.1491,2.5405053775984388,1844.1187,0,88.6447,0.0,0.3503610121212499,0.3503610121212499,0.0,0.3503610121212499,0.3503610121212499,2056.0,2056.0,0.18,0.18,2.4889,2.4889,27.9308,879.1491,1794.467,6781.8904,0,27.9308,879.1491,701.9551,3140.1841,0
100,100,25,0,1,0,0,4.2,0,0,0.4,0.75,0.75,0,2618.3863,0,807.5891,807.5891,1.2125543849829798,2107.5643,0,64.9183,0.0,0.2576985748371955,0.2576985748371955,0.0,0.2576985748371955,0.2576985748371955,2056.0,2056.0,0.18,0.18,3.8847,3.8847,19.7681,1004.7418,1187.0839,4829.9801,0,19.7681,1004.7418,411.028,2243.1271,0
101,101,25,0,1,0,1,4.2,0,0,0.4,0.75,0.75,0,3177.0229,0,1009.3322,1009.3322,1.3385981705261585,2371.0098,0,77.5818,0.0,0.30638922908969546,0.30638922908969546,0.0,0.30638922908969546,0.30638922908969546,2056.0,2056.0,0.18,0.18,3.6569,3.6569,23.7582,1130.3346,1432.294,5763.4096,0,23.7582,1130.3346,503.2837,2666.7087,0
102,102,25,0,1,1,0,4.2,0,0,0.4,0.75,0.75,0,6142.3258,0,2139.2278,2139.2278,1.796201711052479,3688.2374,0,140.8995,0.0,0.5593689327059456,0.5593689327059456,0.0,0.5593689327059456,0.5593689327059456,2056.0,2056.0,0.18,0.18,3.1319,3.1319,43.7088,1758.2982,2734.1083,10678.441,0,43.7088,1758.2982,1018.4948,4959.7296,0
103,103,25,0,1,1,1,4.2,0,0,0.4,0.75,0.75,0,6700.5643,0,2340.5728,2340.5728,1.8321238767605732,3951.683,0,153.563,0.0,0.6080595869584455,0.6080595869584455,0.0,0.6080595869584455,0.6080595869584455,2056.0,2056.0,0.18,0.18,3.0789,3.0789,47.6989,1883.8909,2979.7164,11611.8705,0,47.6989,1883.8909,1111.1486,5383.3112,0
104,104,25,1,0,0,0,4.2,0,0,0.4,0.75,0.75,0,1174.0752,0,443.3083,443.3083,2.5751732418623683,526.8911,0,25.3271,0.0,0.10055678595624999,0.10055678595624999,0.0,0.10055678595624999,0.10055678595624999,2056.0,2056.0,0.18,0.18,2.4889,2.4889,7.9802,251.1855,516.2461,1949.487,0,7.9802,251.1855,203.0602,905.5342,0
105,105,25,1,0,0,1,4.2,0,0,0.4,0.75,0.75,0,1732.193,0,644.5326,644.5326,2.4943428633796243,790.3366,0,37.9906,0.0,0.14924744020875,0.14924744020875,0.0,0.14924744020875,0.14924744020875,2056.0,2056.0,0.18,0.18,2.4889,2.4889,11.9703,376.7782,761.9749,2882.9165,0,11.9703,376.7782,295.8347,1329.1158,0
106,106,25,1,0,1,0,4.2,0,0,0.4,0.75,0.75,0,4696.3009,0,1773.233,1773.233,2.5726108804276793,2107.5643,0,101.3082,0.0,0.402227143825,0.402227143825,0.0,0.402227143825,0.402227143825,2056.0,2056.0,0.18,0.18,2.4889,2.4889,31.9209,1004.7418,2064.9842,7797.9479,0,31.9209,1004.7418,812.2409,3622.1367,0
107,107,25,1,0,1,1,4.2,0,0,0.4,0.75,0.75,0,5254.4187,0,1974.4573,1974.4573,2.5482059385986555,2371.0098,0,113.9718,0.0,0.4509177980775,0.4509177980775,0.0,0.4509177980775,0.4509177980775,2056.0,2056.0,0.18,0.18,2.4889,2.4889,35.911,1130.3346,2310.7131,8731.3774,0,35.911,1130.3346,905.0154,4045.7183,0
108,108,25,1,1,0,0,4.2,0,0,0.4,0.75,0.75,0,3793.3535,0,1251.7894,1251.7894,1.4848611788338764,2634.4553,0,90.2453,0.0,0.3582553607934455,0.3582553607934455,0.0,0.3582553607934455,0.3582553607934455,2056.0,2056.0,0.18,0.18,3.4929,3.4929,27.7483,1255.9273,1702.438,6779.4671,0,27.7483,1255.9273,613.1963,3148.6612,0
109,109,25,1,1,0,1,4.2,0,0,0.4,0.75,0.75,0,4351.7526,0,1453.295,1453.295,1.562217378004351,2897.9009,0,102.9089,0.0,0.40694601504594563,0.40694601504594563,0.0,0.40694601504594563,0.40694601504594563,2056.0,2056.0,0.18,0.18,3.3694,3.3694,31.7384,1381.52,1947.8855,7712.8966,0,31.7384,1381.52,705.6894,3572.2429,0
110,110,25,1,1,1,0,4.2,0,0,0.4,0.75,0.75,0,7316.6241,0,2582.7591,2582.7591,1.893524684787313,4215.1285,0,166.2265,0.0,0.6599257186621954,0.6599257186621954,0.0,0.6599257186621954,0.6599257186621954,2056.0,2056.0,0.18,0.18,3.034,3.034,51.689,2009.4837,3250.1312,12627.928,0,51.689,2009.4837,1221.332,5865.2637,0
111,111,25,1,1,1,1,4.2,0,0,0.4,0.75,0.75,0,7874.8297,0,2784.0713,2784.0713,1.9194800316273417,4478.574,0,178.8901,0.0,0.7086163729146953,0.7086163729146953,0.0,0.7086163729146953,0.7086163729146953,2056.0,2056.0,0.18,0.18,2.9954,2.9954,55.6791,2135.0764,3495.7722,13561.3575,0,55.6791,2135.0764,1314.0186,6288.8454,0
112,112,25,0,0,0,0,4.2,0,0,0.5,0.75,0.75,0,0,0,0,0,0.0,0,0,0,0.0,0.0,0.0,0.0,0.0,0.0,2022.0,2022.0,0,0,0,0,0,0,0,0,0,0,0,0,0,0
113,113,25,0,0,0,1,4.2,0,0,0.5,0.75,0.75,0,558.1178,0,201.2243,201.2243,2.333323617354474,263.4455,0,12.6635,0.0,0.048690654252500014,0.048690654252500014,0.0,0.048690654252500014,0.048690654252500014,2056.0,2056.0,0.18,0.18,2.4889,2.4889,3.9901,125.5927,245.7288,933.4295,0,3.9901,125.5927,92.7745,423.5816,0
114,114,25,0,0,1,0,4.2,0,0,0.5,0.75,0.75,0,3522.2256,0,1329.9248,1329.9248,2.571757892735229,1580.6732,0,75.9812,0.0,0.30167035786874985,0.30167035786874985,0.0,0.30167035786874985,0.30167035786874985,2056.0,2056.0,0.18,0.18,2.4889,2.4889,23.9407,753.5564,1548.7382,5848.4609,0,23.9407,753.5564,609.1807,2716.6025,0
115,115,25,0,0,1,1,4.2,0,0,0.5,0.75,0.75,0,4080.3435,0,1531.1491,1531.1491,2.5405053775984388,1844.1187,0,88.6447,0.0,0.3503610121212499,0.3503610121212499,0.0,0.3503610121212499,0.3503610121212499,2056.0,2056.0,0.18,0.18,2.4889,2.4889,27.9308,879.1491,1794.467,6781.8904,0,27.9308,879.1491,701.9551,3140.1841,0
116,116,25,0,1,0,0,4.2,0,0,0.5,0.75,0.75,0,2618.3863,0,807.5891,807.5891,1.2125543849829798,2107.5643,0,64.9183,0.0,0.2576985748371955,0.2576985748371955,0.0,0.2576985748371955,0.2576985748371955,2056.0,2056.0,0.18,0.18,3.8847,3.8847,19.7681,1004.7418,1187.0839,4829.9801,0,19.7681,1004.7418,411.028,2243.1271,0
117,117,25,0,1,0,1,4.2,0,0,0.5,0.75,0.75,0,3177.0229,0,1009.3322,1009.3322,1.3385981705261585,2371.0098,0,77.5818,0.0,0.30638922908969546,0.30638922908969546,0.0,0.30638922908969546,0.30638922908969546,2056.0,2056.0,0.18,0.18,3.6569,3.6569,23.7582,1130.3346,1432.294,5763.4096,0,23.7582,1130.3346,503.2837,2666.7087,0
118,118,25,0,1,1,0,4.2,0,0,0.5,0.75,0.75,0,6142.3258,0,2139.2278,2139.2278,1.796201711052479,3688.2374,0,140.8995,0.0,0.5593689327059456,0.5593689327059456,0.0,0.5593689327059456,0.5593689327059456,2056.0,2056.0,0.18,0.18,3.1319,3.1319,43.7088,1758.2982,2734.1083,10678.441,0,43.7088,1758.2982,1018.4948,4959.7296,0
119,119,25,0,1,1,1,4.2,0,0,0.5,0.75,0.75,0,6700.5643,0,2340.5728,2340.5728,1.8321238767605732,3951.683,0,153.563,0.0,0.6080595869584455,0.6080595869584455,0.0,0.6080595869584455,0.6080595869584455,2056.0,2056.0,0.18,0.18,3.0789,3.0789,47.6989,1883.8909,2979.7164,11611.8705,0,47.6989,1883.8909,1111.1486,5383.3112,0
120,120,25,1,0,0,0,4.2,0,0,0.5,0.75,0.75,0,1174.0752,0,443.3083,443.3083,2.5751732418623683,526.8911,0,25.3271,0.0,0.10055678595624999,0.10055678595624999,0.0,0.10055678595624999,0.10055678595624999,2056.0,2056.0,0.18,0.18,2.4889,2.4889,7.9802,251.1855,516.2461,1949.487,0,7.9802,251.1855,203.0602,905.5342,0
121,121,25,1,0,0,1,4.2,0,0,0.5,0.75,0.75,0,1732.193,0,644.5326,644.5326,2.4943428633796243,790.3366,0,37.9906,0.0,0.14924744020875,0.14924744020875,0.0,0.14924744020875,0.14924744020875,2056.0,2056.0,0.18,0.18,2.4889,2.4889,11.9703,376.7782,761.9749,2882.9165,0,11.9703,376.7782,295.8347,1329.1158,0
122,122,25,1,0,1,0,4.2,0,0,0.5,0.75,0.75,0,4696.3009,0,1773.233,1773.233,2.5726108804276793,2107.5643,0,101.3082,0.0,0.402227143825,0.402227143825,0.0,0.402227143825,0.402227143825,2056.0,2056.0,0.18,0.18,2.4889,2.4889,31.9209,1004.7418,2064.9842,7797.9479,0,31.9209,1004.7418,812.2409,3622.1367,0
123,123,25,1,0,1,1,4.2,0,0,0.5,0.75,0.75,0,5254.4187,0,1974.4573,1974.4573,2.5482059385986555,2371.0098,0,113.9718,0.0,0.4509177980775,0.4509177980775,0.0,0.4509177980775,0.4509177980775,2056.0,2056.0,0.18,0.18,2.4889,2.4889,35.911,1130.3346,2310.7131,8731.3774,0,35.911,1130.3346,905.0154,4045.7183,0
124,124,25,1,1,0,0,4.2,0,0,0.5,0.75,0.75,0,3793.3535,0,1251.7894,1251.7894,1.4848611788338764,2634.4553,0,90.2453,0.0,0.3582553607934455,0.3582553607934455,0.0,0.3582553607934455,0.3582553607934455,2056.0,2056.0,0.18,0.18,3.4929,3.4929,27.7483,1255.9273,1702.438,6779.4671,0,27.7483,1255.9273,613.1963,3148.6612,0
125,125,25,1,1,0,1,4.2,0,0,0.5,0.75,0.75,0,4351.7526,0,1453.295,1453.295,1.562217378004351,2897.9009,0,102.9089,0.0,0.40694601504594563,0.40694601504594563,0.0,0.40694601504594563,0.40694601504594563,2056.0,2056.0,0.18,0.18,3.3694,3.3694,31.7384,1381.52,1947.8855,7712.8966,0,31.7384,1381.52,705.6894,3572.2429,0
126,126,25,1,1,1,0,4.2,0,0,0.5,0.75,0.75,0,7316.6241,0,2582.7591,2582.7591,1.893524684787313,4215.1285,0,166.2265,0.0,0.6599257186621954,0.6599257186621954,0.0,0.6599257186621954,0.6599257186621954,2056.0,2056.0,0.18,0.18,3.034,3.034,51.689,2009.4837,3250.1312,12627.928,0,51.689,2009.4837,1221.332,5865.2637,0
127,127,25,1,1,1,1,4.2,0,0,0.5,0.75,0.75,0,7874.8297,0,2784.0713,2784.0713,1.9194800316273417,4478.574,0,178.8901,0.0,0.7086163729146953,0.7086163729146953,0.0,0.7086163729146953,0.7086163729146953,2056.0,2056.0,0.18,0.18,2.9954,2.9954,55.6791,2135.0764,3495.7722,13561.3575,0,55.6791,2135.0764,1314.0186,6288.8454,0
128,128,25,0,0,0,0,4.2,0,0,0.6,0.75,0.75,0,0,0,0,0,0.0,0,0,0,0.0,0.0,0.0,0.0,0.0,0.0,2022.0,2022.0,0,0,0,0,0,0,0,0,0,0,0,0,0,0
129,129,25,0,0,0,1,4.2,0,0,0.6,0.75,0.75,0,558.1178,0,201.2243,201.2243,2.333323617354474,263.4455,0,12.6635,0.0,0.048690654252500014,0.048690654252500014,0.0,0.048690654252500014,0.048690654252500014,2056.0,2056.0,0.18,0.18,2.4889,2.4889,3.9901,125.5927,245.7288,933.4295,0,3.9901,125.5927,92.7745,423.5816,0
130,130,25,0,0,1,0,4.2,0,0,0.6,0.75,0.75,0,3522.2256,0,1329.9248,1329.9248,2.571757892735229,1580.6732,0,75.9812,0.0,0.30167035786874985,0.30167035786874985,0.0,0.30167035786874985,0.30167035786874985,2056.0,2056.0,0.18,0.18,2.4889,2.4889,23.9407,753.5564,1548.7382,5848.4609,0,23.9407,753.5564,609.1807,2716.6025,0
131,131,25,0,0,1,1,4.2,0,0,0.6,0.75,0.75,0,4080.3435,0,1531.1491,1531.1491,2.5405053775984388,1844.1187,0,88.6447,0.0,0.3503610121212499,0.3503610121212499,0.0,0.3503610121212499,0.3503610121212499,2056.0,2056.0,0.18,0.18,2.4889,2.4889,27.9308,879.1491,1794.467,6781.8904,0,27.9308,879.1491,701.9551,3140.1841,0
132,132,25,0,1,0,0,4.2,0,0,0.6,0.75,0.75,0,2618.3863,0,807.5891,807.5891,1.2125543849829798,2107.5643,0,64.9183,0.0,0.2576985748371955,0.2576985748371955,0.0,0.2576985748371955,0.2576985748371955,2056.0,2056.0,0.18,0.18,3.8847,3.8847,19.7681,1004.7418,1187.0839,4829.9801,0,19.7681,1004.7418,411.028,2243.1271,0
133,133,25,0,1,0,1,4.2,0,0,0.6,0.75,0.75,0,3177.0229,0,1009.3322,1009.3322,1.3385981705261585,2371.0098,0,77.5818,0.0,0.30638922908969546,0.30638922908969546,0.0,0.30638922908969546,0.30638922908969546,2056.0,2056.0,0.18,0.18,3.6569,3.6569,23.7582,1130.3346,1432.294,5763.4096,0,23.7582,1130.3346,503.2837,2666.7087,0
134,134,25,0,1,1,0,4.2,0,0,0.6,0.75,0.75,0,6142.3258,0,2139.2278,2139.2278,1.796201711052479,3688.2374,0,140.8995,0.0,0.5593689327059456,0.5593689327059456,0.0,0.5593689327059456,0.5593689327059456,2056.0,2056.0,0.18,0.18,3.1319,3.1319,43.7088,1758.2982,2734.1083,10678.441,0,43.7088,1758.2982,1018.4948,4959.7296,0
135,135,25,0,1,1,1,4.2,0,0,0.6,0.75,0.75,0,6700.5643,0,2340.5728,2340.5728,1.8321238767605732,3951.683,0,153.563,0.0,0.6080595869584455,0.6080595869584455,0.0,0.6080595869584455,0.6080595869584455,2056.0,2056.0,0.18,0.18,3.0789,3.0789,47.6989,1883.8909,2979.7164,11611.8705,0,47.6989,1883.8909,1111.1486,5383.3112,0
136,136,25,1,0,0,0,4.2,0,0,0.6,0.75,0.75,0,1174.0752,0,443.3083,443.3083,2.5751732418623683,526.8911,0,25.3271,0.0,0.10055678595624999,0.10055678595624999,0.0,0.10055678595624999,0.10055678595624999,2056.0,2056.0,0.18,0.18,2.4889,2.4889,7.9802,251.1855,516.2461,1949.487,0,7.9802,251.1855,203.0602,905.5342,0
137,137,25,1,0,0,1,4.2,0,0,0.6,0.75,0.75,0,1732.193,0,644.5326,644.5326,2.4943428633796243,790.3366,0,37.9906,0.0,0.14924744020875,0.14924744020875,0.0,0.14924744020875,0.14924744020875,2056.0,2056.0,0.18,0.18,2.4889,2.4889,11.9703,376.7782,761.9749,2882.9165,0,11.9703,376.7782,295.8347,1329.1158,0
138,138,25,1,0,1,0,4.2,0,0,0.6,0.75,0.75,0,4696.3009,0,1773.233,1773.233,2.5726108804276793,2107.5643,0,101.3082,0.0,0.402227143825,0.402227143825,0.0,0.402227143825,0.402227143825,2056.0,2056.0,0.18,0.18,2.4889,2.4889,31.9209,1004.7418,2064.9842,7797.9479,0,31.9209,1004.7418,812.2409,3622.1367,0
139,139,25,1,0,1,1,4.2,0,0,0.6,0.75,0.75,0,5254.4187,0,1974.4573,1974.4573,2.5482059385986555,2371.0098,0,113.9718,0.0,0.4509177980775,0.4509177980775,0.0,0.4509177980775,0.4509177980775,2056.0,2056.0,0.18,0.18,2.4889,2.4889,35.911,1130.3346,2310.7131,8731.3774,0,35.911,1130.3346,905.0154,4045.7183,0
140,140,25,1,1,0,0,4.2,0,0,0.6,0.75,0.75,0,3793.3535,0,1251.7894,1251.7894,1.4848611788338764,2634.4553,0,90.2453,0.0,0.3582553607934455,0.3582553607934455,0.0,0.3582553607934455,0.3582553607934455,2056.0,2056.0,0.18,0.18,3.4929,3.4929,27.7483,1255.9273,1702.438,6779.4671,0,27.7483,1255.9273,613.1963,3148.6612,0
141,141,25,1,1,0,1,4.2,0,0,0.6,0.75,0.75,0,4351.7526,0,1453.295,1453.295,1.562217378004351,2897.9009,0,102.9089,0.0,0.40694601504594563,0.40694601504594563,0.0,0.40694601504594563,0.40694601504594563,2056.0,2056.0,0.18,0.18,3.3694,3.3694,31.7384,1381.52,1947.8855,7712.8966,0,31.7384,1381.52,705.6894,3572.2429,0
142,142,25,1,1,1,0,4.2,0,0,0.6,0.75,0.75,0,7316.6241,0,2582.7591,2582.7591,1.893524684787313,4215.1285,0,166.2265,0.0,0.6599257186621954,0.6599257186621954,0.0,0.6599257186621954,0.6599257186621954,2056.0,2056.0,0.18,0.18,3.034,3.034,51.689,2009.4837,3250.1312,12627.928,0,51.689,2009.4837,1221.332,5865.2637,0
143,143,25,1,1,1,1,4.2,0,0,0.6,0.75,0.75,0,7874.8297,0,2784.0713,2784.0713,1.9194800316273417,4478.574,0,178.8901,0.0,0.7086163729146953,0.7086163729146953,0.0,0.7086163729146953,0.7086163729146953,2056.0,2056.0,0.18,0.18,2.9954,2.9954,55.6791,2135.0764,3495.7722,13561.3575,0,55.6791,2135.0764,1314.0186,6288.8454,0
144,144,25,0,0,0,0,4.2,0,1,0.4,0.55,0.55,0,0,0,0,0,0.0,0,0,0,0.0,0.0,0.0,0.0,0.0,0.0,2022.0,2022.0,0,0,0,0,0,0,0,0,0,0,0,0,0,0
145,145,25,0,0,0,1,4.2,0,1,0.4,0.55,0.55,0,328.067,0,98.0567,98.0567,1.149405879675754,263.4455,0,12.6635,0.0,0.030234803122499997,0.030234803122499997,0.0,0.030234803122499997,0.030234803122499997,2056.0,2056.0,0.18,0.18,4.0081,4.0081,2.5715,125.5927,145.3443,601.5756,0,2.5715,125.5927,46.7684,272.9894,0
146,146,25,0,0,1,0,4.2,0,1,0.4,0.55,0.55,0,2073.5166,0,667.3398,667.3398,1.3021317597363722,1580.6732,0,75.9812,0.0,0.18732432369375002,0.18732432369375002,0.0,0.18732432369375002,0.18732432369375002,2056.0,2056.0,0.18,0.18,4.0081,4.0081,15.4293,753.5564,917.1148,3759.617,0,15.4293,753.5564,314.4676,1750.793,0
147,147,25,0,0,1,1,4.2,0,1,0.4,0.55,0.55,0,2401.5836,0,765.3965,765.3965,1.2817206913314791,1844.1187,0,88.6447,0.0,0.21755912681624998,0.21755912681624998,0.0,0.21755912681624998,0.21755912681624998,2056.0,2056.0,0.18,0.18,4.0081,4.0081,18.0008,879.1491,1062.4591,4361.1927,0,18.0008,879.1491,361.236,2023.7824,0
148,148,25,0,1,0,0,4.2,0,1,0.4,0.55,0.55,0,1420.852,0,261.7537,261.7537,0.42290000066329286,2107.5643,0,64.9183,0.0,0.15967382065113556,0.15967382065113556,0.0,0.15967382065113556,0.15967382065113556,2056.0,2056.0,0.18,0.18,6.2696,6.2696,12.7121,1004.7418,660.0171,3098.323,0,12.7121,1004.7418,163.2608,1442.4684,0
149,149,25,0,1,0,1,4.2,0,1,0.4,0.55,0.55,0,1749.4611,0,360.3526,360.3526,0.504282868589163,2371.0098,0,77.5818,0.0,0.18990862377363546,0.18990862377363546,0.0,0.18990862377363546,0.18990862377363546,2056.0,2056.0,0.18,0.18,5.8997,5.8997,15.2836,1130.3346,804.8193,3699.8987,0,15.2836,1130.3346,209.4871,1715.4578,0
150,150,25,0,1,1,0,4.2,0,1,0.4,0.55,0.55,0,3496.158,0,930.8829,930.8829,0.8002399587644105,3688.2374,0,140.8995,0.0,0.34699814434488535,0.34699814434488535,0.0,0.34699814434488535,0.34699814434488535,2056.0,2056.0,0.18,0.18,5.0488,5.0488,28.1413,1758.2982,1575.3426,6857.9401,0,28.1413,1758.2982,475.939,3193.2614,0
151,151,25,0,1,1,1,4.2,0,1,0.4,0.55,0.55,0,3824.3509,0,1029.0655,1029.0655,0.8235918197170801,3951.683,0,153.563,0.0,0.3772329474673855,0.3772329474673855,0.0,0.3772329474673855,0.3772329474673855,2056.0,2056.0,0.18,0.18,4.9629,4.9629,30.7129,1883.8909,1720.561,7459.5157,0,30.7129,1883.8909,522.5815,3466.2508,0
152,152,25,1,0,0,0,4.2,0,1,0.4,0.55,0.55,0,691.1722,0,222.4466,222.4466,1.30386101838144,526.8911,0,25.3271,0.0,0.06244144123124997,0.06244144123124997,0.0,0.06244144123124997,0.06244144123124997,2056.0,2056.0,0.18,0.18,4.0081,4.0081,5.1431,251.1855,305.7049,1253.2057,0,5.1431,251.1855,104.8225,583.5977,0
153,153,25,1,0,0,1,4.2,0,1,0.4,0.55,0.55,0,1019.2392,0,320.5033,320.5033,1.2522394070368346,790.3366,0,37.9906,0.0,0.09267624435374999,0.09267624435374999,0.0,0.09267624435374999,0.09267624435374999,2056.0,2056.0,0.18,0.18,4.0081,4.0081,7.7146,376.7782,451.0492,1854.7813,0,7.7146,376.7782,151.591,856.5871,0
154,154,25,1,0,1,0,4.2,0,1,0.4,0.55,0.55,0,2764.6888,0,889.7864,889.7864,1.302563644233797,2107.5643,0,101.3082,0.0,0.2497657649249999,0.2497657649249999,0.0,0.2497657649249999,0.2497657649249999,2056.0,2056.0,0.18,0.18,4.0081,4.0081,20.5724,1004.7418,1222.8197,5012.8227,0,20.5724,1004.7418,419.2901,2334.3907,0
155,155,25,1,0,1,1,4.2,0,1,0.4,0.55,0.55,0,3092.7558,0,987.8431,987.8431,1.2866385869859385,2371.0098,0,113.9718,0.0,0.2800005680475,0.2800005680475,0.0,0.2800005680475,0.2800005680475,2056.0,2056.0,0.18,0.18,4.0081,4.0081,23.1439,1130.3346,1368.164,5614.3983,0,23.1439,1130.3346,466.0585,2607.3801,0
156,156,25,1,1,0,0,4.2,0,1,0.4,0.55,0.55,0,2112.956,0,485.1321,485.1321,0.5989519237900882,2634.4553,0,90.2453,0.0,0.22211526188238545,0.22211526188238545,0.0,0.22211526188238545,0.22211526188238545,2056.0,2056.0,0.18,0.18,5.6339,5.6339,17.8552,1255.9273,964.7903,4351.5287,0,17.8552,1255.9273,267.1515,2026.0661,0
157,157,25,1,1,0,1,4.2,0,1,0.4,0.55,0.55,0,2441.3167,0,583.4825,583.4825,0.6491380297536153,2897.9009,0,102.9089,0.0,0.2523500650048855,0.2523500650048855,0.0,0.2523500650048855,0.2523500650048855,2056.0,2056.0,0.18,0.18,5.4335,5.4335,20.4267,1381.52,1109.8409,4953.1043,0,20.4267,1381.52,313.6263,2299.0555,0
158,158,25,1,1,1,0,4.2,0,1,0.4,0.55,0.55,0,4187.5628,0,1153.5621,1153.5621,0.8631612559091961,4215.1285,0,166.2265,0.0,0.40943958557613536,0.40943958557613536,0.0,0.40943958557613536,0.40943958557613536,2056.0,2056.0,0.18,0.18,4.8901,4.8901,33.2844,2009.4837,1880.8149,8111.1458,0,33.2844,2009.4837,580.5289,3776.8591,0
159,159,25,1,1,1,1,4.2,0,1,0.4,0.55,0.55,0,4515.7214,0,1251.7104,1251.7104,0.8800543812462389,4478.574,0,178.8901,0.0,0.4396743886986356,0.4396743886986356,0.0,0.4396743886986356,0.4396743886986356,2056.0,2056.0,0.18,0.18,4.8276,4.8276,35.856,2135.0764,2026.0676,8712.7214,0,35.856,2135.0764,627.2057,4049.8485,0
160,160,25,0,0,0,0,4.2,0,1,0.5,0.55,0.55,0,0,0,0,0,0.0,0,0,0,0.0,0.0,0.0,0.0,0.0,0.0,2022.0,2022.0,0,0,0,0,0,0,0,0,0,0,0,0,0,0
161,161,25,0,0,0,1,4.2,0,1,0.5,0.55,0.55,0,328.067,0,98.0567,98.0567,1.149405879675754,263.4455,0,12.6635,0.0,0.030234803122499997,0.030234803122499997,0.0,0.030234803122499997,0.030234803122499997,2056.0,2056.0,0.18,0.18,4.0081,4.0081,2.5715,125.5927,145.3443,601.5756,0,2.5715,125.5927,46.7684,272.9894,0
162,162,25,0,0,1,0,4.2,0,1,0.5,0.55,0.55,0,2073.5166,0,667.3398,667.3398,1.3021317597363722,1580.6732,0,75.9812,0.0,0.18732432369375002,0.18732432369375002,0.0,0.18732432369375002,0.18732432369375002,2056.0,2056.0,0.18,0.18,4.0081,4.0081,15.4293,753.5564,917.1148,3759.617,0,15.4293,753.5564,314.4676,1750.793,0
163,163,25,0,0,1,1,4.2,0,1,0.5,0.55,0.55,0,2401.5836,0,765.3965,765.3965,1.2817206913314791,1844.1187,0,88.6447,0.0,0.21755912681624998,0.21755912681624998,0.0,0.21755912681624998,0.21755912681624998,2056.0,2056.0,0.18,0.18,4.0081,4.0081,18.0008,879.1491,1062.4591,4361.1927,0,18.0008,879.1491,361.236,2023.7824,0
164,164,25,0,1,0,0,4.2,0,1,0.5,0.55,0.55,0,1420.852,0,261.7537,261.7537,0.42290000066329286,2107.5643,0,64.9183,0.0,0.15967382065113556,0.15967382065113556,0.0,0.15967382065113556,0.15967382065113556,2056.0,2056.0,0.18,0.18,6.2696,6.2696,12.7121,1004.7418,660.0171,3098.323,0,12.7121,1004.7418,163.2608,1442.4684,0
165,165,25,0,1,0,1,4.2,0,1,0.5,0.55,0.55,0,1749.4611,0,360.3526,360.3526,0.504282868589163,2371.0098,0,77.5818,0.0,0.18990862377363546,0.18990862377363546,0.0,0.18990862377363546,0.18990862377363546,2056.0,2056.0,0.18,0.18,5.8997,5.8997,15.2836,1130.3346,804.8193,3699.8987,0,15.2836,1130.3346,209.4871,1715.4578,0
166,166,25,0,1,1,0,4.2,0,1,0.5,0.55,0.55,0,3496.158,0,930.8829,930.8829,0.8002399587644105,3688.2374,0,140.8995,0.0,0.34699814434488535,0.34699814434488535,0.0,0.34699814434488535,0.34699814434488535,2056.0,2056.0,0.18,0.18,5.0488,5.0488,28.1413,1758.2982,1575.3426,6857.9401,0,28.1413,1758.2982,475.939,3193.2614,0
167,167,25,0,1,1,1,4.2,0,1,0.5,0.55,0.55,0,3824.3509,0,1029.0655,1029.0655,0.8235918197170801,3951.683,0,153.563,0.0,0.3772329474673855,0.3772329474673855,0.0,0.3772329474673855,0.3772329474673855,2056.0,2056.0,0.18,0.18,4.9629,4.9629,30.7129,1883.8909,1720.561,7459.5157,0,30.7129,1883.8909,522.5815,3466.2508,0
168,168,25,1,0,0,0,4.2,0,1,0.5,0.55,0.55,0,691.1722,0,222.4466,222.4466,1.30386101838144,526.8911,0,25.3271,0.0,0.06244144123124997,0.06244144123124997,0.0,0.06244144123124997,0.06244144123124997,2056.0,2056.0,0.18,0.18,4.0081,4.0081,5.1431,251.1855,305.7049,1253.2057,0,5.1431,251.1855,104.8225,583.5977,0
169,169,25,1,0,0,1,4.2,0,1,0.5,0.55,0.55,0,1019.2392,0,320.5033,320.5033,1.2522394070368346,790.3366,0,37.9906,0.0,0.09267624435374999,0.09267624435374999,0.0,0.09267624435374999,0.09267624435374999,2056.0,2056.0,0.18,0.18,4.0081,4.0081,7.7146,376.7782,451.0492,1854.7813,0,7.7146,376.7782,151.591,856.5871,0
170,170,25,1,0,1,0,4.2,0,1,0.5,0.55,0.55,0,2764.6888,0,889.7864,889.7864,1.302563644233797,2107.5643,0,101.3082,0.0,0.2497657649249999,0.2497657649249999,0.0,0.2497657649249999,0.2497657649249999,2056.0,2056.0,0.18,0.18,4.0081,4.0081,20.5724,1004.7418,1222.8197,5012.8227,0,20.5724,1004.7418,419.2901,2334.3907,0
171,171,25,1,0,1,1,4.2,0,1,0.5,0.55,0.55,0,3092.7558,0,987.8431,987.8431,1.2866385869859385,2371.0098,0,113.9718,0.0,0.2800005680475,0.2800005680475,0.0,0.2800005680475,0.2800005680475,2056.0,2056.0,0.18,0.18,4.0081,4.0081,23.1439,1130.3346,1368.164,5614.3983,0,23.1439,1130.3346,466.0585,2607.3801,0
172,172,25,1,1,0,0,4.2,0,1,0.5,0.55,0.55,0,2112.956,0,485.1321,485.1321,0.5989519237900882,2634.4553,0,90.2453,0.0,0.22211526188238545,0.22211526188238545,0.0,0.22211526188238545,0.22211526188238545,2056.0,2056.0,0.18,0.18,5.6339,5.6339,17.8552,1255.9273,964.7903,4351.5287,0,17.8552,1255.9273,267.1515,2026.0661,0
173,173,25,1,1,0,1,4.2,0,1,0.5,0.55,0.55,0,2441.3167,0,583.4825,583.4825,0.6491380297536153,2897.9009,0,102.9089,0.0,0.2523500650048855,0.2523500650048855,0.0,0.2523500650048855,0.2523500650048855,2056.0,2056.0,0.18,0.18,5.4335,5.4335,20.4267,1381.52,1109.8409,4953.1043,0,20.4267,1381.52,313.6263,2299.0555,0
174,174,25,1,1,1,0,4.2,0,1,0.5,0.55,0.55,0,4187.5628,0,1153.5621,1153.5621,0.8631612559091961,4215.1285,0,166.2265,0.0,0.40943958557613536,0.40943958557613536,0.0,0.40943958557613536,0.40943958557613536,2056.0,2056.0,0.18,0.18,4.8901,4.8901,33.2844,2009.4837,1880.8149,8111.1458,0,33.2844,2009.4837,580.5289,3776.8591,0
175,175,25,1,1,1,1,4.2,0,1,0.5,0.55,0.55,0,4515.7214,0,1251.7104,1251.7104,0.8800543812462389,4478.574,0,178.8901,0.0,0.4396743886986356,0.4396743886986356,0.0,0.4396743886986356,0.4396743886986356,2056.0,2056.0,0.18,0.18,4.8276,4.8276,35.856,2135.0764,2026.0676,8712.7214,0,35.856,2135.0764,627.2057,4049.8485,0
176,176,25,0,0,0,0,4.2,0,1,0.6,0.55,0.55,0,0,0,0,0,0.0,0,0,0,0.0,0.0,0.0,0.0,0.0,0.0,2022.0,2022.0,0,0,0,0,0,0,0,0,0,0,0,0,0,0
177,177,25,0,0,0,1,4.2,0,1,0.6,0.55,0.55,0,328.067,0,98.0567,98.0567,1.149405879675754,263.4455,0,12.6635,0.0,0.030234803122499997,0.030234803122499997,0.0,0.030234803122499997,0.030234803122499997,2056.0,2056.0,0.18,0.18,4.0081,4.0081,2.5715,125.5927,145.3443,601.5756,0,2.5715,125.5927,46.7684,272.9894,0
178,178,25,0,0,1,0,4.2,0,1,0.6,0.55,0.55,0,2073.5166,0,667.3398,667.3398,1.3021317597363722,1580.6732,0,75.9812,0.0,0.18732432369375002,0.18732432369375002,0.0,0.18732432369375002,0.18732432369375002,2056.0,2056.0,0.18,0.18,4.0081,4.0081,15.4293,753.5564,917.1148,3759.617,0,15.4293,753.5564,314.4676,1750.793,0
179,179,25,0,0,1,1,4.2,0,1,0.6,0.55,0.55,0,2401.5836,0,765.3965,765.3965,1.2817206913314791,1844.1187,0,88.6447,0.0,0.21755912681624998,0.21755912681624998,0.0,0.21755912681624998,0.21755912681624998,2056.0,2056.0,0.18,0.18,4.0081,4.0081,18.0008,879.1491,1062.4591,4361.1927,0,18.0008,879.1491,361.236,2023.7824,0
180,180,25,0,1,0,0,4.2,0,1,0.6,0.55,0.55,0,1420.852,0,261.7537,261.7537,0.42290000066329286,2107.5643,0,64.9183,0.0,0.15967382065113556,0.15967382065113556,0.0,0.15967382065113556,0.15967382065113556,2056.0,2056.0,0.18,0.18,6.2696,6.2696,12.7121,1004.7418,660.0171,3098.323,0,12.7121,1004.7418,163.2608,1442.4684,0
181,181,25,0,1,0,1,4.2,0,1,0.6,0.55,0.55,0,1749.4611,0,360.3526,360.3526,0.504282868589163,2371.0098,0,77.5818,0.0,0.18990862377363546,0.18990862377363546,0.0,0.18990862377363546,0.18990862377363546,2056.0,2056.0,0.18,0.18,5.8997,5.8997,15.2836,1130.3346,804.8193,3699.8987,0,15.2836,1130.3346,209.4871,1715.4578,0
182,182,25,0,1,1,0,4.2,0,1,0.6,0.55,0.55,0,3496.158,0,930.8829,930.8829,0.8002399587644105,3688.2374,0,140.8995,0.0,0.34699814434488535,0.34699814434488535,0.0,0.34699814434488535,0.34699814434488535,2056.0,2056.0,0.18,0.18,5.0488,5.0488,28.1413,1758.2982,1575.3426,6857.9401,0,28.1413,1758.2982,475.939,3193.2614,0
183,183,25,0,1,1,1,4.2,0,1,0.6,0.55,0.55,0,3824.3509,0,1029.0655,1029.0655,0.8235918197170801,3951.683,0,153.563,0.0,0.3772329474673855,0.3772329474673855,0.0,0.3772329474673855,0.3772329474673855,2056.0,2056.0,0.18,0.18,4.9629,4.9629,30.7129,1883.8909,1720.561,7459.5157,0,30.7129,1883.8909,522.5815,3466.2508,0
184,184,25,1,0,0,0,4.2,0,1,0.6,0.55,0.55,0,691.1722,0,222.4466,222.4466,1.30386101838144,526.8911,0,25.3271,0.0,0.06244144123124997,0.06244144123124997,0.0,0.06244144123124997,0.06244144123124997,2056.0,2056.0,0.18,0.18,4.0081,4.0081,5.1431,251.1855,305.7049,1253.2057,0,5.1431,251.1855,104.8225,583.5977,0
185,185,25,1,0,0,1,4.2,0,1,0.6,0.55,0.55,0,1019.2392,0,320.5033,320.5033,1.2522394070368346,790.3366,0,37.9906,0.0,0.09267624435374999,0.09267624435374999,0.0,0.09267624435374999,0.09267624435374999,2056.0,2056.0,0.18,0.18,4.0081,4.0081,7.7146,376.7782,451.0492,1854.7813,0,7.7146,376.7782,151.591,856.5871,0
186,186,25,1,0,1,0,4.2,0,1,0.6,0.55,0.55,0,2764.6888,0,889.7864,889.7864,1.302563644233797,2107.5643,0,101.3082,0.0,0.2497657649249999,0.2497657649249999,0.0,0.2497657649249999,0.2497657649249999,2056.0,2056.0,0.18,0.18,4.0081,4.0081,20.5724,1004.7418,1222.8197,5012.8227,0,20.5724,1004.7418,419.2901,2334.3907,0
187,187,25,1,0,1,1,4.2,0,1,0.6,0.55,0.55,0,3092.7558,0,987.8431,987.8431,1.2866385869859385,2371.0098,0,113.9718,0.0,0.2800005680475,0.2800005680475,0.0,0.2800005680475,0.2800005680475,2056.0,2056.0,0.18,0.18,4.0081,4.0081,23.1439,1130.3346,1368.164,5614.3983,0,23.1439,1130.3346,466.0585,2607.3801,0
188,188,25,1,1,0,0,4.2,0,1,0.6,0.55,0.55,0,2112.956,0,485.1321,485.1321,0.5989519237900882,2634.4553,0,90.2453,0.0,0.22211526188238545,0.22211526188238545,0.0,0.22211526188238545,0.22211526188238545,2056.0,2056.0,0.18,0.18,5.6339,5.6339,17.8552,1255.9273,964.7903,4351.5287,0,17.8552,1255.9273,267.1515,2026.0661,0
189,189,25,1,1,0,1,4.2,0,1,0.6,0.55,0.55,0,2441.3167,0,583.4825,583.4825,0.6491380297536153,2897.9009,0,102.9089,0.0,0.2523500650048855,0.2523500650048855,0.0,0.2523500650048855,0.2523500650048855,2056.0,2056.0,0.18,0.18,5.4335,5.4335,20.4267,1381.52,1109.8409,4953.1043,0,20.4267,1381.52,313.6263,2299.0555,0
190,190,25,1,1,1,0,4.2,0,1,0.6,0.55,0.55,0,4187.5628,0,1153.5621,1153.5621,0.8631612559091961,4215.1285,0,166.2265,0.0,0.40943958557613536,0.40943958557613536,0.0,0.40943958557613536,0.40943958557613536,2056.0,2056.0,0.18,0.18,4.8901,4.8901,33.2844,2009.4837,1880.8149,8111.1458,0,33.2844,2009.4837,580.5289,3776.8591,0
191,191,25,1,1,1,1,4.2,0,1,0.6,0.55,0.55,0,4515.7214,0,1251.7104,1251.7104,0.8800543812462389,4478.574,0,178.8901,0.0,0.4396743886986356,0.4396743886986356,0.0,0.4396743886986356,0.4396743886986356,2056.0,2056.0,0.18,0.18,4.8276,4.8276,35.856,2135.0764,2026.0676,8712.7214,0,35.856,2135.0764,627.2057,4049.8485,0
192,192,25,0,0,0,0,4.2,0,1,0.4,0.65,0.65,0,0,0,0,0,0.0,0,0,0,0.0,0.0,0.0,0.0,0.0,0.0,2022.0,2022.0,0,0,0,0,0,0,0,0,0,0,0,0,0,0
193,193,25,0,0,0,1,4.2,0,1,0.4,0.65,0.65,0,251.8105,0,64.0946,64.0946,0.7547666337828475,263.4455,0,12.6635,0.0,0.02408285274583333,0.02408285274583333,0.0,0.02408285274583333,0.02408285274583333,2056.0,2056.0,0.18,0.18,5.032,5.032,2.0987,125.5927,111.4557,490.9577,0,2.0987,125.5927,31.006,222.792,0
194,194,25,0,0,1,0,4.2,0,1,0.4,0.65,0.65,0,1593.1761,0,449.0406,449.0406,0.8789230487367531,1580.6732,0,75.9812,0.0,0.14920897896875002,0.14920897896875002,0.0,0.14920897896875002,0.14920897896875002,2056.0,2056.0,0.18,0.18,5.032,5.032,12.5921,753.5564,704.0111,3063.3358,0,12.5921,753.5564,213.6673,1428.8565,0
195,195,25,0,0,1,1,4.2,0,1,0.4,0.65,0.65,0,1844.9867,0,513.1352,513.1352,0.8621257959091588,1844.1187,0,88.6447,0.0,0.17329183171458326,0.17329183171458326,0.0,0.17329183171458326,0.17329183171458326,2056.0,2056.0,0.18,0.18,5.032,5.032,14.6908,879.1491,815.4668,3554.2934,0,14.6908,879.1491,244.6733,1651.6485,0
196,196,25,0,1,0,0,4.2,0,1,0.4,0.65,0.65,0,1024.9968,0,83.1315,83.1315,0.1596818725567309,2107.5643,0,64.9183,0.0,0.1269989025891155,0.1269989025891155,0.0,0.1269989025891155,0.1269989025891155,2056.0,2056.0,0.18,0.18,7.8827,7.8827,10.3601,1004.7418,481.0053,2521.104,0,10.3601,1004.7418,77.3488,1175.5822,0
197,197,25,0,1,0,1,4.2,0,1,0.4,0.65,0.65,0,1277.3639,0,147.7827,147.7827,0.2261777679434983,2371.0098,0,77.5818,0.0,0.1510817553349488,0.1510817553349488,0.0,0.1510817553349488,0.1510817553349488,2056.0,2056.0,0.18,0.18,7.4159,7.4159,12.4588,1130.3346,591.9045,3012.0617,0,12.4588,1130.3346,107.7982,1398.3742,0
198,198,25,0,1,1,0,4.2,0,1,0.4,0.65,0.65,0,2620.0089,0,534.0082,534.0082,0.4682527080017216,3688.2374,0,140.8995,0.0,0.27620788155786546,0.27620788155786546,0.0,0.27620788155786546,0.27620788155786546,2056.0,2056.0,0.18,0.18,6.3427,6.3427,22.9522,1758.2982,1183.1804,5584.4398,0,22.9522,1758.2982,289.1801,2604.4387,0
199,199,25,0,1,1,1,4.2,0,1,0.4,0.65,0.65,0,2871.9486,0,598.2318,598.2318,0.48741446736924887,3951.683,0,153.563,0.0,0.30029073430369874,0.30029073430369874,0.0,0.30029073430369874,0.30029073430369874,2056.0,2056.0,0.18,0.18,6.2345,6.2345,25.0509,1883.8909,1294.507,6075.3974,0,25.0509,1883.8909,320.057,2827.2307,0
200,200,25,1,0,0,0,4.2,0,1,0.4,0.65,0.65,0,531.0587,0,149.6802,149.6802,0.880090277221131,526.8911,0,25.3271,0.0,0.04973632632291668,0.04973632632291668,0.0,0.04973632632291668,0.04973632632291668,2056.0,2056.0,0.18,0.18,5.032,5.032,4.1974,251.1855,234.6704,1021.1119,0,4.1974,251.1855,71.2224,476.2855,0
201,201,25,1,0,0,1,4.2,0,1,0.4,0.65,0.65,0,782.8693,0,213.7748,213.7748,0.8382049215892377,790.3366,0,37.9906,0.0,0.07381917906875,0.07381917906875,0.0,0.07381917906875,0.07381917906875,2056.0,2056.0,0.18,0.18,5.032,5.032,6.2961,376.7782,346.1261,1512.0696,0,6.2961,376.7782,102.2284,699.0775,0
202,202,25,1,0,1,0,4.2,0,1,0.4,0.65,0.65,0,2124.2348,0,598.7209,598.7209,0.879214565502503,2107.5643,0,101.3082,0.0,0.1989453052916667,0.1989453052916667,0.0,0.1989453052916667,0.1989453052916667,2056.0,2056.0,0.18,0.18,5.032,5.032,16.7895,1004.7418,938.6815,4084.4477,0,16.7895,1004.7418,284.8898,1905.142,0
203,203,25,1,0,1,1,4.2,0,1,0.4,0.65,0.65,0,2376.0454,0,662.8155,662.8155,0.8661161364483665,2371.0098,0,113.9718,0.0,0.22302815803749992,0.22302815803749992,0.0,0.22302815803749992,0.22302815803749992,2056.0,2056.0,0.18,0.18,5.032,5.032,18.8882,1130.3346,1050.1372,4575.4053,0,18.8882,1130.3346,315.8958,2127.934,0
204,204,25,1,1,0,0,4.2,0,1,0.4,0.65,0.65,0,1557.012,0,233.7682,233.7682,0.30364883877549226,2634.4553,0,90.2453,0.0,0.17673522891203217,0.17673522891203217,0.0,0.17673522891203217,0.17673522891203217,2056.0,2056.0,0.18,0.18,7.0805,7.0805,14.5575,1255.9273,714.7192,3542.2159,0,14.5575,1255.9273,147.6147,1651.8677,0
205,205,25,1,1,0,1,4.2,0,1,0.4,0.65,0.65,0,1809.1238,0,298.1641,298.1641,0.34477824700336995,2897.9009,0,102.9089,0.0,0.20081808165786552,0.20081808165786552,0.0,0.20081808165786552,0.20081808165786552,2056.0,2056.0,0.18,0.18,6.8278,6.8278,16.6562,1381.52,825.8736,4033.1736,0,16.6562,1381.52,178.3195,1874.6597,0
206,206,25,1,1,1,0,4.2,0,1,0.4,0.65,0.65,0,3151.3061,0,683.9269,683.9269,0.5197067796164909,4215.1285,0,166.2265,0.0,0.32594420788078204,0.32594420788078204,0.0,0.32594420788078204,0.32594420788078204,2056.0,2056.0,0.18,0.18,6.1427,6.1427,27.1496,2009.4837,1417.6123,6605.5517,0,27.1496,2009.4837,360.1641,3080.7242,0
207,207,25,1,1,1,1,4.2,0,1,0.4,0.65,0.65,0,3403.2105,0,748.1153,748.1153,0.533579164452538,4478.574,0,178.8901,0.0,0.35002706062661554,0.35002706062661554,0.0,0.35002706062661554,0.35002706062661554,2056.0,2056.0,0.18,0.18,6.064,6.064,29.2483,2135.0764,1528.9741,7096.5093,0,29.2483,2135.0764,391.0762,3303.5162,0
208,208,25,0,0,0,0,4.2,0,1,0.5,0.65,0.65,0,0,0,0,0,0.0,0,0,0,0.0,0.0,0.0,0.0,0.0,0.0,2022.0,2022.0,0,0,0,0,0,0,0,0,0,0,0,0,0,0
209,209,25,0,0,0,1,4.2,0,1,0.5,0.65,0.65,0,251.8105,0,64.0946,64.0946,0.7547666337828475,263.4455,0,12.6635,0.0,0.02408285274583333,0.02408285274583333,0.0,0.02408285274583333,0.02408285274583333,2056.0,2056.0,0.18,0.18,5.032,5.032,2.0987,125.5927,111.4557,490.9577,0,2.0987,125.5927,31.006,222.792,0
210,210,25,0,0,1,0,4.2,0,1,0.5,0.65,0.65,0,1593.1761,0,449.0406,449.0406,0.8789230487367531,1580.6732,0,75.9812,0.0,0.14920897896875002,0.14920897896875002,0.0,0.14920897896875002,0.14920897896875002,2056.0,2056.0,0.18,0.18,5.032,5.032,12.5921,753.5564,704.0111,3063.3358,0,12.5921,753.5564,213.6673,1428.8565,0
211,211,25,0,0,1,1,4.2,0,1,0.5,0.65,0.65,0,1844.9867,0,513.1352,513.1352,0.8621257959091588,1844.1187,0,88.6447,0.0,0.17329183171458326,0.17329183171458326,0.0,0.17329183171458326,0.17329183171458326,2056.0,2056.0,0.18,0.18,5.032,5.032,14.6908,879.1491,815.4668,3554.2934,0,14.6908,879.1491,244.6733,1651.6485,0
212,212,25,0,1,0,0,4.2,0,1,0.5,0.65,0.65,0,1024.9968,0,83.1315,83.1315,0.1596818725567309,2107.5643,0,64.9183,0.0,0.1269989025891155,0.1269989025891155,0.0,0.1269989025891155,0.1269989025891155,2056.0,2056.0,0.18,0.18,7.8827,7.8827,10.3601,1004.7418,481.0053,2521.104,0,10.3601,1004.7418,77.3488,1175.5822,0
213,213,25,0,1,0,1,4.2,0,1,0.5,0.65,0.65,0,1277.3639,0,147.7827,147.7827,0.2261777679434983,2371.0098,0,77.5818,0.0,0.1510817553349488,0.1510817553349488,0.0,0.1510817553349488,0.1510817553349488,2056.0,2056.0,0.18,0.18,7.4159,7.4159,12.4588,1130.3346,591.9045,3012.0617,0,12.4588,1130.3346,107.7982,1398.3742,0
214,214,25,0,1,1,0,4.2,0,1,0.5,0.65,0.65,0,2620.0089,0,534.0082,534.0082,0.4682527080017216,3688.2374,0,140.8995,0.0,0.27620788155786546,0.27620788155786546,0.0,0.27620788155786546,0.27620788155786546,2056.0,2056.0,0.18,0.18,6.3427,6.3427,22.9522,1758.2982,1183.1804,5584.4398,0,22.9522,1758.2982,289.1801,2604.4387,0
215,215,25,0,1,1,1,4.2,0,1,0.5,0.65,0.65,0,2871.9486,0,598.2318,598.2318,0.48741446736924887,3951.683,0,153.563,0.0,0.30029073430369874,0.30029073430369874,0.0,0.30029073430369874,0.30029073430369874,2056.0,2056.0,0.18,0.18,6.2345,6.2345,25.0509,1883.8909,1294.507,6075.3974,0,25.0509,1883.8909,320.057,2827.2307,0
216,216,25,1,0,0,0,4.2,0,1,0.5,0.65,0.65,0,531.0587,0,149.6802,149.6802,0.880090277221131,526.8911,0,25.3271,0.0,0.04973632632291668,0.04973632632291668,0.0,0.04973632632291668,0.04973632632291668,2056.0,2056.0,0.18,0.18,5.032,5.032,4.1974,251.1855,234.6704,1021.1119,0,4.1974,251.1855,71.2224,476.2855,0
217,217,25,1,0,0,1,4.2,0,1,0.5,0.65,0.65,0,782.8693,0,213.7748,213.7748,0.8382049215892377,790.3366,0,37.9906,0.0,0.07381917906875,0.07381917906875,0.0,0.07381917906875,0.07381917906875,2056.0,2056.0,0.18,0.18,5.032,5.032,6.2961,376.7782,346.1261,1512.0696,0,6.2961,376.7782,102.2284,699.0775,0
218,218,25,1,0,1,0,4.2,0,1,0.5,0.65,0.65,0,2124.2348,0,598.7209,598.7209,0.879214565502503,2107.5643,0,101.3082,0.0,0.1989453052916667,0.1989453052916667,0.0,0.1989453052916667,0.1989453052916667,2056.0,2056.0,0.18,0.18,5.032,5.032,16.7895,1004.7418,938.6815,4084.4477,0,16.7895,1004.7418,284.8898,1905.142,0
219,219,25,1,0,1,1,4.2,0,1,0.5,0.65,0.65,0,2376.0454,0,662.8155,662.8155,0.8661161364483665,2371.0098,0,113.9718,0.0,0.22302815803749992,0.22302815803749992,0.0,0.22302815803749992,0.22302815803749992,2056.0,2056.0,0.18,0.18,5.032,5.032,18.8882,1130.3346,1050.1372,4575.4053,0,18.8882,1130.3346,315.8958,2127.934,0
220,220,25,1,1,0,0,4.2,0,1,0.5,0.65,0.65,0,1557.012,0,233.7682,233.7682,0.30364883877549226,2634.4553,0,90.2453,0.0,0.17673522891203217,0.17673522891203217,0.0,0.17673522891203217,0.17673522891203217,2056.0,2056.0,0.18,0.18,7.0805,7.0805,14.5575,1255.9273,714.7192,3542.2159,0,14.5575,1255.9273,147.6147,1651.8677,0
221,221,25,1,1,0,1,4.2,0,1,0.5,0.65,0.65,0,1809.1238,0,298.1641,298.1641,0.34477824700336995,2897.9009,0,102.9089,0.0,0.20081808165786552,0.20081808165786552,0.0,0.20081808165786552,0.20081808165786552,2056.0,2056.0,0.18,0.18,6.8278,6.8278,16.6562,1381.52,825.8736,4033.1736,0,16.6562,1381.52,178.3195,1874.6597,0
222,222,25,1,1,1,0,4.2,0,1,0.5,0.65,0.65,0,3151.3061,0,683.9269,683.9269,0.5197067796164909,4215.1285,0,166.2265,0.0,0.32594420788078204,0.32594420788078204,0.0,0.32594420788078204,0.32594420788078204,2056.0,2056.0,0.18,0.18,6.1427,6.1427,27.1496,2009.4837,1417.6123,6605.5517,0,27.1496,2009.4837,360.1641,3080.7242,0
223,223,25,1,1,1,1,4.2,0,1,0.5,0.65,0.65,0,3403.2105,0,748.1153,748.1153,0.533579164452538,4478.574,0,178.8901,0.0,0.35002706062661554,0.35002706062661554,0.0,0.35002706062661554,0.35002706062661554,2056.0,2056.0,0.18,0.18,6.064,6.064,29.2483,2135.0764,1528.9741,7096.5093,0,29.2483,2135.0764,391.0762,3303.5162,0
224,224,25,0,0,0,0,4.2,0,1,0.6,0.65,0.65,0,0,0,0,0,0.0,0,0,0,0.0,0.0,0.0,0.0,0.0,0.0,2022.0,2022.0,0,0,0,0,0,0,0,0,0,0,0,0,0,0
225,225,25,0,0,0,1,4.2,0,1,0.6,0.65,0.65,0,251.8105,0,64.0946,64.0946,0.7547666337828475,263.4455,0,12.6635,0.0,0.02408285274583333,0.02408285274583333,0.0,0.02408285274583333,0.02408285274583333,2056.0,2056.0,0.18,0.18,5.032,5.032,2.0987,125.5927,111.4557,490.9577,0,2.0987,125.5927,31.006,222.792,0
226,226,25,0,0,1,0,4.2,0,1,0.6,0.65,0.65,0,1593.1761,0,449.0406,449.0406,0.8789230487367531,1580.6732,0,75.9812,0.0,0.14920897896875002,0.14920897896875002,0.0,0.14920897896875002,0.14920897896875002,2056.0,2056.0,0.18,0.18,5.032,5.032,12.5921,753.5564,704.0111,3063.3358,0,12.5921,753.5564,213.6673,1428.8565,0
227,227,25,0,0,1,1,4.2,0,1,0.6,0.65,0.65,0,1844.9867,0,513.1352,513.1352,0.8621257959091588,1844.1187,0,88.6447,0.0,0.17329183171458326,0.17329183171458326,0.0,0.17329183171458326,0.17329183171458326,2056.0,2056.0,0.18,0.18,5.032,5.032,14.6908,879.1491,815.4668,3554.2934,0,14.6908,879.1491,244.6733,1651.6485,0
228,228,25,0,1,0,0,4.2,0,1,0.6,0.65,0.65,0,1024.9968,0,83.1315,83.1315,0.1596818725567309,2107.5643,0,64.9183,0.0,0.1269989025891155,0.1269989025891155,0.0,0.1269989025891155,0.1269989025891155,2056.0,2056.0,0.18,0.18,7.8827,7.8827,10.3601,1004.7418,481.0053,2521.104,0,10.3601,1004.7418,77.3488,1175.5822,0
229,229,25,0,1,0,1,4.2,0,1,0.6,0.65,0.65,0,1277.3639,0,147.7827,147.7827,0.2261777679434983,2371.0098,0,77.5818,0.0,0.1510817553349488,0.1510817553349488,0.0,0.1510817553349488,0.1510817553349488,2056.0,2056.0,0.18,0.18,7.4159,7.4159,12.4588,1130.3346,591.9045,3012.0617,0,12.4588,1130.3346,107.7982,1398.3742,0
230,230,25,0,1,1,0,4.2,0,1,0.6,0.65,0.65,0,2620.0089,0,534.0082,534.0082,0.4682527080017216,3688.2374,0,140.8995,0.0,0.27620788155786546,0.27620788155786546,0.0,0.27620788155786546,0.27620788155786546,2056.0,2056.0,0.18,0.18,6.3427,6.3427,22.9522,1758.2982,1183.1804,5584.4398,0,22.9522,1758.2982,289.1801,2604.4387,0
231,231,25,0,1,1,1,4.2,0,1,0.6,0.65,0.65,0,2871.9486,0,598.2318,598.2318,0.48741446736924887,3951.683,0,153.563,0.0,0.30029073430369874,0.30029073430369874,0.0,0.30029073430369874,0.30029073430369874,2056.0,2056.0,0.18,0.18,6.2345,6.2345,25.0509,1883.8909,1294.507,6075.3974,0,25.0509,1883.8909,320.057,2827.2307,0
232,232,25,1,0,0,0,4.2,0,1,0.6,0.65,0.65,0,531.0587,0,149.6802,149.6802,0.880090277221131,526.8911,0,25.3271,0.0,0.04973632632291668,0.04973632632291668,0.0,0.04973632632291668,0.04973632632291668,2056.0,2056.0,0.18,0.18,5.032,5.032,4.1974,251.1855,234.6704,1021.1119,0,4.1974,251.1855,71.2224,476.2855,0
233,233,25,1,0,0,1,4.2,0,1,0.6,0.65,0.65,0,782.8693,0,213.7748,213.7748,0.8382049215892377,790.3366,0,37.9906,0.0,0.07381917906875,0.07381917906875,0.0,0.07381917906875,0.07381917906875,2056.0,2056.0,0.18,0.18,5.032,5.032,6.2961,376.7782,346.1261,1512.0696,0,6.2961,376.7782,102.2284,699.0775,0
234,234,25,1,0,1,0,4.2,0,1,0.6,0.65,0.65,0,2124.2348,0,598.7209,598.7209,0.879214565502503,2107.5643,0,101.3082,0.0,0.1989453052916667,0.1989453052916667,0.0,0.1989453052916667,0.1989453052916667,2056.0,2056.0,0.18,0.18,5.032,5.032,16.7895,1004.7418,938.6815,4084.4477,0,16.7895,1004.7418,284.8898,1905.142,0
235,235,25,1,0,1,1,4.2,0,1,0.6,0.65,0.65,0,2376.0454,0,662.8155,662.8155,0.8661161364483665,2371.0098,0,113.9718,0.0,0.22302815803749992,0.22302815803749992,0.0,0.22302815803749992,0.22302815803749992,2056.0,2056.0,0.18,0.18,5.032,5.032,18.8882,1130.3346,1050.1372,4575.4053,0,18.8882,1130.3346,315.8958,2127.934,0
236,236,25,1,1,0,0,4.2,0,1,0.6,0.65,0.65,0,1557.012,0,233.7682,233.7682,0.30364883877549226,2634.4553,0,90.2453,0.0,0.17673522891203217,0.17673522891203217,0.0,0.17673522891203217,0.17673522891203217,2056.0,2056.0,0.18,0.18,7.0805,7.0805,14.5575,1255.9273,714.7192,3542.2159,0,14.5575,1255.9273,147.6147,1651.8677,0
237,237,25,1,1,0,1,4.2,0,1,0.6,0.65,0.65,0,1809.1238,0,298.1641,298.1641,0.34477824700336995,2897.9009,0,102.9089,0.0,0.20081808165786552,0.20081808165786552,0.0,0.20081808165786552,0.20081808165786552,2056.0,2056.0,0.18,0.18,6.8278,6.8278,16.6562,1381.52,825.8736,4033.1736,0,16.6562,1381.52,178.3195,1874.6597,0
238,238,25,1,1,1,0,4.2,0,1,0.6,0.65,0.65,0,3151.3061,0,683.9269,683.9269,0.5197067796164909,4215.1285,0,166.2265,0.0,0.32594420788078204,0.32594420788078204,0.0,0.32594420788078204,0.32594420788078204,2056.0,2056.0,0.18,0.18,6.1427,6.1427,27.1496,2009.4837,1417.6123,6605.5517,0,27.1496,2009.4837,360.1641,3080.7242,0
239,239,25,1,1,1,1,4.2,0,1,0.6,0.65,0.65,0,3403.2105,0,748.1153,748.1153,0.533579164452538,4478.574,0,178.8901,0.0,0.35002706062661554,0.35002706062661554,0.0,0.35002706062661554,0.35002706062661554,2056.0,2056.0,0.18,0.18,6.064,6.064,29.2483,2135.0764,1528.9741,7096.5093,0,29.2483,2135.0764,391.0762,3303.5162,0
240,240,25,0,0,0,0,4.2,0,1,0.4,0.75,0.75,0,0,0,0,0,0.0,0,0,0,0.0,0.0,0.0,0.0,0.0,0.0,2022.0,2022.0,0,0,0,0,0,0,0,0,0,0,0,0,0,0
241,241,25,0,0,0,1,4.2,0,1,0.4,0.75,0.75,0,176.1339,0,30.7124,30.7124,0.3601273878899405,263.4455,0,12.6635,0.0,0.017930902369166675,0.017930902369166675,0.0,0.017930902369166675,0.017930902369166675,2056.0,2056.0,0.18,0.18,6.7584,6.7584,1.6258,125.5927,76.9872,380.3397,0,1.6258,125.5927,14.6637,172.5946,0
242,242,25,0,0,1,0,4.2,0,1,0.4,0.75,0.75,0,1116.3149,0,234.2208,234.2208,0.455714337737134,1580.6732,0,75.9812,0.0,0.11109363424375,0.11109363424375,0.0,0.11109363424375,0.11109363424375,2056.0,2056.0,0.18,0.18,6.7584,6.7584,9.755,753.5564,487.4282,2367.0545,0,9.755,753.5564,109.3878,1106.92,0
243,243,25,0,0,1,1,4.2,0,1,0.4,0.75,0.75,0,1292.4488,0,264.9331,264.9331,0.44253090048683924,1844.1187,0,88.6447,0.0,0.12902453661291666,0.12902453661291666,0.0,0.12902453661291666,0.12902453661291666,2056.0,2056.0,0.18,0.18,6.7584,6.7584,11.3808,879.1491,564.4154,2747.3942,0,11.3808,879.1491,124.0515,1279.5146,0
244,244,25,0,1,0,0,4.2,0,1,0.4,0.75,0.75,0,633.6808,0,-104.0539,-104.0539,0.0,2107.5643,0,64.9183,0.0,0.09432398452709549,0.09432398452709549,0.0,0.09432398452709549,0.09432398452709549,2056.0,2056.0,0.18,0.18,10.6133,10.6133,8.0081,1004.7418,297.4543,1943.885,0,8.0081,1004.7418,0,908.696,0
245,245,25,0,1,0,1,4.2,0,1,0.4,0.75,0.75,0,810.3932,0,-59.6606,-59.6606,0.0,2371.0098,0,77.5818,0.0,0.11225488689626216,0.11225488689626216,0.0,0.11225488689626216,0.11225488689626216,2056.0,2056.0,0.18,0.18,9.9808,9.9808,9.6339,1130.3346,373.863,2324.2247,0,9.6339,1130.3346,0.9827,1081.2906,0
246,246,25,0,1,1,0,4.2,0,1,0.4,0.75,0.75,0,1751.9025,0,145.176,145.176,0.13626545723903233,3688.2374,0,140.8995,0.0,0.20541761877084544,0.20541761877084544,0.0,0.20541761877084544,0.20541761877084544,2056.0,2056.0,0.18,0.18,8.5285,8.5285,17.7631,1758.2982,782.9757,4310.9395,0,17.7631,1758.2982,94.3787,2015.616,0
247,247,25,0,1,1,1,4.2,0,1,0.4,0.75,0.75,0,1928.1702,0,176.0222,176.0222,0.1512371150214177,3951.683,0,153.563,0.0,0.22334852114001216,0.22334852114001216,0.0,0.22334852114001216,0.22334852114001216,2056.0,2056.0,0.18,0.18,8.3822,8.3822,19.3889,1883.8909,859.8291,4691.2792,0,19.3889,1883.8909,108.9085,2188.2106,0
248,248,25,1,0,0,0,4.2,0,1,0.4,0.75,0.75,0,372.105,0,78.0736,78.0736,0.456319536060822,526.8911,0,25.3271,0.0,0.03703121141458333,0.03703121141458333,0.0,0.03703121141458333,0.03703121141458333,2056.0,2056.0,0.18,0.18,6.7584,6.7584,3.2517,251.1855,162.4761,789.0182,0,3.2517,251.1855,36.4626,368.9733,0
249,249,25,1,0,0,1,4.2,0,1,0.4,0.75,0.75,0,548.2389,0,108.786,108.786,0.42417043614164146,790.3366,0,37.9906,0.0,0.05496211378374998,0.05496211378374998,0.0,0.05496211378374998,0.05496211378374998,2056.0,2056.0,0.18,0.18,6.7584,6.7584,4.8775,376.7782,239.4633,1169.3578,0,4.8775,376.7782,51.1263,541.5679,0
250,250,25,1,0,1,0,4.2,0,1,0.4,0.75,0.75,0,1488.4199,0,312.2944,312.2944,0.4558654867712092,2107.5643,0,101.3082,0.0,0.1481248456583333,0.1481248456583333,0.0,0.1481248456583333,0.1481248456583333,2056.0,2056.0,0.18,0.18,6.7584,6.7584,13.0066,1004.7418,649.9042,3156.0726,0,13.0066,1004.7418,145.8504,1475.8933,0
251,251,25,1,0,1,1,4.2,0,1,0.4,0.75,0.75,0,1664.5538,0,343.0067,343.0067,0.4455936859107944,2371.0098,0,113.9718,0.0,0.16605574802749995,0.16605574802749995,0.0,0.16605574802749995,0.16605574802749995,2056.0,2056.0,0.18,0.18,6.7584,6.7584,14.6325,1130.3346,726.8915,3536.4123,0,14.6325,1130.3346,160.5141,1648.4879,0
252,252,25,1,1,0,0,4.2,0,1,0.4,0.75,0.75,0,1006.7797,0,-11.884,-11.884,0.008345753760896484,2634.4553,0,90.2453,0.0,0.1313551959416788,0.1313551959416788,0.0,0.1313551959416788,0.1313551959416788,2056.0,2056.0,0.18,0.18,9.5266,9.5266,11.2598,1255.9273,458.9364,2732.9032,0,11.2598,1255.9273,22.3662,1277.6693,0
253,253,25,1,1,0,1,4.2,0,1,0.4,0.75,0.75,0,1183.2264,0,19.1412,19.1412,0.04041846425312504,2897.9009,0,102.9089,0.0,0.14928609831084547,0.14928609831084547,0.0,0.14928609831084547,0.14928609831084547,2056.0,2056.0,0.18,0.18,9.1846,9.1846,12.8856,1381.52,535.6108,3113.2428,0,12.8856,1381.52,36.7172,1450.2639,0
254,254,25,1,1,1,0,4.2,0,1,0.4,0.75,0.75,0,2124.2547,0,223.4969,223.4969,0.17625230332378558,4215.1285,0,166.2265,0.0,0.24244883018542882,0.24244883018542882,0.0,0.24244883018542882,0.24244883018542882,2056.0,2056.0,0.18,0.18,8.2582,8.2582,21.0147,2009.4837,945.2045,5099.9576,0,21.0147,2009.4837,130.594,2384.5893,0
255,255,25,1,1,1,1,4.2,0,1,0.4,0.75,0.75,0,2300.4859,0,254.3065,254.3065,0.18710394765883712,4478.574,0,178.8901,0.0,0.2603797325545955,0.2603797325545955,0.0,0.2603797325545955,0.2603797325545955,2056.0,2056.0,0.18,0.18,8.1518,8.1518,22.6406,2135.0764,1022.0944,5480.2973,0,22.6406,2135.0764,145.1604,2557.1839,0
256,256,25,0,0,0,0,4.2,0,1,0.5,0.75,0.75,0,0,0,0,0,0.0,0,0,0,0.0,0.0,0.0,0.0,0.0,0.0,2022.0,2022.0,0,0,0,0,0,0,0,0,0,0,0,0,0,0
257,257,25,0,0,0,1,4.2,0,1,0.5,0.75,0.75,0,176.1339,0,30.7124,30.7124,0.3601273878899405,263.4455,0,12.6635,0.0,0.017930902369166675,0.017930902369166675,0.0,0.017930902369166675,0.017930902369166675,2056.0,2056.0,0.18,0.18,6.7584,6.7584,1.6258,125.5927,76.9872,380.3397,0,1.6258,125.5927,14.6637,172.5946,0
258,258,25,0,0,1,0,4.2,0,1,0.5,0.75,0.75,0,1116.3149,0,234.2208,234.2208,0.455714337737134,1580.6732,0,75.9812,0.0,0.11109363424375,0.11109363424375,0.0,0.11109363424375,0.11109363424375,2056.0,2056.0,0.18,0.18,6.7584,6.7584,9.755,753.5564,487.4282,2367.0545,0,9.755,753.5564,109.3878,1106.92,0
259,259,25,0,0,1,1,4.2,0,1,0.5,0.75,0.75,0,1292.4488,0,264.9331,264.9331,0.44253090048683924,1844.1187,0,88.6447,0.0,0.12902453661291666,0.12902453661291666,0.0,0.12902453661291666,0.12902453661291666,2056.0,2056.0,0.18,0.18,6.7584,6.7584,11.3808,879.1491,564.4154,2747.3942,0,11.3808,879.1491,124.0515,1279.5146,0
260,260,25,0,1,0,0,4.2,0,1,0.5,0.75,0.75,0,633.6808,0,-104.0539,-104.0539,0.0,2107.5643,0,64.9183,0.0,0.09432398452709549,0.09432398452709549,0.0,0.09432398452709549,0.09432398452709549,2056.0,2056.0,0.18,0.18,10.6133,10.6133,8.0081,1004.7418,297.4543,1943.885,0,8.0081,1004.7418,0,908.696,0
261,261,25,0,1,0,1,4.2,0,1,0.5,0.75,0.75,0,810.3932,0,-59.6606,-59.6606,0.0,2371.0098,0,77.5818,0.0,0.11225488689626216,0.11225488689626216,0.0,0.11225488689626216,0.11225488689626216,2056.0,2056.0,0.18,0.18,9.9808,9.9808,9.6339,1130.3346,373.863,2324.2247,0,9.6339,1130.3346,0.9827,1081.2906,0
262,262,25,0,1,1,0,4.2,0,1,0.5,0.75,0.75,0,1751.9025,0,145.176,145.176,0.13626545723903233,3688.2374,0,140.8995,0.0,0.20541761877084544,0.20541761877084544,0.0,0.20541761877084544,0.20541761877084544,2056.0,2056.0,0.18,0.18,8.5285,8.5285,17.7631,1758.2982,782.9757,4310.9395,0,17.7631,1758.2982,94.3787,2015.616,0
263,263,25,0,1,1,1,4.2,0,1,0.5,0.75,0.75,0,1928.1702,0,176.0222,176.0222,0.1512371150214177,3951.683,0,153.563,0.0,0.22334852114001216,0.22334852114001216,0.0,0.22334852114001216,0.22334852114001216,2056.0,2056.0,0.18,0.18,8.3822,8.3822,19.3889,1883.8909,859.8291,4691.2792,0,19.3889,1883.8909,108.9085,2188.2106,0
264,264,25,1,0,0,0,4.2,0,1,0.5,0.75,0.75,0,372.105,0,78.0736,78.0736,0.456319536060822,526.8911,0,25.3271,0.0,0.03703121141458333,0.03703121141458333,0.0,0.03703121141458333,0.03703121141458333,2056.0,2056.0,0.18,0.18,6.7584,6.7584,3.2517,251.1855,162.4761,789.0182,0,3.2517,251.1855,36.4626,368.9733,0
265,265,25,1,0,0,1,4.2,0,1,0.5,0.75,0.75,0,548.2389,0,108.786,108.786,0.42417043614164146,790.3366,0,37.9906,0.0,0.05496211378374998,0.05496211378374998,0.0,0.05496211378374998,0.05496211378374998,2056.0,2056.0,0.18,0.18,6.7584,6.7584,4.8775,376.7782,239.4633,1169.3578,0,4.8775,376.7782,51.1263,541.5679,0
266,266,25,1,0,1,0,4.2,0,1,0.5,0.75,0.75,0,1488.4199,0,312.2944,312.2944,0.4558654867712092,2107.5643,0,101.3082,0.0,0.1481248456583333,0.1481248456583333,0.0,0.1481248456583333,0.1481248456583333,2056.0,2056.0,0.18,0.18,6.7584,6.7584,13.0066,1004.7418,649.9042,3156.0726,0,13.0066,1004.7418,145.8504,1475.8933,0
267,267,25,1,0,1,1,4.2,0,1,0.5,0.75,0.75,0,1664.5538,0,343.0067,343.0067,0.4455936859107944,2371.0098,0,113.9718,0.0,0.16605574802749995,0.16605574802749995,0.0,0.16605574802749995,0.16605574802749995,2056.0,2056.0,0.18,0.18,6.7584,6.7584,14.6325,1130.3346,726.8915,3536.4123,0,14.6325,1130.3346,160.5141,1648.4879,0
268,268,25,1,1,0,0,4.2,0,1,0.5,0.75,0.75,0,1006.7797,0,-11.884,-11.884,0.008345753760896484,2634.4553,0,90.2453,0.0,0.1313551959416788,0.1313551959416788,0.0,0.1313551959416788,0.1313551959416788,2056.0,2056.0,0.18,0.18,9.5266,9.5266,11.2598,1255.9273,458.9364,2732.9032,0,11.2598,1255.9273,22.3662,1277.6693,0
269,269,25,1,1,0,1,4.2,0,1,0.5,0.75,0.75,0,1183.2264,0,19.1412,19.1412,0.04041846425312504,2897.9009,0,102.9089,0.0,0.14928609831084547,0.14928609831084547,0.0,0.14928609831084547,0.14928609831084547,2056.0,2056.0,0.18,0.18,9.1846,9.1846,12.8856,1381.52,535.6108,3113.2428,0,12.8856,1381.52,36.7172,1450.2639,0
270,270,25,1,1,1,0,4.2,0,1,0.5,0.75,0.75,0,2124.2547,0,223.4969,223.4969,0.17625230332378558,4215.1285,0,166.2265,0.0,0.24244883018542882,0.24244883018542882,0.0,0.24244883018542882,0.24244883018542882,2056.0,2056.0,0.18,0.18,8.2582,8.2582,21.0147,2009.4837,945.2045,5099.9576,0,21.0147,2009.4837,130.594,2384.5893,0
271,271,25,1,1,1,1,4.2,0,1,0.5,0.75,0.75,0,2300.4859,0,254.3065,254.3065,0.18710394765883712,4478.574,0,178.8901,0.0,0.2603797325545955,0.2603797325545955,0.0,0.2603797325545955,0.2603797325545955,2056.0,2056.0,0.18,0.18,8.1518,8.1518,22.6406,2135.0764,1022.0944,5480.2973,0,22.6406,2135.0764,145.1604,2557.1839,0
272,272,25,0,0,0,0,4.2,0,1,0.6,0.75,0.75,0,0,0,0,0,0.0,0,0,0,0.0,0.0,0.0,0.0,0.0,0.0,2022.0,2022.0,0,0,0,0,0,0,0,0,0,0,0,0,0,0
273,273,25,0,0,0,1,4.2,0,1,0.6,0.75,0.75,0,176.1339,0,30.7124,30.7124,0.3601273878899405,263.4455,0,12.6635,0.0,0.017930902369166675,0.017930902369166675,0.0,0.017930902369166675,0.017930902369166675,2056.0,2056.0,0.18,0.18,6.7584,6.7584,1.6258,125.5927,76.9872,380.3397,0,1.6258,125.5927,14.6637,172.5946,0
274,274,25,0,0,1,0,4.2,0,1,0.6,0.75,0.75,0,1116.3149,0,234.2208,234.2208,0.455714337737134,1580.6732,0,75.9812,0.0,0.11109363424375,0.11109363424375,0.0,0.11109363424375,0.11109363424375,2056.0,2056.0,0.18,0.18,6.7584,6.7584,9.755,753.5564,487.4282,2367.0545,0,9.755,753.5564,109.3878,1106.92,0
275,275,25,0,0,1,1,4.2,0,1,0.6,0.75,0.75,0,1292.4488,0,264.9331,264.9331,0.44253090048683924,1844.1187,0,88.6447,0.0,0.12902453661291666,0.12902453661291666,0.0,0.12902453661291666,0.12902453661291666,2056.0,2056.0,0.18,0.18,6.7584,6.7584,11.3808,879.1491,564.4154,2747.3942,0,11.3808,879.1491,124.0515,1279.5146,0
276,276,25,0,1,0,0,4.2,0,1,0.6,0.75,0.75,0,633.6808,0,-104.0539,-104.0539,0.0,2107.5643,0,64.9183,0.0,0.09432398452709549,0.09432398452709549,0.0,0.09432398452709549,0.09432398452709549,2056.0,2056.0,0.18,0.18,10.6133,10.6133,8.0081,1004.7418,297.4543,1943.885,0,8.0081,1004.7418,0,908.696,0
277,277,25,0,1,0,1,4.2,0,1,0.6,0.75,0.75,0,810.3932,0,-59.6606,-59.6606,0.0,2371.0098,0,77.5818,0.0,0.11225488689626216,0.11225488689626216,0.0,0.11225488689626216,0.11225488689626216,2056.0,2056.0,0.18,0.18,9.9808,9.9808,9.6339,1130.3346,373.863,2324.2247,0,9.6339,1130.3346,0.9827,1081.2906,0
278,278,25,0,1,1,0,4.2,0,1,0.6,0.75,0.75,0,1751.9025,0,145.176,145.176,0.13626545723903233,3688.2374,0,140.8995,0.0,0.20541761877084544,0.20541761877084544,0.0,0.20541761877084544,0.20541761877084544,2056.0,2056.0,0.18,0.18,8.5285,8.5285,17.7631,1758.2982,782.9757,4310.9395,0,17.7631,1758.2982,94.3787,2015.616,0
279,279,25,0,1,1,1,4.2,0,1,0.6,0.75,0.75,0,1928.1702,0,176.0222,176.0222,0.1512371150214177,3951.683,0,153.563,0.0,0.22334852114001216,0.22334852114001216,0.0,0.22334852114001216,0.22334852114001216,2056.0,2056.0,0.18,0.18,8.3822,8.3822,19.3889,1883.8909,859.8291,4691.2792,0,19.3889,1883.8909,108.9085,2188.2106,0
280,280,25,1,0,0,0,4.2,0,1,0.6,0.75,0.75,0,372.105,0,78.0736,78.0736,0.456319536060822,526.8911,0,25.3271,0.0,0.03703121141458333,0.03703121141458333,0.0,0.03703121141458333,0.03703121141458333,2056.0,2056.0,0.18,0.18,6.7584,6.7584,3.2517,251.1855,162.4761,789.0182,0,3.2517,251.1855,36.4626,368.9733,0
281,281,25,1,0,0,1,4.2,0,1,0.6,0.75,0.75,0,548.2389,0,108.786,108.786,0.42417043614164146,790.3366,0,37.9906,0.0,0.05496211378374998,0.05496211378374998,0.0,0.05496211378374998,0.05496211378374998,2056.0,2056.0,0.18,0.18,6.7584,6.7584,4.8775,376.7782,239.4633,1169.3578,0,4.8775,376.7782,51.1263,541.5679,0
282,282,25,1,0,1,0,4.2,0,1,0.6,0.75,0.75,0,1488.4199,0,312.2944,312.2944,0.4558654867712092,2107.5643,0,101.3082,0.0,0.1481248456583333,0.1481248456583333,0.0,0.1481248456583333,0.1481248456583333,2056.0,2056.0,0.18,0.18,6.7584,6.7584,13.0066,1004.7418,649.9042,3156.0726,0,13.0066,1004.7418,145.8504,1475.8933,0
283,283,25,1,0,1,1,4.2,0,1,0.6,0.75,0.75,0,1664.5538,0,343.0067,343.0067,0.4455936859107944,2371.0098,0,113.9718,0.0,0.16605574802749995,0.16605574802749995,0.0,0.16605574802749995,0.16605574802749995,2056.0,2056.0,0.18,0.18,6.7584,6.7584,14.6325,1130.3346,726.8915,3536.4123,0,14.6325,1130.3346,160.5141,1648.4879,0
284,284,25,1,1,0,0,4.2,0,1,0.6,0.75,0.75,0,1006.7797,0,-11.884,-11.884,0.008345753760896484,2634.4553,0,90.2453,0.0,0.1313551959416788,0.1313551959416788,0.0,0.1313551959416788,0.1313551959416788,2056.0,2056.0,0.18,0.18,9.5266,9.5266,11.2598,1255.9273,458.9364,2732.9032,0,11.2598,1255.9273,22.3662,1277.6693,0
285,285,25,1,1,0,1,4.2,0,1,0.6,0.75,0.75,0,1183.2264,0,19.1412,19.1412,0.04041846425312504,2897.9009,0,102.9089,0.0,0.14928609831084547,0.14928609831084547,0.0,0.14928609831084547,0.14928609831084547,2056.0,2056.0,0.18,0.18,9.1846,9.1846,12.8856,1381.52,535.6108,3113.2428,0,12.8856,1381.52,36.7172,1450.2639,0
286,286,25,1,1,1,0,4.2,0,1,0.6,0.75,0.75,0,2124.2547,0,223.4969,223.4969,0.17625230332378558,4215.1285,0,166.2265,0.0,0.24244883018542882,0.24244883018542882,0.0,0.24244883018542882,0.24244883018542882,2056.0,2056.0,0.18,0.18,8.2582,8.2582,21.0147,2009.4837,945.2045,5099.9576,0,21.0147,2009.4837,130.594,2384.5893,0
287,287,25,1,1,1,1,4.2,0,1,0.6,0.75,0.75,0,2300.4859,0,254.3065,254.3065,0.18710394765883712,4478.574,0,178.8901,0.0,0.2603797325545955,0.2603797325545955,0.0,0.2603797325545955,0.2603797325545955,2056.0,2056.0,0.18,0.18,8.1518,8.1518,22.6406,2135.0764,1022.0944,5480.2973,0,22.6406,2135.0764,145.1604,2557.1839,0
