,ID,E_Brent,C_polimero,PPM,Costo_Kw_hr,reg_f,ecp_z,capex_p_x_v,opex_p_y_v,produccion_p_y_v,VPN_Basica_porta,VPN_incremental_porta,VPN_Basica,VPN_incremental,VPN_Total,EFI_INCREMENTAL,capex,opex_basica,opex_incremental,volumen_B_LE,volumen_I_LE,volumen_T_LE,volumen_B_LE_p,volumen_I_LE_p,volumen_T_LE_p,LE_year_p,LE_year_b,lc_p,lc_b,dc_p,dc_b,opex_ing_p,capex_ing_p,impuesto_ing_p,ingreso_ing_p,abandono_ing_p,opex_ing_b,capex_ing_b,impuesto_ing_b,ingreso_ing_b,abandono_ing_b
0,0,25,3.2,550,244,0,0,0.5,0.5,0.5,0,7625.6731,0,-33731.2242,-33731.2242,0.0,52615.9008,0,201251.9684,0.0,5.52212291958939,5.52212291958939,0.0,5.52212291958939,5.52212291958939,2055.0,2055.0,15.953,15.953,4.5259,4.5259,50329.4958,25083.6465,7110.4494,90149.2648,0,50329.4958,25083.6465,0,41681.9181,0
1,1,30,3.2,550,244,0,0,0.5,0.5,0.5,0,7625.6731,0,-33731.2242,-33731.2242,0.0,52615.9008,0,201251.9684,0.0,5.52212291958939,5.52212291958939,0.0,5.52212291958939,5.52212291958939,2055.0,2055.0,15.953,15.953,4.5259,4.5259,50329.4958,25083.6465,7110.4494,90149.2648,0,50329.4958,25083.6465,0,41681.9181,0
2,2,35,3.2,550,244,0,0,0.5,0.5,0.5,0,7625.6731,0,-15373.4187,-15373.4187,0.0,52615.9008,0,201251.9684,0.0,5.52212291958939,5.52212291958939,0.0,5.52212291958939,5.52212291958939,2055.0,2055.0,15.953,15.953,4.5259,4.5259,50329.4958,25083.6465,7110.4494,90149.2648,0,50329.4958,25083.6465,1029.1331,61068.8568,0
3,3,40,3.2,550,244,0,0,0.5,0.5,0.5,0,7625.6731,0,-7304.4277,-7304.4277,0.0,52615.9008,0,201251.9684,0.0,5.52212291958939,5.52212291958939,0.0,5.52212291958939,5.52212291958939,2055.0,2055.0,15.953,15.953,4.5259,4.5259,50329.4958,25083.6465,7110.4494,90149.2648,0,50329.4958,25083.6465,2653.6115,70762.3261,0
4,4,45,3.2,550,244,0,0,0.5,0.5,0.5,0,7625.6731,0,-7304.4277,-7304.4277,0.0,52615.9008,0,201251.9684,0.0,5.52212291958939,5.52212291958939,0.0,5.52212291958939,5.52212291958939,2055.0,2055.0,15.953,15.953,4.5259,4.5259,50329.4958,25083.6465,7110.4494,90149.2648,0,50329.4958,25083.6465,2653.6115,70762.3261,0
5,5,50,3.2,550,244,0,0,0.5,0.5,0.5,0,7625.6731,0,7625.6731,7625.6731,0.5874709965296848,52615.9008,0,201251.9684,0.0,5.52212291958939,5.52212291958939,0.0,5.52212291958939,5.52212291958939,2055.0,2055.0,15.953,15.953,4.5259,4.5259,50329.4958,25083.6465,7110.4494,90149.2648,0,50329.4958,25083.6465,7110.4494,90149.2648,0
6,6,55,3.2,550,244,0,0,0.5,0.5,0.5,0,7625.6731,0,14658.9482,14658.9482,0.973911330372294,52615.9008,0,201251.9684,0.0,5.52212291958939,5.52212291958939,0.0,5.52212291958939,5.52212291958939,2055.0,2055.0,15.953,15.953,4.5259,4.5259,50329.4958,25083.6465,7110.4494,90149.2648,0,50329.4958,25083.6465,9770.6436,99842.7341,0
7,7,60,3.2,550,244,0,0,0.5,0.5,0.5,0,7625.6731,0,21601.2967,21601.2967,1.360351664214903,52615.9008,0,201251.9684,0.0,5.52212291958939,5.52212291958939,0.0,5.52212291958939,5.52212291958939,2055.0,2055.0,15.953,15.953,4.5259,4.5259,50329.4958,25083.6465,7110.4494,90149.2648,0,50329.4958,25083.6465,12521.7645,109536.2035,0
8,8,25,3.2,550,244,0,0,0.55,0.5,0.5,0,5117.3084,0,-36239.5888,-36239.5888,0.0,52615.9008,0,201251.9684,0.0,5.52212291958939,5.52212291958939,0.0,5.52212291958939,5.52212291958939,2055.0,2055.0,15.953,15.953,4.9785,4.9785,50329.4958,27592.0112,7110.4494,90149.2648,0,50329.4958,27592.0112,0,41681.9181,0
9,9,30,3.2,550,244,0,0,0.55,0.5,0.5,0,5117.3084,0,-26564.1179,-26564.1179,0.0,52615.9008,0,201251.9684,0.0,5.52212291958939,5.52212291958939,0.0,5.52212291958939,5.52212291958939,2055.0,2055.0,15.953,15.953,4.9785,4.9785,50329.4958,27592.0112,7110.4494,90149.2648,0,50329.4958,27592.0112,17.9983,51375.3875,0
10,10,35,3.2,550,244,0,0,0.55,0.5,0.5,0,5117.3084,0,-17881.7833,-17881.7833,0.0,52615.9008,0,201251.9684,0.0,5.52212291958939,5.52212291958939,0.0,5.52212291958939,5.52212291958939,2055.0,2055.0,15.953,15.953,4.9785,4.9785,50329.4958,27592.0112,7110.4494,90149.2648,0,50329.4958,27592.0112,1029.1331,61068.8568,0
11,11,40,3.2,550,244,0,0,0.55,0.5,0.5,0,5117.3084,0,-9812.7924,-9812.7924,0.0,52615.9008,0,201251.9684,0.0,5.52212291958939,5.52212291958939,0.0,5.52212291958939,5.52212291958939,2055.0,2055.0,15.953,15.953,4.9785,4.9785,50329.4958,27592.0112,7110.4494,90149.2648,0,50329.4958,27592.0112,2653.6115,70762.3261,0
12,12,45,3.2,550,244,0,0,0.55,0.5,0.5,0,5117.3084,0,-2121.9188,-2121.9188,0.09184866960024671,52615.9008,0,201251.9684,0.0,5.52212291958939,5.52212291958939,0.0,5.52212291958939,5.52212291958939,2055.0,2055.0,15.953,15.953,4.9785,4.9785,50329.4958,27592.0112,7110.4494,90149.2648,0,50329.4958,27592.0112,4656.2073,80455.7955,0
13,13,50,3.2,550,244,0,0,0.55,0.5,0.5,0,5117.3084,0,5117.3084,5117.3084,0.4431631569193245,52615.9008,0,201251.9684,0.0,5.52212291958939,5.52212291958939,0.0,5.52212291958939,5.52212291958939,2055.0,2055.0,15.953,15.953,4.9785,4.9785,50329.4958,27592.0112,7110.4494,90149.2648,0,50329.4958,27592.0112,7110.4494,90149.2648,0
14,14,55,3.2,550,244,0,0,0.55,0.5,0.5,0,5117.3084,0,12150.5836,12150.5836,0.7944776442384027,52615.9008,0,201251.9684,0.0,5.52212291958939,5.52212291958939,0.0,5.52212291958939,5.52212291958939,2055.0,2055.0,15.953,15.953,4.9785,4.9785,50329.4958,27592.0112,7110.4494,90149.2648,0,50329.4958,27592.0112,9770.6436,99842.7341,0
15,15,60,3.2,550,244,0,0,0.55,0.5,0.5,0,5117.3084,0,19092.932,19092.932,1.1457921315574808,52615.9008,0,201251.9684,0.0,5.52212291958939,5.52212291958939,0.0,5.52212291958939,5.52212291958939,2055.0,2055.0,15.953,15.953,4.9785,4.9785,50329.4958,27592.0112,7110.4494,90149.2648,0,50329.4958,27592.0112,12521.7645,109536.2035,0
16,16,25,3.2,550,244,0,0,0.6,0.5,0.5,0,2608.9438,0,-38747.9535,-38747.9535,0.0,52615.9008,0,201251.9684,0.0,5.52212291958939,5.52212291958939,0.0,5.52212291958939,5.52212291958939,2055.0,2055.0,15.953,15.953,5.4311,5.4311,50329.4958,30100.3758,7110.4494,90149.2648,0,50329.4958,30100.3758,0,41681.9181,0
17,17,30,3.2,550,244,0,0,0.6,0.5,0.5,0,2608.9438,0,-29072.4825,-29072.4825,0.0,52615.9008,0,201251.9684,0.0,5.52212291958939,5.52212291958939,0.0,5.52212291958939,5.52212291958939,2055.0,2055.0,15.953,15.953,5.4311,5.4311,50329.4958,30100.3758,7110.4494,90149.2648,0,50329.4958,30100.3758,17.9983,51375.3875,0
18,18,35,3.2,550,244,0,0,0.6,0.5,0.5,0,2608.9438,0,-20390.148,-20390.148,0.0,52615.9008,0,201251.9684,0.0,5.52212291958939,5.52212291958939,0.0,5.52212291958939,5.52212291958939,2055.0,2055.0,15.953,15.953,5.4311,5.4311,50329.4958,30100.3758,7110.4494,90149.2648,0,50329.4958,30100.3758,1029.1331,61068.8568,0
19,19,40,3.2,550,244,0,0,0.6,0.5,0.5,0,2608.9438,0,-12321.157,-12321.157,0.0,52615.9008,0,201251.9684,0.0,5.52212291958939,5.52212291958939,0.0,5.52212291958939,5.52212291958939,2055.0,2055.0,15.953,15.953,5.4311,5.4311,50329.4958,30100.3758,7110.4494,90149.2648,0,50329.4958,30100.3758,2653.6115,70762.3261,0
20,20,45,3.2,550,244,0,0,0.6,0.5,0.5,0,2608.9438,0,-4630.2835,-4630.2835,0.0008612571553951859,52615.9008,0,201251.9684,0.0,5.52212291958939,5.52212291958939,0.0,5.52212291958939,5.52212291958939,2055.0,2055.0,15.953,15.953,5.4311,5.4311,50329.4958,30100.3758,7110.4494,90149.2648,0,50329.4958,30100.3758,4656.2073,80455.7955,0
21,21,50,3.2,550,244,0,0,0.6,0.5,0.5,0,2608.9438,0,2608.9438,2608.9438,0.3229034277237673,52615.9008,0,201251.9684,0.0,5.52212291958939,5.52212291958939,0.0,5.52212291958939,5.52212291958939,2055.0,2055.0,15.953,15.953,5.4311,5.4311,50329.4958,30100.3758,7110.4494,90149.2648,0,50329.4958,30100.3758,7110.4494,90149.2648,0
22,22,55,3.2,550,244,0,0,0.6,0.5,0.5,0,2608.9438,0,9642.2189,9642.2189,0.6449455982921392,52615.9008,0,201251.9684,0.0,5.52212291958939,5.52212291958939,0.0,5.52212291958939,5.52212291958939,2055.0,2055.0,15.953,15.953,5.4311,5.4311,50329.4958,30100.3758,7110.4494,90149.2648,0,50329.4958,30100.3758,9770.6436,99842.7341,0
23,23,60,3.2,550,244,0,0,0.6,0.5,0.5,0,2608.9438,0,16584.5674,16584.5674,0.9669877688605113,52615.9008,0,201251.9684,0.0,5.52212291958939,5.52212291958939,0.0,5.52212291958939,5.52212291958939,2055.0,2055.0,15.953,15.953,5.4311,5.4311,50329.4958,30100.3758,7110.4494,90149.2648,0,50329.4958,30100.3758,12521.7645,109536.2035,0
24,24,25,3.2,550,244,0,0,0.5,0.55,0.55,0,10398.0917,0,-34595.982,-34595.982,0.0,52615.9008,0,201251.9684,0.0,6.074335211548331,6.074335211548331,0.0,6.074335211548331,6.074335211548331,2055.0,2055.0,15.953,15.953,4.1145,4.1145,55362.4454,25083.6465,8320.0077,99164.1913,0,55362.4454,25083.6465,0,45850.11,0
25,25,30,3.2,550,244,0,0,0.5,0.55,0.55,0,10398.0917,0,-24073.1884,-24073.1884,0.0,52615.9008,0,201251.9684,0.0,6.074335211548331,6.074335211548331,0.0,6.074335211548331,6.074335211548331,2055.0,2055.0,15.953,15.953,4.1145,4.1145,55362.4454,25083.6465,8320.0077,99164.1913,0,55362.4454,25083.6465,140.0227,56512.9262,0
26,26,35,3.2,550,244,0,0,0.5,0.55,0.55,0,10398.0917,0,-14674.3565,-14674.3565,0.0,52615.9008,0,201251.9684,0.0,6.074335211548331,6.074335211548331,0.0,6.074335211548331,6.074335211548331,2055.0,2055.0,15.953,15.953,4.1145,4.1145,55362.4454,25083.6465,8320.0077,99164.1913,0,55362.4454,25083.6465,1404.0071,67175.7425,0
27,27,40,3.2,550,244,0,0,0.5,0.55,0.55,0,10398.0917,0,-5876.1416,-5876.1416,0.0,52615.9008,0,201251.9684,0.0,6.074335211548331,6.074335211548331,0.0,6.074335211548331,6.074335211548331,2055.0,2055.0,15.953,15.953,4.1145,4.1145,55362.4454,25083.6465,8320.0077,99164.1913,0,55362.4454,25083.6465,3268.6084,77838.5588,0
28,28,45,3.2,550,244,0,0,0.5,0.55,0.55,0,10398.0917,0,2494.0352,2494.0352,0.3211323197400533,52615.9008,0,201251.9684,0.0,6.074335211548331,6.074335211548331,0.0,6.074335211548331,6.074335211548331,2055.0,2055.0,15.953,15.953,4.1145,4.1145,55362.4454,25083.6465,8320.0077,99164.1913,0,55362.4454,25083.6465,5561.2479,88501.375,0
29,29,50,3.2,550,244,0,0,0.5,0.55,0.55,0,10398.0917,0,10398.0917,10398.0917,0.7462166869669228,52615.9008,0,201251.9684,0.0,6.074335211548331,6.074335211548331,0.0,6.074335211548331,6.074335211548331,2055.0,2055.0,15.953,15.953,4.1145,4.1145,55362.4454,25083.6465,8320.0077,99164.1913,0,55362.4454,25083.6465,8320.0077,99164.1913,0
30,30,55,3.2,550,244,0,0,0.5,0.55,0.55,0,10398.0917,0,18118.1142,18118.1142,1.171301054193793,52615.9008,0,201251.9684,0.0,6.074335211548331,6.074335211548331,0.0,6.074335211548331,6.074335211548331,2055.0,2055.0,15.953,15.953,4.1145,4.1145,55362.4454,25083.6465,8320.0077,99164.1913,0,55362.4454,25083.6465,11262.8014,109827.0076,0
31,31,60,3.2,550,244,0,0,0.5,0.55,0.55,0,10398.0917,0,25740.9143,25740.9143,1.5963854214206623,52615.9008,0,201251.9684,0.0,6.074335211548331,6.074335211548331,0.0,6.074335211548331,6.074335211548331,2055.0,2055.0,15.953,15.953,4.1145,4.1145,55362.4454,25083.6465,8320.0077,99164.1913,0,55362.4454,25083.6465,14302.8176,120489.8238,0
32,32,25,3.2,550,244,0,0,0.55,0.55,0.55,0,7889.727,0,-37104.3466,-37104.3466,0.0,52615.9008,0,201251.9684,0.0,6.074335211548331,6.074335211548331,0.0,6.074335211548331,6.074335211548331,2055.0,2055.0,15.953,15.953,4.5259,4.5259,55362.4454,27592.0112,8320.0077,99164.1913,0,55362.4454,27592.0112,0,45850.11,0
33,33,30,3.2,550,244,0,0,0.55,0.55,0.55,0,7889.727,0,-26581.553,-26581.553,0.0,52615.9008,0,201251.9684,0.0,6.074335211548331,6.074335211548331,0.0,6.074335211548331,6.074335211548331,2055.0,2055.0,15.953,15.953,4.5259,4.5259,55362.4454,27592.0112,8320.0077,99164.1913,0,55362.4454,27592.0112,140.0227,56512.9262,0
34,34,35,3.2,550,244,0,0,0.55,0.55,0.55,0,7889.727,0,-17182.7211,-17182.7211,0.0,52615.9008,0,201251.9684,0.0,6.074335211548331,6.074335211548331,0.0,6.074335211548331,6.074335211548331,2055.0,2055.0,15.953,15.953,4.5259,4.5259,55362.4454,27592.0112,8320.0077,99164.1913,0,55362.4454,27592.0112,1404.0071,67175.7425,0
35,35,40,3.2,550,244,0,0,0.55,0.55,0.55,0,7889.727,0,-8384.5063,-8384.5063,0.0,52615.9008,0,201251.9684,0.0,6.074335211548331,6.074335211548331,0.0,6.074335211548331,6.074335211548331,2055.0,2055.0,15.953,15.953,4.5259,4.5259,55362.4454,27592.0112,8320.0077,99164.1913,0,55362.4454,27592.0112,3268.6084,77838.5588,0
36,36,45,3.2,550,244,0,0,0.55,0.55,0.55,0,7889.727,0,-14.3295,-14.3295,0.20103357701967556,52615.9008,0,201251.9684,0.0,6.074335211548331,6.074335211548331,0.0,6.074335211548331,6.074335211548331,2055.0,2055.0,15.953,15.953,4.5259,4.5259,55362.4454,27592.0112,8320.0077,99164.1913,0,55362.4454,27592.0112,5561.2479,88501.375,0
37,37,50,3.2,550,244,0,0,0.55,0.55,0.55,0,7889.727,0,7889.727,7889.727,0.5874795130706613,52615.9008,0,201251.9684,0.0,6.074335211548331,6.074335211548331,0.0,6.074335211548331,6.074335211548331,2055.0,2055.0,15.953,15.953,4.5259,4.5259,55362.4454,27592.0112,8320.0077,99164.1913,0,55362.4454,27592.0112,8320.0077,99164.1913,0
38,38,55,3.2,550,244,0,0,0.55,0.55,0.55,0,7889.727,0,15609.7495,15609.7495,0.973925449121647,52615.9008,0,201251.9684,0.0,6.074335211548331,6.074335211548331,0.0,6.074335211548331,6.074335211548331,2055.0,2055.0,15.953,15.953,4.5259,4.5259,55362.4454,27592.0112,8320.0077,99164.1913,0,55362.4454,27592.0112,11262.8014,109827.0076,0
39,39,60,3.2,550,244,0,0,0.55,0.55,0.55,0,7889.727,0,23232.5497,23232.5497,1.360371385172633,52615.9008,0,201251.9684,0.0,6.074335211548331,6.074335211548331,0.0,6.074335211548331,6.074335211548331,2055.0,2055.0,15.953,15.953,4.5259,4.5259,55362.4454,27592.0112,8320.0077,99164.1913,0,55362.4454,27592.0112,14302.8176,120489.8238,0
40,40,25,3.2,550,244,0,0,0.6,0.55,0.55,0,5381.3624,0,-39612.7113,-39612.7113,0.0,52615.9008,0,201251.9684,0.0,6.074335211548331,6.074335211548331,0.0,6.074335211548331,6.074335211548331,2055.0,2055.0,15.953,15.953,4.9373,4.9373,55362.4454,30100.3758,8320.0077,99164.1913,0,55362.4454,30100.3758,0,45850.11,0
41,41,30,3.2,550,244,0,0,0.6,0.55,0.55,0,5381.3624,0,-29089.9177,-29089.9177,0.0,52615.9008,0,201251.9684,0.0,6.074335211548331,6.074335211548331,0.0,6.074335211548331,6.074335211548331,2055.0,2055.0,15.953,15.953,4.9373,4.9373,55362.4454,30100.3758,8320.0077,99164.1913,0,55362.4454,30100.3758,140.0227,56512.9262,0
42,42,35,3.2,550,244,0,0,0.6,0.55,0.55,0,5381.3624,0,-19691.0858,-19691.0858,0.0,52615.9008,0,201251.9684,0.0,6.074335211548331,6.074335211548331,0.0,6.074335211548331,6.074335211548331,2055.0,2055.0,15.953,15.953,4.9373,4.9373,55362.4454,30100.3758,8320.0077,99164.1913,0,55362.4454,30100.3758,1404.0071,67175.7425,0
43,43,40,3.2,550,244,0,0,0.6,0.55,0.55,0,5381.3624,0,-10892.8709,-10892.8709,0.0,52615.9008,0,201251.9684,0.0,6.074335211548331,6.074335211548331,0.0,6.074335211548331,6.074335211548331,2055.0,2055.0,15.953,15.953,4.9373,4.9373,55362.4454,30100.3758,8320.0077,99164.1913,0,55362.4454,30100.3758,3268.6084,77838.5588,0
44,44,45,3.2,550,244,0,0,0.6,0.55,0.55,0,5381.3624,0,-2522.6941,-2522.6941,0.1009486314250592,52615.9008,0,201251.9684,0.0,6.074335211548331,6.074335211548331,0.0,6.074335211548331,6.074335211548331,2055.0,2055.0,15.953,15.953,4.9373,4.9373,55362.4454,30100.3758,8320.0077,99164.1913,0,55362.4454,30100.3758,5561.2479,88501.375,0
45,45,50,3.2,550,244,0,0,0.6,0.55,0.55,0,5381.3624,0,5381.3624,5381.3624,0.45519501905026816,52615.9008,0,201251.9684,0.0,6.074335211548331,6.074335211548331,0.0,6.074335211548331,6.074335211548331,2055.0,2055.0,15.953,15.953,4.9373,4.9373,55362.4454,30100.3758,8320.0077,99164.1913,0,55362.4454,30100.3758,8320.0077,99164.1913,0
46,46,55,3.2,550,244,0,0,0.6,0.55,0.55,0,5381.3624,0,13101.3849,13101.3849,0.8094414066754776,52615.9008,0,201251.9684,0.0,6.074335211548331,6.074335211548331,0.0,6.074335211548331,6.074335211548331,2055.0,2055.0,15.953,15.953,4.9373,4.9373,55362.4454,30100.3758,8320.0077,99164.1913,0,55362.4454,30100.3758,11262.8014,109827.0076,0
47,47,60,3.2,550,244,0,0,0.6,0.55,0.55,0,5381.3624,0,20724.185,20724.185,1.163687794300687,52615.9008,0,201251.9684,0.0,6.074335211548331,6.074335211548331,0.0,6.074335211548331,6.074335211548331,2055.0,2055.0,15.953,15.953,4.9373,4.9373,55362.4454,30100.3758,8320.0077,99164.1913,0,55362.4454,30100.3758,14302.8176,120489.8238,0
48,48,25,3.2,550,244,0,0,0.5,0.6,0.6,0,13170.5103,0,-35460.7397,-35460.7397,0.0,52615.9008,0,201251.9684,0.0,6.626547503507268,6.626547503507268,0.0,6.626547503507268,6.626547503507268,2055.0,2055.0,15.953,15.953,3.7716,3.7716,60395.395,25083.6465,9529.566,108179.1178,0,60395.395,25083.6465,0,50018.3018,0
49,49,30,3.2,550,244,0,0,0.5,0.6,0.6,0,13170.5103,0,-24120.4909,-24120.4909,0.0,52615.9008,0,201251.9684,0.0,6.626547503507268,6.626547503507268,0.0,6.626547503507268,6.626547503507268,2055.0,2055.0,15.953,15.953,3.7716,3.7716,60395.395,25083.6465,9529.566,108179.1178,0,60395.395,25083.6465,291.9144,61650.465,0
50,50,35,3.2,550,244,0,0,0.5,0.6,0.6,0,13170.5103,0,-13994.5803,-13994.5803,0.0,52615.9008,0,201251.9684,0.0,6.626547503507268,6.626547503507268,0.0,6.626547503507268,6.626547503507268,2055.0,2055.0,15.953,15.953,3.7716,3.7716,60395.395,25083.6465,9529.566,108179.1178,0,60395.395,25083.6465,1798.167,73282.6282,0
51,51,40,3.2,550,244,0,0,0.5,0.6,0.6,0,13170.5103,0,-4461.2077,-4461.2077,0.0,52615.9008,0,201251.9684,0.0,6.626547503507268,6.626547503507268,0.0,6.626547503507268,6.626547503507268,2055.0,2055.0,15.953,15.953,3.7716,3.7716,60395.395,25083.6465,9529.566,108179.1178,0,60395.395,25083.6465,3896.9576,84914.7914,0
52,52,45,3.2,550,244,0,0,0.5,0.6,0.6,0,13170.5103,0,4584.0297,4584.0297,0.4412339767930299,52615.9008,0,201251.9684,0.0,6.626547503507268,6.626547503507268,0.0,6.626547503507268,6.626547503507268,2055.0,2055.0,15.953,15.953,3.7716,3.7716,60395.395,25083.6465,9529.566,108179.1178,0,60395.395,25083.6465,6483.8834,96546.9546,0
53,53,50,3.2,550,244,0,0,0.5,0.6,0.6,0,13170.5103,0,13170.5103,13170.5103,0.9049623774041607,52615.9008,0,201251.9684,0.0,6.626547503507268,6.626547503507268,0.0,6.626547503507268,6.626547503507268,2055.0,2055.0,15.953,15.953,3.7716,3.7716,60395.395,25083.6465,9529.566,108179.1178,0,60395.395,25083.6465,9529.566,108179.1178,0
54,54,55,3.2,550,244,0,0,0.5,0.6,0.6,0,13170.5103,0,21577.2802,21577.2802,1.3686907780152906,52615.9008,0,201251.9684,0.0,6.626547503507268,6.626547503507268,0.0,6.626547503507268,6.626547503507268,2055.0,2055.0,15.953,15.953,3.7716,3.7716,60395.395,25083.6465,9529.566,108179.1178,0,60395.395,25083.6465,12754.9593,119811.281,0
55,55,60,3.2,550,244,0,0,0.5,0.6,0.6,0,13170.5103,0,29880.532,29880.532,1.832419178626422,52615.9008,0,201251.9684,0.0,6.626547503507268,6.626547503507268,0.0,6.626547503507268,6.626547503507268,2055.0,2055.0,15.953,15.953,3.7716,3.7716,60395.395,25083.6465,9529.566,108179.1178,0,60395.395,25083.6465,16083.8707,131443.4442,0
56,56,25,3.2,550,244,0,0,0.55,0.6,0.6,0,10662.1456,0,-37969.1044,-37969.1044,0.0,52615.9008,0,201251.9684,0.0,6.626547503507268,6.626547503507268,0.0,6.626547503507268,6.626547503507268,2055.0,2055.0,15.953,15.953,4.1487,4.1487,60395.395,27592.0112,9529.566,108179.1178,0,60395.395,27592.0112,0,50018.3018,0
57,57,30,3.2,550,244,0,0,0.55,0.6,0.6,0,10662.1456,0,-26628.8555,-26628.8555,0.0,52615.9008,0,201251.9684,0.0,6.626547503507268,6.626547503507268,0.0,6.626547503507268,6.626547503507268,2055.0,2055.0,15.953,15.953,4.1487,4.1487,60395.395,27592.0112,9529.566,108179.1178,0,60395.395,27592.0112,291.9144,61650.465,0
58,58,35,3.2,550,244,0,0,0.55,0.6,0.6,0,10662.1456,0,-16502.945,-16502.945,0.0,52615.9008,0,201251.9684,0.0,6.626547503507268,6.626547503507268,0.0,6.626547503507268,6.626547503507268,2055.0,2055.0,15.953,15.953,4.1487,4.1487,60395.395,27592.0112,9529.566,108179.1178,0,60395.395,27592.0112,1798.167,73282.6282,0
59,59,40,3.2,550,244,0,0,0.55,0.6,0.6,0,10662.1456,0,-6969.5724,-6969.5724,0.0,52615.9008,0,201251.9684,0.0,6.626547503507268,6.626547503507268,0.0,6.626547503507268,6.626547503507268,2055.0,2055.0,15.953,15.953,4.1487,4.1487,60395.395,27592.0112,9529.566,108179.1178,0,60395.395,27592.0112,3896.9576,84914.7914,0
60,60,45,3.2,550,244,0,0,0.55,0.6,0.6,0,10662.1456,0,2075.665,2075.665,0.31021848443910366,52615.9008,0,201251.9684,0.0,6.626547503507268,6.626547503507268,0.0,6.626547503507268,6.626547503507268,2055.0,2055.0,15.953,15.953,4.1487,4.1487,60395.395,27592.0112,9529.566,108179.1178,0,60395.395,27592.0112,6483.8834,96546.9546,0
61,61,50,3.2,550,244,0,0,0.55,0.6,0.6,0,10662.1456,0,10662.1456,10662.1456,0.7317958692219977,52615.9008,0,201251.9684,0.0,6.626547503507268,6.626547503507268,0.0,6.626547503507268,6.626547503507268,2055.0,2055.0,15.953,15.953,4.1487,4.1487,60395.395,27592.0112,9529.566,108179.1178,0,60395.395,27592.0112,9529.566,108179.1178,0
62,62,55,3.2,550,244,0,0,0.55,0.6,0.6,0,10662.1456,0,19068.9155,19068.9155,1.1533732540048909,52615.9008,0,201251.9684,0.0,6.626547503507268,6.626547503507268,0.0,6.626547503507268,6.626547503507268,2055.0,2055.0,15.953,15.953,4.1487,4.1487,60395.395,27592.0112,9529.566,108179.1178,0,60395.395,27592.0112,12754.9593,119811.281,0
63,63,60,3.2,550,244,0,0,0.55,0.6,0.6,0,10662.1456,0,27372.1673,27372.1673,1.5749506387877845,52615.9008,0,201251.9684,0.0,6.626547503507268,6.626547503507268,0.0,6.626547503507268,6.626547503507268,2055.0,2055.0,15.953,15.953,4.1487,4.1487,60395.395,27592.0112,9529.566,108179.1178,0,60395.395,27592.0112,16083.8707,131443.4442,0
64,64,25,3.2,550,244,0,0,0.6,0.6,0.6,0,8153.781,0,-40477.469,-40477.469,0.0,52615.9008,0,201251.9684,0.0,6.626547503507268,6.626547503507268,0.0,6.626547503507268,6.626547503507268,2055.0,2055.0,15.953,15.953,4.5259,4.5259,60395.395,30100.3758,9529.566,108179.1178,0,60395.395,30100.3758,0,50018.3018,0
65,65,30,3.2,550,244,0,0,0.6,0.6,0.6,0,8153.781,0,-29137.2202,-29137.2202,0.0,52615.9008,0,201251.9684,0.0,6.626547503507268,6.626547503507268,0.0,6.626547503507268,6.626547503507268,2055.0,2055.0,15.953,15.953,4.5259,4.5259,60395.395,30100.3758,9529.566,108179.1178,0,60395.395,30100.3758,291.9144,61650.465,0
66,66,35,3.2,550,244,0,0,0.6,0.6,0.6,0,8153.781,0,-19011.3096,-19011.3096,0.0,52615.9008,0,201251.9684,0.0,6.626547503507268,6.626547503507268,0.0,6.626547503507268,6.626547503507268,2055.0,2055.0,15.953,15.953,4.5259,4.5259,60395.395,30100.3758,9529.566,108179.1178,0,60395.395,30100.3758,1798.167,73282.6282,0
67,67,40,3.2,550,244,0,0,0.6,0.6,0.6,0,8153.781,0,-9477.937,-9477.937,0.0,52615.9008,0,201251.9684,0.0,6.626547503507268,6.626547503507268,0.0,6.626547503507268,6.626547503507268,2055.0,2055.0,15.953,15.953,4.5259,4.5259,60395.395,30100.3758,9529.566,108179.1178,0,60395.395,30100.3758,3896.9576,84914.7914,0
68,68,45,3.2,550,244,0,0,0.6,0.6,0.6,0,8153.781,0,-432.6996,-432.6996,0.20103600569472224,52615.9008,0,201251.9684,0.0,6.626547503507268,6.626547503507268,0.0,6.626547503507268,6.626547503507268,2055.0,2055.0,15.953,15.953,4.5259,4.5259,60395.395,30100.3758,9529.566,108179.1178,0,60395.395,30100.3758,6483.8834,96546.9546,0
69,69,50,3.2,550,244,0,0,0.6,0.6,0.6,0,8153.781,0,8153.781,8153.781,0.5874866103767689,52615.9008,0,201251.9684,0.0,6.626547503507268,6.626547503507268,0.0,6.626547503507268,6.626547503507268,2055.0,2055.0,15.953,15.953,4.5259,4.5259,60395.395,30100.3758,9529.566,108179.1178,0,60395.395,30100.3758,9529.566,108179.1178,0
70,70,55,3.2,550,244,0,0,0.6,0.6,0.6,0,8153.781,0,16560.5509,16560.5509,0.9739372150588153,52615.9008,0,201251.9684,0.0,6.626547503507268,6.626547503507268,0.0,6.626547503507268,6.626547503507268,2055.0,2055.0,15.953,15.953,4.5259,4.5259,60395.395,30100.3758,9529.566,108179.1178,0,60395.395,30100.3758,12754.9593,119811.281,0
71,71,60,3.2,550,244,0,0,0.6,0.6,0.6,0,8153.781,0,24863.8027,24863.8027,1.3603878197408619,52615.9008,0,201251.9684,0.0,6.626547503507268,6.626547503507268,0.0,6.626547503507268,6.626547503507268,2055.0,2055.0,15.953,15.953,4.5259,4.5259,60395.395,30100.3758,9529.566,108179.1178,0,60395.395,30100.3758,16083.8707,131443.4442,0
72,72,25,3.2,550,244,0,0,0.5,0.65,0.65,0,15942.9289,0,-36325.4975,-36325.4975,0.0,52615.9008,0,201251.9684,0.0,7.178759795466208,7.178759795466208,0.0,7.178759795466208,7.178759795466208,2055.0,2055.0,15.953,15.953,3.4815,3.4815,65428.3446,25083.6465,10739.1243,117194.0442,0,65428.3446,25083.6465,0,54186.4936,0
73,73,30,3.2,550,244,0,0,0.5,0.65,0.65,0,15942.9289,0,-24187.3295,-24187.3295,0.0,52615.9008,0,201251.9684,0.0,7.178759795466208,7.178759795466208,0.0,7.178759795466208,7.178759795466208,2055.0,2055.0,15.953,15.953,3.4815,3.4815,65428.3446,25083.6465,10739.1243,117194.0442,0,65428.3446,25083.6465,463.3421,66788.0037,0
74,74,35,3.2,550,244,0,0,0.5,0.65,0.65,0,15942.9289,0,-13317.9663,-13317.9663,0.0,52615.9008,0,201251.9684,0.0,7.178759795466208,7.178759795466208,0.0,7.178759795466208,7.178759795466208,2055.0,2055.0,15.953,15.953,3.4815,3.4815,65428.3446,25083.6465,10739.1243,117194.0442,0,65428.3446,25083.6465,2195.489,79389.5138,0
75,75,40,3.2,550,244,0,0,0.5,0.65,0.65,0,15942.9289,0,-3046.2738,-3046.2738,0.05896319985061567,52615.9008,0,201251.9684,0.0,7.178759795466208,7.178759795466208,0.0,7.178759795466208,7.178759795466208,2055.0,2055.0,15.953,15.953,3.4815,3.4815,65428.3446,25083.6465,10739.1243,117194.0442,0,65428.3446,25083.6465,4525.3068,91991.024,0
76,76,45,3.2,550,244,0,0,0.5,0.65,0.65,0,15942.9289,0,6674.0241,6674.0241,0.561335633846007,52615.9008,0,201251.9684,0.0,7.178759795466208,7.178759795466208,0.0,7.178759795466208,7.178759795466208,2055.0,2055.0,15.953,15.953,3.4815,3.4815,65428.3446,25083.6465,10739.1243,117194.0442,0,65428.3446,25083.6465,7406.5189,104592.5341,0
77,77,50,3.2,550,244,0,0,0.5,0.65,0.65,0,15942.9289,0,15942.9289,15942.9289,1.0637080678413984,52615.9008,0,201251.9684,0.0,7.178759795466208,7.178759795466208,0.0,7.178759795466208,7.178759795466208,2055.0,2055.0,15.953,15.953,3.4815,3.4815,65428.3446,25083.6465,10739.1243,117194.0442,0,65428.3446,25083.6465,10739.1243,117194.0442,0
78,78,55,3.2,550,244,0,0,0.5,0.65,0.65,0,15942.9289,0,25026.5588,25026.5588,1.5660805018367905,52615.9008,0,201251.9684,0.0,7.178759795466208,7.178759795466208,0.0,7.178759795466208,7.178759795466208,2055.0,2055.0,15.953,15.953,3.4815,3.4815,65428.3446,25083.6465,10739.1243,117194.0442,0,65428.3446,25083.6465,14257.0045,129795.5544,0
79,79,60,3.2,550,244,0,0,0.5,0.65,0.65,0,15942.9289,0,34020.1496,34020.1496,2.0684529358321813,52615.9008,0,201251.9684,0.0,7.178759795466208,7.178759795466208,0.0,7.178759795466208,7.178759795466208,2055.0,2055.0,15.953,15.953,3.4815,3.4815,65428.3446,25083.6465,10739.1243,117194.0442,0,65428.3446,25083.6465,17864.9238,142397.0645,0
80,80,25,3.2,550,244,0,0,0.55,0.65,0.65,0,13434.5642,0,-38833.8621,-38833.8621,0.0,52615.9008,0,201251.9684,0.0,7.178759795466208,7.178759795466208,0.0,7.178759795466208,7.178759795466208,2055.0,2055.0,15.953,15.953,3.8296,3.8296,65428.3446,27592.0112,10739.1243,117194.0442,0,65428.3446,27592.0112,0,54186.4936,0
81,81,30,3.2,550,244,0,0,0.55,0.65,0.65,0,13434.5642,0,-26695.6941,-26695.6941,0.0,52615.9008,0,201251.9684,0.0,7.178759795466208,7.178759795466208,0.0,7.178759795466208,7.178759795466208,2055.0,2055.0,15.953,15.953,3.8296,3.8296,65428.3446,27592.0112,10739.1243,117194.0442,0,65428.3446,27592.0112,463.3421,66788.0037,0
82,82,35,3.2,550,244,0,0,0.55,0.65,0.65,0,13434.5642,0,-15826.3309,-15826.3309,0.0,52615.9008,0,201251.9684,0.0,7.178759795466208,7.178759795466208,0.0,7.178759795466208,7.178759795466208,2055.0,2055.0,15.953,15.953,3.8296,3.8296,65428.3446,27592.0112,10739.1243,117194.0442,0,65428.3446,27592.0112,2195.489,79389.5138,0
83,83,40,3.2,550,244,0,0,0.55,0.65,0.65,0,13434.5642,0,-5554.6385,-5554.6385,0.0,52615.9008,0,201251.9684,0.0,7.178759795466208,7.178759795466208,0.0,7.178759795466208,7.178759795466208,2055.0,2055.0,15.953,15.953,3.8296,3.8296,65428.3446,27592.0112,10739.1243,117194.0442,0,65428.3446,27592.0112,4525.3068,91991.024,0
84,84,45,3.2,550,244,0,0,0.55,0.65,0.65,0,13434.5642,0,4165.6595,4165.6595,0.4194033918585324,52615.9008,0,201251.9684,0.0,7.178759795466208,7.178759795466208,0.0,7.178759795466208,7.178759795466208,2055.0,2055.0,15.953,15.953,3.8296,3.8296,65428.3446,27592.0112,10739.1243,117194.0442,0,65428.3446,27592.0112,7406.5189,104592.5341,0
85,85,50,3.2,550,244,0,0,0.55,0.65,0.65,0,13434.5642,0,13434.5642,13434.5642,0.8761122253733337,52615.9008,0,201251.9684,0.0,7.178759795466208,7.178759795466208,0.0,7.178759795466208,7.178759795466208,2055.0,2055.0,15.953,15.953,3.8296,3.8296,65428.3446,27592.0112,10739.1243,117194.0442,0,65428.3446,27592.0112,10739.1243,117194.0442,0
86,86,55,3.2,550,244,0,0,0.55,0.65,0.65,0,13434.5642,0,22518.1942,22518.1942,1.3328210588881355,52615.9008,0,201251.9684,0.0,7.178759795466208,7.178759795466208,0.0,7.178759795466208,7.178759795466208,2055.0,2055.0,15.953,15.953,3.8296,3.8296,65428.3446,27592.0112,10739.1243,117194.0442,0,65428.3446,27592.0112,14257.0045,129795.5544,0
87,87,60,3.2,550,244,0,0,0.55,0.65,0.65,0,13434.5642,0,31511.785,31511.785,1.7895298924029361,52615.9008,0,201251.9684,0.0,7.178759795466208,7.178759795466208,0.0,7.178759795466208,7.178759795466208,2055.0,2055.0,15.953,15.953,3.8296,3.8296,65428.3446,27592.0112,10739.1243,117194.0442,0,65428.3446,27592.0112,17864.9238,142397.0645,0
88,88,25,3.2,550,244,0,0,0.6,0.65,0.65,0,10926.1996,0,-41342.2268,-41342.2268,0.0,52615.9008,0,201251.9684,0.0,7.178759795466208,7.178759795466208,0.0,7.178759795466208,7.178759795466208,2055.0,2055.0,15.953,15.953,4.1777,4.1777,65428.3446,30100.3758,10739.1243,117194.0442,0,65428.3446,30100.3758,0,54186.4936,0
89,89,30,3.2,550,244,0,0,0.6,0.65,0.65,0,10926.1996,0,-29204.0588,-29204.0588,0.0,52615.9008,0,201251.9684,0.0,7.178759795466208,7.178759795466208,0.0,7.178759795466208,7.178759795466208,2055.0,2055.0,15.953,15.953,4.1777,4.1777,65428.3446,30100.3758,10739.1243,117194.0442,0,65428.3446,30100.3758,463.3421,66788.0037,0
90,90,35,3.2,550,244,0,0,0.6,0.65,0.65,0,10926.1996,0,-18334.6956,-18334.6956,0.0,52615.9008,0,201251.9684,0.0,7.178759795466208,7.178759795466208,0.0,7.178759795466208,7.178759795466208,2055.0,2055.0,15.953,15.953,4.1777,4.1777,65428.3446,30100.3758,10739.1243,117194.0442,0,65428.3446,30100.3758,2195.489,79389.5138,0
91,91,40,3.2,550,244,0,0,0.6,0.65,0.65,0,10926.1996,0,-8063.0032,-8063.0032,0.0,52615.9008,0,201251.9684,0.0,7.178759795466208,7.178759795466208,0.0,7.178759795466208,7.178759795466208,2055.0,2055.0,15.953,15.953,4.1777,4.1777,65428.3446,30100.3758,10739.1243,117194.0442,0,65428.3446,30100.3758,4525.3068,91991.024,0
92,92,45,3.2,550,244,0,0,0.6,0.65,0.65,0,10926.1996,0,1657.2948,1657.2948,0.30112337996438604,52615.9008,0,201251.9684,0.0,7.178759795466208,7.178759795466208,0.0,7.178759795466208,7.178759795466208,2055.0,2055.0,15.953,15.953,4.1777,4.1777,65428.3446,30100.3758,10739.1243,117194.0442,0,65428.3446,30100.3758,7406.5189,104592.5341,0
93,93,50,3.2,550,244,0,0,0.6,0.65,0.65,0,10926.1996,0,10926.1996,10926.1996,0.7197782017032692,52615.9008,0,201251.9684,0.0,7.178759795466208,7.178759795466208,0.0,7.178759795466208,7.178759795466208,2055.0,2055.0,15.953,15.953,4.1777,4.1777,65428.3446,30100.3758,10739.1243,117194.0442,0,65428.3446,30100.3758,10739.1243,117194.0442,0
94,94,55,3.2,550,244,0,0,0.6,0.65,0.65,0,10926.1996,0,20009.8295,20009.8295,1.1384330234421536,52615.9008,0,201251.9684,0.0,7.178759795466208,7.178759795466208,0.0,7.178759795466208,7.178759795466208,2055.0,2055.0,15.953,15.953,4.1777,4.1777,65428.3446,30100.3758,10739.1243,117194.0442,0,65428.3446,30100.3758,14257.0045,129795.5544,0
95,95,60,3.2,550,244,0,0,0.6,0.65,0.65,0,10926.1996,0,29003.4203,29003.4203,1.5570878451810368,52615.9008,0,201251.9684,0.0,7.178759795466208,7.178759795466208,0.0,7.178759795466208,7.178759795466208,2055.0,2055.0,15.953,15.953,4.1777,4.1777,65428.3446,30100.3758,10739.1243,117194.0442,0,65428.3446,30100.3758,17864.9238,142397.0645,0
96,96,25,3.2,550,244,0,0,0.5,0.7,0.7,0,18708.947,0,-37190.2553,-37190.2553,0.0,52615.9008,0,201251.9684,0.0,7.730972087425147,7.730972087425147,0.0,7.730972087425147,7.730972087425147,2055.0,2055.0,15.953,15.953,3.2328,3.2328,70461.2941,25083.6465,11955.0831,126208.9707,0,70461.2941,25083.6465,0,58354.6854,0
97,97,30,3.2,550,244,0,0,0.5,0.7,0.7,0,18708.947,0,-24269.403,-24269.403,0.0,52615.9008,0,201251.9684,0.0,7.730972087425147,7.730972087425147,0.0,7.730972087425147,7.730972087425147,2055.0,2055.0,15.953,15.953,3.2328,3.2328,70461.2941,25083.6465,11955.0831,126208.9707,0,70461.2941,25083.6465,650.0048,71925.5425,0
98,98,35,3.2,550,244,0,0,0.5,0.7,0.7,0,18708.947,0,-12656.4411,-12656.4411,0.0,52615.9008,0,201251.9684,0.0,7.730972087425147,7.730972087425147,0.0,7.730972087425147,7.730972087425147,2055.0,2055.0,15.953,15.953,3.2328,3.2328,70461.2941,25083.6465,11955.0831,126208.9707,0,70461.2941,25083.6465,2607.9,85496.3995,0
99,99,40,3.2,550,244,0,0,0.5,0.7,0.7,0,18708.947,0,-1631.34,-1631.34,0.14042082351933172,52615.9008,0,201251.9684,0.0,7.730972087425147,7.730972087425147,0.0,7.730972087425147,7.730972087425147,2055.0,2055.0,15.953,15.953,3.2328,3.2328,70461.2941,25083.6465,11955.0831,126208.9707,0,70461.2941,25083.6465,5153.6559,99067.2566,0
100,100,45,3.2,550,244,0,0,0.5,0.7,0.7,0,18708.947,0,8755.3229,8755.3229,0.6814372908989841,52615.9008,0,201251.9684,0.0,7.730972087425147,7.730972087425147,0.0,7.730972087425147,7.730972087425147,2055.0,2055.0,15.953,15.953,3.2328,3.2328,70461.2941,25083.6465,11955.0831,126208.9707,0,70461.2941,25083.6465,8337.8501,112638.1137,0
101,101,50,3.2,550,244,0,0,0.5,0.7,0.7,0,18708.947,0,18708.947,18708.947,1.2224537582786366,52615.9008,0,201251.9684,0.0,7.730972087425147,7.730972087425147,0.0,7.730972087425147,7.730972087425147,2055.0,2055.0,15.953,15.953,3.2328,3.2328,70461.2941,25083.6465,11955.0831,126208.9707,0,70461.2941,25083.6465,11955.0831,126208.9707,0
102,102,55,3.2,550,244,0,0,0.5,0.7,0.7,0,18708.947,0,28474.3618,28474.3618,1.763470225658289,52615.9008,0,201251.9684,0.0,7.730972087425147,7.730972087425147,0.0,7.730972087425147,7.730972087425147,2055.0,2055.0,15.953,15.953,3.2328,3.2328,70461.2941,25083.6465,11955.0831,126208.9707,0,70461.2941,25083.6465,15760.5253,139779.8278,0
103,103,60,3.2,550,244,0,0,0.5,0.7,0.7,0,18708.947,0,38159.1697,38159.1697,2.3044866930379415,52615.9008,0,201251.9684,0.0,7.730972087425147,7.730972087425147,0.0,7.730972087425147,7.730972087425147,2055.0,2055.0,15.953,15.953,3.2328,3.2328,70461.2941,25083.6465,11955.0831,126208.9707,0,70461.2941,25083.6465,19646.5746,153350.6849,0
104,104,25,3.2,550,244,0,0,0.55,0.7,0.7,0,16200.5823,0,-39698.6199,-39698.6199,0.0,52615.9008,0,201251.9684,0.0,7.730972087425147,7.730972087425147,0.0,7.730972087425147,7.730972087425147,2055.0,2055.0,15.953,15.953,3.5561,3.5561,70461.2941,27592.0112,11955.0831,126208.9707,0,70461.2941,27592.0112,0,58354.6854,0
105,105,30,3.2,550,244,0,0,0.55,0.7,0.7,0,16200.5823,0,-26777.7677,-26777.7677,0.0,52615.9008,0,201251.9684,0.0,7.730972087425147,7.730972087425147,0.0,7.730972087425147,7.730972087425147,2055.0,2055.0,15.953,15.953,3.5561,3.5561,70461.2941,27592.0112,11955.0831,126208.9707,0,70461.2941,27592.0112,650.0048,71925.5425,0
106,106,35,3.2,550,244,0,0,0.55,0.7,0.7,0,16200.5823,0,-15164.8057,-15164.8057,0.0,52615.9008,0,201251.9684,0.0,7.730972087425147,7.730972087425147,0.0,7.730972087425147,7.730972087425147,2055.0,2055.0,15.953,15.953,3.5561,3.5561,70461.2941,27592.0112,11955.0831,126208.9707,0,70461.2941,27592.0112,2607.9,85496.3995,0
107,107,40,3.2,550,244,0,0,0.55,0.7,0.7,0,16200.5823,0,-4139.7046,-4139.7046,0.036748017031252106,52615.9008,0,201251.9684,0.0,7.730972087425147,7.730972087425147,0.0,7.730972087425147,7.730972087425147,2055.0,2055.0,15.953,15.953,3.5561,3.5561,70461.2941,27592.0112,11955.0831,126208.9707,0,70461.2941,27592.0112,5153.6559,99067.2566,0
108,108,45,3.2,550,244,0,0,0.55,0.7,0.7,0,16200.5823,0,6246.9583,6246.9583,0.5285882992779611,52615.9008,0,201251.9684,0.0,7.730972087425147,7.730972087425147,0.0,7.730972087425147,7.730972087425147,2055.0,2055.0,15.953,15.953,3.5561,3.5561,70461.2941,27592.0112,11955.0831,126208.9707,0,70461.2941,27592.0112,8337.8501,112638.1137,0
109,109,50,3.2,550,244,0,0,0.55,0.7,0.7,0,16200.5823,0,16200.5823,16200.5823,1.0204285815246703,52615.9008,0,201251.9684,0.0,7.730972087425147,7.730972087425147,0.0,7.730972087425147,7.730972087425147,2055.0,2055.0,15.953,15.953,3.5561,3.5561,70461.2941,27592.0112,11955.0831,126208.9707,0,70461.2941,27592.0112,11955.0831,126208.9707,0
110,110,55,3.2,550,244,0,0,0.55,0.7,0.7,0,16200.5823,0,25965.9972,25965.9972,1.5122688637713797,52615.9008,0,201251.9684,0.0,7.730972087425147,7.730972087425147,0.0,7.730972087425147,7.730972087425147,2055.0,2055.0,15.953,15.953,3.5561,3.5561,70461.2941,27592.0112,11955.0831,126208.9707,0,70461.2941,27592.0112,15760.5253,139779.8278,0
111,111,60,3.2,550,244,0,0,0.55,0.7,0.7,0,16200.5823,0,35650.805,35650.805,2.004109146018089,52615.9008,0,201251.9684,0.0,7.730972087425147,7.730972087425147,0.0,7.730972087425147,7.730972087425147,2055.0,2055.0,15.953,15.953,3.5561,3.5561,70461.2941,27592.0112,11955.0831,126208.9707,0,70461.2941,27592.0112,19646.5746,153350.6849,0
112,112,25,3.2,550,244,0,0,0.6,0.7,0.7,0,13692.2177,0,-42206.9846,-42206.9846,0.0,52615.9008,0,201251.9684,0.0,7.730972087425147,7.730972087425147,0.0,7.730972087425147,7.730972087425147,2055.0,2055.0,15.953,15.953,3.8793,3.8793,70461.2941,30100.3758,11955.0831,126208.9707,0,70461.2941,30100.3758,0,58354.6854,0
113,113,30,3.2,550,244,0,0,0.6,0.7,0.7,0,13692.2177,0,-29286.1323,-29286.1323,0.0,52615.9008,0,201251.9684,0.0,7.730972087425147,7.730972087425147,0.0,7.730972087425147,7.730972087425147,2055.0,2055.0,15.953,15.953,3.8793,3.8793,70461.2941,30100.3758,11955.0831,126208.9707,0,70461.2941,30100.3758,650.0048,71925.5425,0
114,114,35,3.2,550,244,0,0,0.6,0.7,0.7,0,13692.2177,0,-17673.1704,-17673.1704,0.0,52615.9008,0,201251.9684,0.0,7.730972087425147,7.730972087425147,0.0,7.730972087425147,7.730972087425147,2055.0,2055.0,15.953,15.953,3.8793,3.8793,70461.2941,30100.3758,11955.0831,126208.9707,0,70461.2941,30100.3758,2607.9,85496.3995,0
115,115,40,3.2,550,244,0,0,0.6,0.7,0.7,0,13692.2177,0,-6648.0693,-6648.0693,0.0,52615.9008,0,201251.9684,0.0,7.730972087425147,7.730972087425147,0.0,7.730972087425147,7.730972087425147,2055.0,2055.0,15.953,15.953,3.8793,3.8793,70461.2941,30100.3758,11955.0831,126208.9707,0,70461.2941,30100.3758,5153.6559,99067.2566,0
116,116,45,3.2,550,244,0,0,0.6,0.7,0.7,0,13692.2177,0,3738.5936,3738.5936,0.4012107542340494,52615.9008,0,201251.9684,0.0,7.730972087425147,7.730972087425147,0.0,7.730972087425147,7.730972087425147,2055.0,2055.0,15.953,15.953,3.8793,3.8793,70461.2941,30100.3758,11955.0831,126208.9707,0,70461.2941,30100.3758,8337.8501,112638.1137,0
117,117,50,3.2,550,244,0,0,0.6,0.7,0.7,0,13692.2177,0,13692.2177,13692.2177,0.8520697930297706,52615.9008,0,201251.9684,0.0,7.730972087425147,7.730972087425147,0.0,7.730972087425147,7.730972087425147,2055.0,2055.0,15.953,15.953,3.8793,3.8793,70461.2941,30100.3758,11955.0831,126208.9707,0,70461.2941,30100.3758,11955.0831,126208.9707,0
118,118,55,3.2,550,244,0,0,0.6,0.7,0.7,0,13692.2177,0,23457.6325,23457.6325,1.3029288318254915,52615.9008,0,201251.9684,0.0,7.730972087425147,7.730972087425147,0.0,7.730972087425147,7.730972087425147,2055.0,2055.0,15.953,15.953,3.8793,3.8793,70461.2941,30100.3758,11955.0831,126208.9707,0,70461.2941,30100.3758,15760.5253,139779.8278,0
119,119,60,3.2,550,244,0,0,0.6,0.7,0.7,0,13692.2177,0,33142.4404,33142.4404,1.7537878706212124,52615.9008,0,201251.9684,0.0,7.730972087425147,7.730972087425147,0.0,7.730972087425147,7.730972087425147,2055.0,2055.0,15.953,15.953,3.8793,3.8793,70461.2941,30100.3758,11955.0831,126208.9707,0,70461.2941,30100.3758,19646.5746,153350.6849,0
120,120,25,3.2,550,244,0,0,0.5,0.75,0.75,0,21469.0655,0,-38055.013,-38055.013,0.0,52615.9008,0,201251.9684,0.0,8.283184379384085,8.283184379384085,0.0,8.283184379384085,8.283184379384085,2055.0,2055.0,15.953,15.953,3.0173,3.0173,75494.2437,25083.6465,13176.9415,135223.8972,0,75494.2437,25083.6465,0,62522.8772,0
121,121,30,3.2,550,244,0,0,0.5,0.75,0.75,0,21469.0655,0,-24363.4255,-24363.4255,0.0,52615.9008,0,201251.9684,0.0,8.283184379384085,8.283184379384085,0.0,8.283184379384085,8.283184379384085,2055.0,2055.0,15.953,15.953,3.0173,3.0173,75494.2437,25083.6465,13176.9415,135223.8972,0,75494.2437,25083.6465,848.6165,77063.0812,0
122,122,35,3.2,550,244,0,0,0.5,0.75,0.75,0,21469.0655,0,-11994.9159,-11994.9159,0.0,52615.9008,0,201251.9684,0.0,8.283184379384085,8.283184379384085,0.0,8.283184379384085,8.283184379384085,2055.0,2055.0,15.953,15.953,3.0173,3.0173,75494.2437,25083.6465,13176.9415,135223.8972,0,75494.2437,25083.6465,3020.3109,91603.2852,0
123,123,40,3.2,550,244,0,0,0.5,0.75,0.75,0,21469.0655,0,-224.4456,-224.4456,0.22187844718804775,52615.9008,0,201251.9684,0.0,8.283184379384085,8.283184379384085,0.0,8.283184379384085,8.283184379384085,2055.0,2055.0,15.953,15.953,3.0173,3.0173,75494.2437,25083.6465,13176.9415,135223.8972,0,75494.2437,25083.6465,5790.0446,106143.4892,0
124,124,45,3.2,550,244,0,0,0.5,0.75,0.75,0,21469.0655,0,10829.8213,10829.8213,0.8015389479519606,52615.9008,0,201251.9684,0.0,8.283184379384085,8.283184379384085,0.0,8.283184379384085,8.283184379384085,2055.0,2055.0,15.953,15.953,3.0173,3.0173,75494.2437,25083.6465,13176.9415,135223.8972,0,75494.2437,25083.6465,9275.9817,120683.6932,0
125,125,50,3.2,550,244,0,0,0.5,0.75,0.75,0,21469.0655,0,21469.0655,21469.0655,1.3811994487158736,52615.9008,0,201251.9684,0.0,8.283184379384085,8.283184379384085,0.0,8.283184379384085,8.283184379384085,2055.0,2055.0,15.953,15.953,3.0173,3.0173,75494.2437,25083.6465,13176.9415,135223.8972,0,75494.2437,25083.6465,13176.9415,135223.8972,0
126,126,55,3.2,550,244,0,0,0.5,0.75,0.75,0,21469.0655,0,31922.1648,31922.1648,1.9608599494797867,52615.9008,0,201251.9684,0.0,8.283184379384085,8.283184379384085,0.0,8.283184379384085,8.283184379384085,2055.0,2055.0,15.953,15.953,3.0173,3.0173,75494.2437,25083.6465,13176.9415,135223.8972,0,75494.2437,25083.6465,17264.0462,149764.1012,0
127,127,60,3.2,550,244,0,0,0.5,0.75,0.75,0,21469.0655,0,42291.0893,42291.0893,2.5405204502437004,52615.9008,0,201251.9684,0.0,8.283184379384085,8.283184379384085,0.0,8.283184379384085,8.283184379384085,2055.0,2055.0,15.953,15.953,3.0173,3.0173,75494.2437,25083.6465,13176.9415,135223.8972,0,75494.2437,25083.6465,21435.3257,164304.3052,0
128,128,25,3.2,550,244,0,0,0.55,0.75,0.75,0,18960.7008,0,-40563.3777,-40563.3777,0.0,52615.9008,0,201251.9684,0.0,8.283184379384085,8.283184379384085,0.0,8.283184379384085,8.283184379384085,2055.0,2055.0,15.953,15.953,3.319,3.319,75494.2437,27592.0112,13176.9415,135223.8972,0,75494.2437,27592.0112,0,62522.8772,0
129,129,30,3.2,550,244,0,0,0.55,0.75,0.75,0,18960.7008,0,-26871.7902,-26871.7902,0.0,52615.9008,0,201251.9684,0.0,8.283184379384085,8.283184379384085,0.0,8.283184379384085,8.283184379384085,2055.0,2055.0,15.953,15.953,3.319,3.319,75494.2437,27592.0112,13176.9415,135223.8972,0,75494.2437,27592.0112,848.6165,77063.0812,0
130,130,35,3.2,550,244,0,0,0.55,0.75,0.75,0,18960.7008,0,-14503.2806,-14503.2806,0.0,52615.9008,0,201251.9684,0.0,8.283184379384085,8.283184379384085,0.0,8.283184379384085,8.283184379384085,2055.0,2055.0,15.953,15.953,3.319,3.319,75494.2437,27592.0112,13176.9415,135223.8972,0,75494.2437,27592.0112,3020.3109,91603.2852,0
131,131,40,3.2,550,244,0,0,0.55,0.75,0.75,0,18960.7008,0,-2732.8103,-2732.8103,0.11080147571877276,52615.9008,0,201251.9684,0.0,8.283184379384085,8.283184379384085,0.0,8.283184379384085,8.283184379384085,2055.0,2055.0,15.953,15.953,3.319,3.319,75494.2437,27592.0112,13176.9415,135223.8972,0,75494.2437,27592.0112,5790.0446,106143.4892,0
132,132,45,3.2,550,244,0,0,0.55,0.75,0.75,0,18960.7008,0,8321.4566,8321.4566,0.6377732066973896,52615.9008,0,201251.9684,0.0,8.283184379384085,8.283184379384085,0.0,8.283184379384085,8.283184379384085,2055.0,2055.0,15.953,15.953,3.319,3.319,75494.2437,27592.0112,13176.9415,135223.8972,0,75494.2437,27592.0112,9275.9817,120683.6932,0
133,133,50,3.2,550,244,0,0,0.55,0.75,0.75,0,18960.7008,0,18960.7008,18960.7008,1.1647449376760064,52615.9008,0,201251.9684,0.0,8.283184379384085,8.283184379384085,0.0,8.283184379384085,8.283184379384085,2055.0,2055.0,15.953,15.953,3.319,3.319,75494.2437,27592.0112,13176.9415,135223.8972,0,75494.2437,27592.0112,13176.9415,135223.8972,0
134,134,55,3.2,550,244,0,0,0.55,0.75,0.75,0,18960.7008,0,29413.8001,29413.8001,1.6917166686546234,52615.9008,0,201251.9684,0.0,8.283184379384085,8.283184379384085,0.0,8.283184379384085,8.283184379384085,2055.0,2055.0,15.953,15.953,3.319,3.319,75494.2437,27592.0112,13176.9415,135223.8972,0,75494.2437,27592.0112,17264.0462,149764.1012,0
135,135,60,3.2,550,244,0,0,0.55,0.75,0.75,0,18960.7008,0,39782.7246,39782.7246,2.2186883996332405,52615.9008,0,201251.9684,0.0,8.283184379384085,8.283184379384085,0.0,8.283184379384085,8.283184379384085,2055.0,2055.0,15.953,15.953,3.319,3.319,75494.2437,27592.0112,13176.9415,135223.8972,0,75494.2437,27592.0112,21435.3257,164304.3052,0
136,136,25,3.2,550,244,0,0,0.6,0.75,0.75,0,16452.3362,0,-43071.7423,-43071.7423,0.0,52615.9008,0,201251.9684,0.0,8.283184379384085,8.283184379384085,0.0,8.283184379384085,8.283184379384085,2055.0,2055.0,15.953,15.953,3.6207,3.6207,75494.2437,30100.3758,13176.9415,135223.8972,0,75494.2437,30100.3758,0,62522.8772,0
137,137,30,3.2,550,244,0,0,0.6,0.75,0.75,0,16452.3362,0,-29380.1548,-29380.1548,0.0,52615.9008,0,201251.9684,0.0,8.283184379384085,8.283184379384085,0.0,8.283184379384085,8.283184379384085,2055.0,2055.0,15.953,15.953,3.6207,3.6207,75494.2437,30100.3758,13176.9415,135223.8972,0,75494.2437,30100.3758,848.6165,77063.0812,0
138,138,35,3.2,550,244,0,0,0.6,0.75,0.75,0,16452.3362,0,-17011.6452,-17011.6452,0.0,52615.9008,0,201251.9684,0.0,8.283184379384085,8.283184379384085,0.0,8.283184379384085,8.283184379384085,2055.0,2055.0,15.953,15.953,3.6207,3.6207,75494.2437,30100.3758,13176.9415,135223.8972,0,75494.2437,30100.3758,3020.3109,91603.2852,0
139,139,40,3.2,550,244,0,0,0.6,0.75,0.75,0,16452.3362,0,-5241.1749,-5241.1749,0.01823487265115494,52615.9008,0,201251.9684,0.0,8.283184379384085,8.283184379384085,0.0,8.283184379384085,8.283184379384085,2055.0,2055.0,15.953,15.953,3.6207,3.6207,75494.2437,30100.3758,13176.9415,135223.8972,0,75494.2437,30100.3758,5790.0446,106143.4892,0
140,140,45,3.2,550,244,0,0,0.6,0.75,0.75,0,16452.3362,0,5813.0919,5813.0919,0.5012981285037128,52615.9008,0,201251.9684,0.0,8.283184379384085,8.283184379384085,0.0,8.283184379384085,8.283184379384085,2055.0,2055.0,15.953,15.953,3.6207,3.6207,75494.2437,30100.3758,13176.9415,135223.8972,0,75494.2437,30100.3758,9275.9817,120683.6932,0
141,141,50,3.2,550,244,0,0,0.6,0.75,0.75,0,16452.3362,0,16452.3362,16452.3362,0.9843613843562709,52615.9008,0,201251.9684,0.0,8.283184379384085,8.283184379384085,0.0,8.283184379384085,8.283184379384085,2055.0,2055.0,15.953,15.953,3.6207,3.6207,75494.2437,30100.3758,13176.9415,135223.8972,0,75494.2437,30100.3758,13176.9415,135223.8972,0
142,142,55,3.2,550,244,0,0,0.6,0.75,0.75,0,16452.3362,0,26905.4355,26905.4355,1.4674246402088293,52615.9008,0,201251.9684,0.0,8.283184379384085,8.283184379384085,0.0,8.283184379384085,8.283184379384085,2055.0,2055.0,15.953,15.953,3.6207,3.6207,75494.2437,30100.3758,13176.9415,135223.8972,0,75494.2437,30100.3758,17264.0462,149764.1012,0
143,143,60,3.2,550,244,0,0,0.6,0.75,0.75,0,16452.3362,0,37274.36,37274.36,1.9504878960613872,52615.9008,0,201251.9684,0.0,8.283184379384085,8.283184379384085,0.0,8.283184379384085,8.283184379384085,2055.0,2055.0,15.953,15.953,3.6207,3.6207,75494.2437,30100.3758,13176.9415,135223.8972,0,75494.2437,30100.3758,21435.3257,164304.3052,0
144,144,25,3.2,550,244,0,1,0.5,0.5,0.5,0,7625.6731,0,-33731.2242,-33731.2242,0.0,52615.9008,0,201251.9684,0.0,5.52212291958939,5.52212291958939,0.0,5.52212291958939,5.52212291958939,2055.0,2055.0,15.953,15.953,4.5259,4.5259,50329.4958,25083.6465,7110.4494,90149.2648,0,50329.4958,25083.6465,0,41681.9181,0
145,145,30,3.2,550,244,0,1,0.5,0.5,0.5,0,7625.6731,0,-24055.7532,-24055.7532,0.0,52615.9008,0,201251.9684,0.0,5.52212291958939,5.52212291958939,0.0,5.52212291958939,5.52212291958939,2055.0,2055.0,15.953,15.953,4.5259,4.5259,50329.4958,25083.6465,7110.4494,90149.2648,0,50329.4958,25083.6465,17.9983,51375.3875,0
146,146,35,3.2,550,244,0,1,0.5,0.5,0.5,0,7625.6731,0,-15373.4187,-15373.4187,0.0,52615.9008,0,201251.9684,0.0,5.52212291958939,5.52212291958939,0.0,5.52212291958939,5.52212291958939,2055.0,2055.0,15.953,15.953,4.5259,4.5259,50329.4958,25083.6465,7110.4494,90149.2648,0,50329.4958,25083.6465,1029.1331,61068.8568,0
147,147,40,3.2,550,244,0,1,0.5,0.5,0.5,0,7625.6731,0,-7304.4277,-7304.4277,0.0,52615.9008,0,201251.9684,0.0,5.52212291958939,5.52212291958939,0.0,5.52212291958939,5.52212291958939,2055.0,2055.0,15.953,15.953,4.5259,4.5259,50329.4958,25083.6465,7110.4494,90149.2648,0,50329.4958,25083.6465,2653.6115,70762.3261,0
148,148,45,3.2,550,244,0,1,0.5,0.5,0.5,0,7625.6731,0,386.4458,386.4458,0.20103066268707595,52615.9008,0,201251.9684,0.0,5.52212291958939,5.52212291958939,0.0,5.52212291958939,5.52212291958939,2055.0,2055.0,15.953,15.953,4.5259,4.5259,50329.4958,25083.6465,7110.4494,90149.2648,0,50329.4958,25083.6465,4656.2073,80455.7955,0
149,149,50,3.2,550,244,0,1,0.5,0.5,0.5,0,7625.6731,0,7625.6731,7625.6731,0.5874709965296848,52615.9008,0,201251.9684,0.0,5.52212291958939,5.52212291958939,0.0,5.52212291958939,5.52212291958939,2055.0,2055.0,15.953,15.953,4.5259,4.5259,50329.4958,25083.6465,7110.4494,90149.2648,0,50329.4958,25083.6465,7110.4494,90149.2648,0
150,150,55,3.2,550,244,0,1,0.5,0.5,0.5,0,7625.6731,0,14658.9482,14658.9482,0.973911330372294,52615.9008,0,201251.9684,0.0,5.52212291958939,5.52212291958939,0.0,5.52212291958939,5.52212291958939,2055.0,2055.0,15.953,15.953,4.5259,4.5259,50329.4958,25083.6465,7110.4494,90149.2648,0,50329.4958,25083.6465,9770.6436,99842.7341,0
151,151,60,3.2,550,244,0,1,0.5,0.5,0.5,0,7625.6731,0,21601.2967,21601.2967,1.360351664214903,52615.9008,0,201251.9684,0.0,5.52212291958939,5.52212291958939,0.0,5.52212291958939,5.52212291958939,2055.0,2055.0,15.953,15.953,4.5259,4.5259,50329.4958,25083.6465,7110.4494,90149.2648,0,50329.4958,25083.6465,12521.7645,109536.2035,0
152,152,25,3.2,550,244,0,1,0.55,0.5,0.5,0,10134.0377,0,-31222.8595,-31222.8595,0.0,52615.9008,0,201251.9684,0.0,5.52212291958939,5.52212291958939,0.0,5.52212291958939,5.52212291958939,2055.0,2055.0,15.953,15.953,4.0733,4.0733,50329.4958,22575.2819,7110.4494,90149.2648,0,50329.4958,22575.2819,0,41681.9181,0
153,153,30,3.2,550,244,0,1,0.55,0.5,0.5,0,10134.0377,0,-21547.3886,-21547.3886,0.0,52615.9008,0,201251.9684,0.0,5.52212291958939,5.52212291958939,0.0,5.52212291958939,5.52212291958939,2055.0,2055.0,15.953,15.953,4.0733,4.0733,50329.4958,22575.2819,7110.4494,90149.2648,0,50329.4958,22575.2819,17.9983,51375.3875,0
154,154,35,3.2,550,244,0,1,0.55,0.5,0.5,0,10134.0377,0,-12865.054,-12865.054,0.0,52615.9008,0,201251.9684,0.0,5.52212291958939,5.52212291958939,0.0,5.52212291958939,5.52212291958939,2055.0,2055.0,15.953,15.953,4.0733,4.0733,50329.4958,22575.2819,7110.4494,90149.2648,0,50329.4958,22575.2819,1029.1331,61068.8568,0
155,155,40,3.2,550,244,0,1,0.55,0.5,0.5,0,10134.0377,0,-4796.0631,-4796.0631,0.0,52615.9008,0,201251.9684,0.0,5.52212291958939,5.52212291958939,0.0,5.52212291958939,5.52212291958939,2055.0,2055.0,15.953,15.953,4.0733,4.0733,50329.4958,22575.2819,7110.4494,90149.2648,0,50329.4958,22575.2819,2653.6115,70762.3261,0
156,156,45,3.2,550,244,0,1,0.55,0.5,0.5,0,10134.0377,0,2894.8105,2894.8105,0.33448583805427373,52615.9008,0,201251.9684,0.0,5.52212291958939,5.52212291958939,0.0,5.52212291958939,5.52212291958939,2055.0,2055.0,15.953,15.953,4.0733,4.0733,50329.4958,22575.2819,7110.4494,90149.2648,0,50329.4958,22575.2819,4656.2073,80455.7955,0
157,157,50,3.2,550,244,0,1,0.55,0.5,0.5,0,10134.0377,0,10134.0377,10134.0377,0.7638753988121033,52615.9008,0,201251.9684,0.0,5.52212291958939,5.52212291958939,0.0,5.52212291958939,5.52212291958939,2055.0,2055.0,15.953,15.953,4.0733,4.0733,50329.4958,22575.2819,7110.4494,90149.2648,0,50329.4958,22575.2819,7110.4494,90149.2648,0
158,158,55,3.2,550,244,0,1,0.55,0.5,0.5,0,10134.0377,0,17167.3129,17167.3129,1.1932649595699332,52615.9008,0,201251.9684,0.0,5.52212291958939,5.52212291958939,0.0,5.52212291958939,5.52212291958939,2055.0,2055.0,15.953,15.953,4.0733,4.0733,50329.4958,22575.2819,7110.4494,90149.2648,0,50329.4958,22575.2819,9770.6436,99842.7341,0
159,159,60,3.2,550,244,0,1,0.55,0.5,0.5,0,10134.0377,0,24109.6613,24109.6613,1.6226545203277623,52615.9008,0,201251.9684,0.0,5.52212291958939,5.52212291958939,0.0,5.52212291958939,5.52212291958939,2055.0,2055.0,15.953,15.953,4.0733,4.0733,50329.4958,22575.2819,7110.4494,90149.2648,0,50329.4958,22575.2819,12521.7645,109536.2035,0
160,160,25,3.2,550,244,0,1,0.6,0.5,0.5,0,12642.4024,0,-28714.4949,-28714.4949,0.0,52615.9008,0,201251.9684,0.0,5.52212291958939,5.52212291958939,0.0,5.52212291958939,5.52212291958939,2055.0,2055.0,15.953,15.953,3.6207,3.6207,50329.4958,20066.9172,7110.4494,90149.2648,0,50329.4958,20066.9172,0,41681.9181,0
161,161,30,3.2,550,244,0,1,0.6,0.5,0.5,0,12642.4024,0,-19039.0239,-19039.0239,0.0,52615.9008,0,201251.9684,0.0,5.52212291958939,5.52212291958939,0.0,5.52212291958939,5.52212291958939,2055.0,2055.0,15.953,15.953,3.6207,3.6207,50329.4958,20066.9172,7110.4494,90149.2648,0,50329.4958,20066.9172,17.9983,51375.3875,0
162,162,35,3.2,550,244,0,1,0.6,0.5,0.5,0,12642.4024,0,-10356.6894,-10356.6894,0.0,52615.9008,0,201251.9684,0.0,5.52212291958939,5.52212291958939,0.0,5.52212291958939,5.52212291958939,2055.0,2055.0,15.953,15.953,3.6207,3.6207,50329.4958,20066.9172,7110.4494,90149.2648,0,50329.4958,20066.9172,1029.1331,61068.8568,0
163,163,40,3.2,550,244,0,1,0.6,0.5,0.5,0,12642.4024,0,-2287.6984,-2287.6984,0.01823456975132521,52615.9008,0,201251.9684,0.0,5.52212291958939,5.52212291958939,0.0,5.52212291958939,5.52212291958939,2055.0,2055.0,15.953,15.953,3.6207,3.6207,50329.4958,20066.9172,7110.4494,90149.2648,0,50329.4958,20066.9172,2653.6115,70762.3261,0
164,164,45,3.2,550,244,0,1,0.6,0.5,0.5,0,12642.4024,0,5403.1751,5403.1751,0.5012898014305996,52615.9008,0,201251.9684,0.0,5.52212291958939,5.52212291958939,0.0,5.52212291958939,5.52212291958939,2055.0,2055.0,15.953,15.953,3.6207,3.6207,50329.4958,20066.9172,7110.4494,90149.2648,0,50329.4958,20066.9172,4656.2073,80455.7955,0
165,165,50,3.2,550,244,0,1,0.6,0.5,0.5,0,12642.4024,0,12642.4024,12642.4024,0.9843450331098743,52615.9008,0,201251.9684,0.0,5.52212291958939,5.52212291958939,0.0,5.52212291958939,5.52212291958939,2055.0,2055.0,15.953,15.953,3.6207,3.6207,50329.4958,20066.9172,7110.4494,90149.2648,0,50329.4958,20066.9172,7110.4494,90149.2648,0
166,166,55,3.2,550,244,0,1,0.6,0.5,0.5,0,12642.4024,0,19675.6775,19675.6775,1.4674002647891489,52615.9008,0,201251.9684,0.0,5.52212291958939,5.52212291958939,0.0,5.52212291958939,5.52212291958939,2055.0,2055.0,15.953,15.953,3.6207,3.6207,50329.4958,20066.9172,7110.4494,90149.2648,0,50329.4958,20066.9172,9770.6436,99842.7341,0
167,167,60,3.2,550,244,0,1,0.6,0.5,0.5,0,12642.4024,0,26618.026,26618.026,1.9504554964684229,52615.9008,0,201251.9684,0.0,5.52212291958939,5.52212291958939,0.0,5.52212291958939,5.52212291958939,2055.0,2055.0,15.953,15.953,3.6207,3.6207,50329.4958,20066.9172,7110.4494,90149.2648,0,50329.4958,20066.9172,12521.7645,109536.2035,0
168,168,25,3.2,550,244,0,1,0.5,0.55,0.55,0,4841.8916,0,-32866.4664,-32866.4664,0.0,52615.9008,0,201251.9684,0.0,4.969910627630451,4.969910627630451,0.0,4.969910627630451,4.969910627630451,2055.0,2055.0,15.953,15.953,5.0288,5.0288,45296.5462,25083.6465,5912.2539,81134.3383,0,45296.5462,25083.6465,0,37513.7263,0
169,169,30,3.2,550,244,0,1,0.5,0.55,0.55,0,4841.8916,0,-24142.344,-24142.344,0.0,52615.9008,0,201251.9684,0.0,4.969910627630451,4.969910627630451,0.0,4.969910627630451,4.969910627630451,2055.0,2055.0,15.953,15.953,5.0288,5.0288,45296.5462,25083.6465,5912.2539,81134.3383,0,45296.5462,25083.6465,0,46237.8487,0
170,170,35,3.2,550,244,0,1,0.5,0.55,0.55,0,4841.8916,0,-16092.3723,-16092.3723,0.0,52615.9008,0,201251.9684,0.0,4.969910627630451,4.969910627630451,0.0,4.969910627630451,4.969910627630451,2055.0,2055.0,15.953,15.953,5.0288,5.0288,45296.5462,25083.6465,5912.2539,81134.3383,0,45296.5462,25083.6465,674.1507,54961.9711,0
171,171,40,3.2,550,244,0,1,0.5,0.55,0.55,0,4841.8916,0,-8742.1761,-8742.1761,0.0,52615.9008,0,201251.9684,0.0,4.969910627630451,4.969910627630451,0.0,4.969910627630451,4.969910627630451,2055.0,2055.0,15.953,15.953,5.0288,5.0288,45296.5462,25083.6465,5912.2539,81134.3383,0,45296.5462,25083.6465,2048.0768,63686.0935,0
172,172,45,3.2,550,244,0,1,0.5,0.55,0.55,0,4841.8916,0,-1735.6781,-1735.6781,0.08092900563409887,52615.9008,0,201251.9684,0.0,4.969910627630451,4.969910627630451,0.0,4.969910627630451,4.969910627630451,2055.0,2055.0,15.953,15.953,5.0288,5.0288,45296.5462,25083.6465,5912.2539,81134.3383,0,45296.5462,25083.6465,3765.7013,72410.2159,0
173,173,50,3.2,550,244,0,1,0.5,0.55,0.55,0,4841.8916,0,4841.8916,4841.8916,0.42872530609244686,52615.9008,0,201251.9684,0.0,4.969910627630451,4.969910627630451,0.0,4.969910627630451,4.969910627630451,2055.0,2055.0,15.953,15.953,5.0288,5.0288,45296.5462,25083.6465,5912.2539,81134.3383,0,45296.5462,25083.6465,5912.2539,81134.3383,0
174,174,55,3.2,550,244,0,1,0.5,0.55,0.55,0,4841.8916,0,11199.7822,11199.7822,0.7765216065507948,52615.9008,0,201251.9684,0.0,4.969910627630451,4.969910627630451,0.0,4.969910627630451,4.969910627630451,2055.0,2055.0,15.953,15.953,5.0288,5.0288,45296.5462,25083.6465,5912.2539,81134.3383,0,45296.5462,25083.6465,8278.4858,89858.4607,0
175,175,60,3.2,550,244,0,1,0.5,0.55,0.55,0,4841.8916,0,17461.679,17461.679,1.1243179070091427,52615.9008,0,201251.9684,0.0,4.969910627630451,4.969910627630451,0.0,4.969910627630451,4.969910627630451,2055.0,2055.0,15.953,15.953,5.0288,5.0288,45296.5462,25083.6465,5912.2539,81134.3383,0,45296.5462,25083.6465,10740.7114,98582.5831,0
176,176,25,3.2,550,244,0,1,0.55,0.55,0.55,0,7350.2563,0,-30358.1018,-30358.1018,0.0,52615.9008,0,201251.9684,0.0,4.969910627630451,4.969910627630451,0.0,4.969910627630451,4.969910627630451,2055.0,2055.0,15.953,15.953,4.5259,4.5259,45296.5462,22575.2819,5912.2539,81134.3383,0,45296.5462,22575.2819,0,37513.7263,0
177,177,30,3.2,550,244,0,1,0.55,0.55,0.55,0,7350.2563,0,-21633.9794,-21633.9794,0.0,52615.9008,0,201251.9684,0.0,4.969910627630451,4.969910627630451,0.0,4.969910627630451,4.969910627630451,2055.0,2055.0,15.953,15.953,4.5259,4.5259,45296.5462,22575.2819,5912.2539,81134.3383,0,45296.5462,22575.2819,0,46237.8487,0
178,178,35,3.2,550,244,0,1,0.55,0.55,0.55,0,7350.2563,0,-13584.0077,-13584.0077,0.0,52615.9008,0,201251.9684,0.0,4.969910627630451,4.969910627630451,0.0,4.969910627630451,4.969910627630451,2055.0,2055.0,15.953,15.953,4.5259,4.5259,45296.5462,22575.2819,5912.2539,81134.3383,0,45296.5462,22575.2819,674.1507,54961.9711,0
179,179,40,3.2,550,244,0,1,0.55,0.55,0.55,0,7350.2563,0,-6233.8114,-6233.8114,0.0,52615.9008,0,201251.9684,0.0,4.969910627630451,4.969910627630451,0.0,4.969910627630451,4.969910627630451,2055.0,2055.0,15.953,15.953,4.5259,4.5259,45296.5462,22575.2819,5912.2539,81134.3383,0,45296.5462,22575.2819,2048.0768,63686.0935,0
180,180,45,3.2,550,244,0,1,0.55,0.55,0.55,0,7350.2563,0,772.6866,772.6866,0.20103600569472213,52615.9008,0,201251.9684,0.0,4.969910627630451,4.969910627630451,0.0,4.969910627630451,4.969910627630451,2055.0,2055.0,15.953,15.953,4.5259,4.5259,45296.5462,22575.2819,5912.2539,81134.3383,0,45296.5462,22575.2819,3765.7013,72410.2159,0
181,181,50,3.2,550,244,0,1,0.55,0.55,0.55,0,7350.2563,0,7350.2563,7350.2563,0.5874866103767686,52615.9008,0,201251.9684,0.0,4.969910627630451,4.969910627630451,0.0,4.969910627630451,4.969910627630451,2055.0,2055.0,15.953,15.953,4.5259,4.5259,45296.5462,22575.2819,5912.2539,81134.3383,0,45296.5462,22575.2819,5912.2539,81134.3383,0
182,182,55,3.2,550,244,0,1,0.55,0.55,0.55,0,7350.2563,0,13708.1469,13708.1469,0.9739372150588153,52615.9008,0,201251.9684,0.0,4.969910627630451,4.969910627630451,0.0,4.969910627630451,4.969910627630451,2055.0,2055.0,15.953,15.953,4.5259,4.5259,45296.5462,22575.2819,5912.2539,81134.3383,0,45296.5462,22575.2819,8278.4858,89858.4607,0
183,183,60,3.2,550,244,0,1,0.55,0.55,0.55,0,7350.2563,0,19970.0437,19970.0437,1.3603878197408616,52615.9008,0,201251.9684,0.0,4.969910627630451,4.969910627630451,0.0,4.969910627630451,4.969910627630451,2055.0,2055.0,15.953,15.953,4.5259,4.5259,45296.5462,22575.2819,5912.2539,81134.3383,0,45296.5462,22575.2819,10740.7114,98582.5831,0
184,184,25,3.2,550,244,0,1,0.6,0.55,0.55,0,9858.6209,0,-27849.7371,-27849.7371,0.0,52615.9008,0,201251.9684,0.0,4.969910627630451,4.969910627630451,0.0,4.969910627630451,4.969910627630451,2055.0,2055.0,15.953,15.953,4.023,4.023,45296.5462,20066.9172,5912.2539,81134.3383,0,45296.5462,20066.9172,0,37513.7263,0
185,185,30,3.2,550,244,0,1,0.6,0.55,0.55,0,9858.6209,0,-19125.6147,-19125.6147,0.0,52615.9008,0,201251.9684,0.0,4.969910627630451,4.969910627630451,0.0,4.969910627630451,4.969910627630451,2055.0,2055.0,15.953,15.953,4.023,4.023,45296.5462,20066.9172,5912.2539,81134.3383,0,45296.5462,20066.9172,0,46237.8487,0
186,186,35,3.2,550,244,0,1,0.6,0.55,0.55,0,9858.6209,0,-11075.643,-11075.643,0.0,52615.9008,0,201251.9684,0.0,4.969910627630451,4.969910627630451,0.0,4.969910627630451,4.969910627630451,2055.0,2055.0,15.953,15.953,4.023,4.023,45296.5462,20066.9172,5912.2539,81134.3383,0,45296.5462,20066.9172,674.1507,54961.9711,0
187,187,40,3.2,550,244,0,1,0.6,0.55,0.55,0,9858.6209,0,-3725.4468,-3725.4468,0.0,52615.9008,0,201251.9684,0.0,4.969910627630451,4.969910627630451,0.0,4.969910627630451,4.969910627630451,2055.0,2055.0,15.953,15.953,4.023,4.023,45296.5462,20066.9172,5912.2539,81134.3383,0,45296.5462,20066.9172,2048.0768,63686.0935,0
188,188,45,3.2,550,244,0,1,0.6,0.55,0.55,0,9858.6209,0,3281.0512,3281.0512,0.35116123385613024,52615.9008,0,201251.9684,0.0,4.969910627630451,4.969910627630451,0.0,4.969910627630451,4.969910627630451,2055.0,2055.0,15.953,15.953,4.023,4.023,45296.5462,20066.9172,5912.2539,81134.3383,0,45296.5462,20066.9172,3765.7013,72410.2159,0
189,189,50,3.2,550,244,0,1,0.6,0.55,0.55,0,9858.6209,0,9858.6209,9858.6209,0.7859109423674772,52615.9008,0,201251.9684,0.0,4.969910627630451,4.969910627630451,0.0,4.969910627630451,4.969910627630451,2055.0,2055.0,15.953,15.953,4.023,4.023,45296.5462,20066.9172,5912.2539,81134.3383,0,45296.5462,20066.9172,5912.2539,81134.3383,0
190,190,55,3.2,550,244,0,1,0.6,0.55,0.55,0,9858.6209,0,16216.5115,16216.5115,1.2206606508788245,52615.9008,0,201251.9684,0.0,4.969910627630451,4.969910627630451,0.0,4.969910627630451,4.969910627630451,2055.0,2055.0,15.953,15.953,4.023,4.023,45296.5462,20066.9172,5912.2539,81134.3383,0,45296.5462,20066.9172,8278.4858,89858.4607,0
191,191,60,3.2,550,244,0,1,0.6,0.55,0.55,0,9858.6209,0,22478.4083,22478.4083,1.6554103593901714,52615.9008,0,201251.9684,0.0,4.969910627630451,4.969910627630451,0.0,4.969910627630451,4.969910627630451,2055.0,2055.0,15.953,15.953,4.023,4.023,45296.5462,20066.9172,5912.2539,81134.3383,0,45296.5462,20066.9172,10740.7114,98582.5831,0
192,192,25,3.2,550,244,0,1,0.5,0.6,0.6,0,2049.72,0,-32001.7087,-32001.7087,0.0,52615.9008,0,201251.9684,0.0,4.4176983356715125,4.4176983356715125,0.0,4.4176983356715125,4.4176983356715125,2055.0,2055.0,15.953,15.953,5.6574,5.6574,40263.5967,25083.6465,4722.4487,72119.4118,0,40263.5967,25083.6465,0,33345.5345,0
193,193,30,3.2,550,244,0,1,0.5,0.6,0.6,0,2049.72,0,-24246.9332,-24246.9332,0.0,52615.9008,0,201251.9684,0.0,4.4176983356715125,4.4176983356715125,0.0,4.4176983356715125,4.4176983356715125,2055.0,2055.0,15.953,15.953,5.6574,5.6574,40263.5967,25083.6465,4722.4487,72119.4118,0,40263.5967,25083.6465,0,41100.31,0
194,194,35,3.2,550,244,0,1,0.5,0.6,0.6,0,2049.72,0,-16846.1695,-16846.1695,0.0,52615.9008,0,201251.9684,0.0,4.4176983356715125,4.4176983356715125,0.0,4.4176983356715125,4.4176983356715125,2055.0,2055.0,15.953,15.953,5.6574,5.6574,40263.5967,25083.6465,4722.4487,72119.4118,0,40263.5967,25083.6465,354.0118,48855.0854,0
195,195,40,3.2,550,244,0,1,0.5,0.6,0.6,0,2049.72,0,-10199.862,-10199.862,0.0,52615.9008,0,201251.9684,0.0,4.4176983356715125,4.4176983356715125,0.0,4.4176983356715125,4.4176983356715125,2055.0,2055.0,15.953,15.953,5.6574,5.6574,40263.5967,25083.6465,4722.4487,72119.4118,0,40263.5967,25083.6465,1462.4797,56609.8609,0
196,196,45,3.2,550,244,0,1,0.5,0.6,0.6,0,2049.72,0,-3895.62,-3895.62,0.0,52615.9008,0,201251.9684,0.0,4.4176983356715125,4.4176983356715125,0.0,4.4176983356715125,4.4176983356715125,2055.0,2055.0,15.953,15.953,5.6574,5.6574,40263.5967,25083.6465,4722.4487,72119.4118,0,40263.5967,25083.6465,2913.0132,64364.6364,0
197,197,50,3.2,550,244,0,1,0.5,0.6,0.6,0,2049.72,0,2049.72,2049.72,0.2699796156552096,52615.9008,0,201251.9684,0.0,4.4176983356715125,4.4176983356715125,0.0,4.4176983356715125,4.4176983356715125,2055.0,2055.0,15.953,15.953,5.6574,5.6574,40263.5967,25083.6465,4722.4487,72119.4118,0,40263.5967,25083.6465,4722.4487,72119.4118,0
198,198,55,3.2,550,244,0,1,0.5,0.6,0.6,0,2049.72,0,7740.6162,7740.6162,0.5791318827292964,52615.9008,0,201251.9684,0.0,4.4176983356715125,4.4176983356715125,0.0,4.4176983356715125,4.4176983356715125,2055.0,2055.0,15.953,15.953,5.6574,5.6574,40263.5967,25083.6465,4722.4487,72119.4118,0,40263.5967,25083.6465,6786.3279,79874.1873,0
199,199,60,3.2,550,244,0,1,0.5,0.6,0.6,0,2049.72,0,13322.0613,13322.0613,0.8882841498033835,52615.9008,0,201251.9684,0.0,4.4176983356715125,4.4176983356715125,0.0,4.4176983356715125,4.4176983356715125,2055.0,2055.0,15.953,15.953,5.6574,5.6574,40263.5967,25083.6465,4722.4487,72119.4118,0,40263.5967,25083.6465,8959.6583,87628.9628,0
200,200,25,3.2,550,244,0,1,0.55,0.6,0.6,0,4558.0846,0,-29493.344,-29493.344,0.0,52615.9008,0,201251.9684,0.0,4.4176983356715125,4.4176983356715125,0.0,4.4176983356715125,4.4176983356715125,2055.0,2055.0,15.953,15.953,5.0916,5.0916,40263.5967,22575.2819,4722.4487,72119.4118,0,40263.5967,22575.2819,0,33345.5345,0
201,201,30,3.2,550,244,0,1,0.55,0.6,0.6,0,4558.0846,0,-21738.5685,-21738.5685,0.0,52615.9008,0,201251.9684,0.0,4.4176983356715125,4.4176983356715125,0.0,4.4176983356715125,4.4176983356715125,2055.0,2055.0,15.953,15.953,5.0916,5.0916,40263.5967,22575.2819,4722.4487,72119.4118,0,40263.5967,22575.2819,0,41100.31,0
202,202,35,3.2,550,244,0,1,0.55,0.6,0.6,0,4558.0846,0,-14337.8048,-14337.8048,0.0,52615.9008,0,201251.9684,0.0,4.4176983356715125,4.4176983356715125,0.0,4.4176983356715125,4.4176983356715125,2055.0,2055.0,15.953,15.953,5.0916,5.0916,40263.5967,22575.2819,4722.4487,72119.4118,0,40263.5967,22575.2819,354.0118,48855.0854,0
203,203,40,3.2,550,244,0,1,0.55,0.6,0.6,0,4558.0846,0,-7691.4973,-7691.4973,0.0,52615.9008,0,201251.9684,0.0,4.4176983356715125,4.4176983356715125,0.0,4.4176983356715125,4.4176983356715125,2055.0,2055.0,15.953,15.953,5.0916,5.0916,40263.5967,22575.2819,4722.4487,72119.4118,0,40263.5967,22575.2819,1462.4797,56609.8609,0
204,204,45,3.2,550,244,0,1,0.55,0.6,0.6,0,4558.0846,0,-1387.2553,-1387.2553,0.06758617333517077,52615.9008,0,201251.9684,0.0,4.4176983356715125,4.4176983356715125,0.0,4.4176983356715125,4.4176983356715125,2055.0,2055.0,15.953,15.953,5.0916,5.0916,40263.5967,22575.2819,4722.4487,72119.4118,0,40263.5967,22575.2819,2913.0132,64364.6364,0
205,205,50,3.2,550,244,0,1,0.55,0.6,0.6,0,4558.0846,0,4558.0846,4558.0846,0.41109782194143474,52615.9008,0,201251.9684,0.0,4.4176983356715125,4.4176983356715125,0.0,4.4176983356715125,4.4176983356715125,2055.0,2055.0,15.953,15.953,5.0916,5.0916,40263.5967,22575.2819,4722.4487,72119.4118,0,40263.5967,22575.2819,4722.4487,72119.4118,0
206,206,55,3.2,550,244,0,1,0.55,0.6,0.6,0,4558.0846,0,10248.9809,10248.9809,0.7546094705476981,52615.9008,0,201251.9684,0.0,4.4176983356715125,4.4176983356715125,0.0,4.4176983356715125,4.4176983356715125,2055.0,2055.0,15.953,15.953,5.0916,5.0916,40263.5967,22575.2819,4722.4487,72119.4118,0,40263.5967,22575.2819,6786.3279,79874.1873,0
207,207,60,3.2,550,244,0,1,0.55,0.6,0.6,0,4558.0846,0,15830.426,15830.426,1.098121119153962,52615.9008,0,201251.9684,0.0,4.4176983356715125,4.4176983356715125,0.0,4.4176983356715125,4.4176983356715125,2055.0,2055.0,15.953,15.953,5.0916,5.0916,40263.5967,22575.2819,4722.4487,72119.4118,0,40263.5967,22575.2819,8959.6583,87628.9628,0
208,208,25,3.2,550,244,0,1,0.6,0.6,0.6,0,7066.4493,0,-26984.9794,-26984.9794,0.0,52615.9008,0,201251.9684,0.0,4.4176983356715125,4.4176983356715125,0.0,4.4176983356715125,4.4176983356715125,2055.0,2055.0,15.953,15.953,4.5259,4.5259,40263.5967,20066.9172,4722.4487,72119.4118,0,40263.5967,20066.9172,0,33345.5345,0
209,209,30,3.2,550,244,0,1,0.6,0.6,0.6,0,7066.4493,0,-19230.2039,-19230.2039,0.0,52615.9008,0,201251.9684,0.0,4.4176983356715125,4.4176983356715125,0.0,4.4176983356715125,4.4176983356715125,2055.0,2055.0,15.953,15.953,4.5259,4.5259,40263.5967,20066.9172,4722.4487,72119.4118,0,40263.5967,20066.9172,0,41100.31,0
210,210,35,3.2,550,244,0,1,0.6,0.6,0.6,0,7066.4493,0,-11829.4402,-11829.4402,0.0,52615.9008,0,201251.9684,0.0,4.4176983356715125,4.4176983356715125,0.0,4.4176983356715125,4.4176983356715125,2055.0,2055.0,15.953,15.953,4.5259,4.5259,40263.5967,20066.9172,4722.4487,72119.4118,0,40263.5967,20066.9172,354.0118,48855.0854,0
211,211,40,3.2,550,244,0,1,0.6,0.6,0.6,0,7066.4493,0,-5183.1327,-5183.1327,0.0,52615.9008,0,201251.9684,0.0,4.4176983356715125,4.4176983356715125,0.0,4.4176983356715125,4.4176983356715125,2055.0,2055.0,15.953,15.953,4.5259,4.5259,40263.5967,20066.9172,4722.4487,72119.4118,0,40263.5967,20066.9172,1462.4797,56609.8609,0
212,212,45,3.2,550,244,0,1,0.6,0.6,0.6,0,7066.4493,0,1121.1093,1121.1093,0.20103266628166125,52615.9008,0,201251.9684,0.0,4.4176983356715125,4.4176983356715125,0.0,4.4176983356715125,4.4176983356715125,2055.0,2055.0,15.953,15.953,4.5259,4.5259,40263.5967,20066.9172,4722.4487,72119.4118,0,40263.5967,20066.9172,2913.0132,64364.6364,0
213,213,50,3.2,550,244,0,1,0.6,0.6,0.6,0,7066.4493,0,7066.4493,7066.4493,0.5874768516250809,52615.9008,0,201251.9684,0.0,4.4176983356715125,4.4176983356715125,0.0,4.4176983356715125,4.4176983356715125,2055.0,2055.0,15.953,15.953,4.5259,4.5259,40263.5967,20066.9172,4722.4487,72119.4118,0,40263.5967,20066.9172,4722.4487,72119.4118,0
214,214,55,3.2,550,244,0,1,0.6,0.6,0.6,0,7066.4493,0,12757.3455,12757.3455,0.9739210369685002,52615.9008,0,201251.9684,0.0,4.4176983356715125,4.4176983356715125,0.0,4.4176983356715125,4.4176983356715125,2055.0,2055.0,15.953,15.953,4.5259,4.5259,40263.5967,20066.9172,4722.4487,72119.4118,0,40263.5967,20066.9172,6786.3279,79874.1873,0
215,215,60,3.2,550,244,0,1,0.6,0.6,0.6,0,7066.4493,0,18338.7906,18338.7906,1.36036522231192,52615.9008,0,201251.9684,0.0,4.4176983356715125,4.4176983356715125,0.0,4.4176983356715125,4.4176983356715125,2055.0,2055.0,15.953,15.953,4.5259,4.5259,40263.5967,20066.9172,4722.4487,72119.4118,0,40263.5967,20066.9172,8959.6583,87628.9628,0
216,216,25,3.2,550,244,0,1,0.5,0.65,0.65,0,-765.7324,0,-31136.9509,-31136.9509,0.0,52615.9008,0,201251.9684,0.0,3.8654860437125733,3.8654860437125733,0.0,3.8654860437125733,3.8654860437125733,2055.0,2055.0,15.953,15.953,6.4656,6.4656,35230.6471,25083.6465,3555.9241,63104.4854,0,35230.6471,25083.6465,0,29177.3427,0
217,217,30,3.2,550,244,0,1,0.5,0.65,0.65,0,-765.7324,0,-24351.5224,-24351.5224,0.0,52615.9008,0,201251.9684,0.0,3.8654860437125733,3.8654860437125733,0.0,3.8654860437125733,3.8654860437125733,2055.0,2055.0,15.953,15.953,6.4656,6.4656,35230.6471,25083.6465,3555.9241,63104.4854,0,35230.6471,25083.6465,0,35962.7712,0
218,218,35,3.2,550,244,0,1,0.5,0.65,0.65,0,-765.7324,0,-17660.2791,-17660.2791,0.0,52615.9008,0,201251.9684,0.0,3.8654860437125733,3.8654860437125733,0.0,3.8654860437125733,3.8654860437125733,2055.0,2055.0,15.953,15.953,6.4656,6.4656,35230.6471,25083.6465,3555.9241,63104.4854,0,35230.6471,25083.6465,94.1853,42748.1998,0
219,219,40,3.2,550,244,0,1,0.5,0.65,0.65,0,-765.7324,0,-11684.6496,-11684.6496,0.0,52615.9008,0,201251.9684,0.0,3.8654860437125733,3.8654860437125733,0.0,3.8654860437125733,3.8654860437125733,2055.0,2055.0,15.953,15.953,6.4656,6.4656,35230.6471,25083.6465,3555.9241,63104.4854,0,35230.6471,25083.6465,903.9843,49533.6283,0
220,220,45,3.2,550,244,0,1,0.5,0.65,0.65,0,-765.7324,0,-6088.7193,-6088.7193,0.0,52615.9008,0,201251.9684,0.0,3.8654860437125733,3.8654860437125733,0.0,3.8654860437125733,3.8654860437125733,2055.0,2055.0,15.953,15.953,6.4656,6.4656,35230.6471,25083.6465,3555.9241,63104.4854,0,35230.6471,25083.6465,2093.4825,56319.0568,0
221,221,50,3.2,550,244,0,1,0.5,0.65,0.65,0,-765.7324,0,-765.7324,-765.7324,0.11123392521797153,52615.9008,0,201251.9684,0.0,3.8654860437125733,3.8654860437125733,0.0,3.8654860437125733,3.8654860437125733,2055.0,2055.0,15.953,15.953,6.4656,6.4656,35230.6471,25083.6465,3555.9241,63104.4854,0,35230.6471,25083.6465,3555.9241,63104.4854,0
222,222,55,3.2,550,244,0,1,0.5,0.65,0.65,0,-765.7324,0,4262.6537,4262.6537,0.38174215890779745,52615.9008,0,201251.9684,0.0,3.8654860437125733,3.8654860437125733,0.0,3.8654860437125733,3.8654860437125733,2055.0,2055.0,15.953,15.953,6.4656,6.4656,35230.6471,25083.6465,3555.9241,63104.4854,0,35230.6471,25083.6465,5312.9666,69889.9139,0
223,223,60,3.2,550,244,0,1,0.5,0.65,0.65,0,-765.7324,0,9174.7828,9174.7828,0.6522503925976236,52615.9008,0,201251.9684,0.0,3.8654860437125733,3.8654860437125733,0.0,3.8654860437125733,3.8654860437125733,2055.0,2055.0,15.953,15.953,6.4656,6.4656,35230.6471,25083.6465,3555.9241,63104.4854,0,35230.6471,25083.6465,7186.266,76675.3424,0
224,224,25,3.2,550,244,0,1,0.55,0.65,0.65,0,1742.6323,0,-28628.5862,-28628.5862,0.0,52615.9008,0,201251.9684,0.0,3.8654860437125733,3.8654860437125733,0.0,3.8654860437125733,3.8654860437125733,2055.0,2055.0,15.953,15.953,5.819,5.819,35230.6471,22575.2819,3555.9241,63104.4854,0,35230.6471,22575.2819,0,29177.3427,0
225,225,30,3.2,550,244,0,1,0.55,0.65,0.65,0,1742.6323,0,-21843.1577,-21843.1577,0.0,52615.9008,0,201251.9684,0.0,3.8654860437125733,3.8654860437125733,0.0,3.8654860437125733,3.8654860437125733,2055.0,2055.0,15.953,15.953,5.819,5.819,35230.6471,22575.2819,3555.9241,63104.4854,0,35230.6471,22575.2819,0,35962.7712,0
226,226,35,3.2,550,244,0,1,0.55,0.65,0.65,0,1742.6323,0,-15151.9145,-15151.9145,0.0,52615.9008,0,201251.9684,0.0,3.8654860437125733,3.8654860437125733,0.0,3.8654860437125733,3.8654860437125733,2055.0,2055.0,15.953,15.953,5.819,5.819,35230.6471,22575.2819,3555.9241,63104.4854,0,35230.6471,22575.2819,94.1853,42748.1998,0
227,227,40,3.2,550,244,0,1,0.55,0.65,0.65,0,1742.6323,0,-9176.2849,-9176.2849,0.0,52615.9008,0,201251.9684,0.0,3.8654860437125733,3.8654860437125733,0.0,3.8654860437125733,3.8654860437125733,2055.0,2055.0,15.953,15.953,5.819,5.819,35230.6471,22575.2819,3555.9241,63104.4854,0,35230.6471,22575.2819,903.9843,49533.6283,0
228,228,45,3.2,550,244,0,1,0.55,0.65,0.65,0,1742.6323,0,-3580.3546,-3580.3546,0.0,52615.9008,0,201251.9684,0.0,3.8654860437125733,3.8654860437125733,0.0,3.8654860437125733,3.8654860437125733,2055.0,2055.0,15.953,15.953,5.819,5.819,35230.6471,22575.2819,3555.9241,63104.4854,0,35230.6471,22575.2819,2093.4825,56319.0568,0
229,229,50,3.2,550,244,0,1,0.55,0.65,0.65,0,1742.6323,0,1742.6323,1742.6323,0.2347090335061002,52615.9008,0,201251.9684,0.0,3.8654860437125733,3.8654860437125733,0.0,3.8654860437125733,3.8654860437125733,2055.0,2055.0,15.953,15.953,5.819,5.819,35230.6471,22575.2819,3555.9241,63104.4854,0,35230.6471,22575.2819,3555.9241,63104.4854,0
230,230,55,3.2,550,244,0,1,0.55,0.65,0.65,0,1742.6323,0,6771.0184,6771.0184,0.5352817260365806,52615.9008,0,201251.9684,0.0,3.8654860437125733,3.8654860437125733,0.0,3.8654860437125733,3.8654860437125733,2055.0,2055.0,15.953,15.953,5.819,5.819,35230.6471,22575.2819,3555.9241,63104.4854,0,35230.6471,22575.2819,5312.9666,69889.9139,0
231,231,60,3.2,550,244,0,1,0.55,0.65,0.65,0,1742.6323,0,11683.1475,11683.1475,0.8358544185670616,52615.9008,0,201251.9684,0.0,3.8654860437125733,3.8654860437125733,0.0,3.8654860437125733,3.8654860437125733,2055.0,2055.0,15.953,15.953,5.819,5.819,35230.6471,22575.2819,3555.9241,63104.4854,0,35230.6471,22575.2819,7186.266,76675.3424,0
232,232,25,3.2,550,244,0,1,0.6,0.65,0.65,0,4250.9969,0,-26120.2216,-26120.2216,0.0,52615.9008,0,201251.9684,0.0,3.8654860437125733,3.8654860437125733,0.0,3.8654860437125733,3.8654860437125733,2055.0,2055.0,15.953,15.953,5.1725,5.1725,35230.6471,20066.9172,3555.9241,63104.4854,0,35230.6471,20066.9172,0,29177.3427,0
233,233,30,3.2,550,244,0,1,0.6,0.65,0.65,0,4250.9969,0,-19334.7931,-19334.7931,0.0,52615.9008,0,201251.9684,0.0,3.8654860437125733,3.8654860437125733,0.0,3.8654860437125733,3.8654860437125733,2055.0,2055.0,15.953,15.953,5.1725,5.1725,35230.6471,20066.9172,3555.9241,63104.4854,0,35230.6471,20066.9172,0,35962.7712,0
234,234,35,3.2,550,244,0,1,0.6,0.65,0.65,0,4250.9969,0,-12643.5498,-12643.5498,0.0,52615.9008,0,201251.9684,0.0,3.8654860437125733,3.8654860437125733,0.0,3.8654860437125733,3.8654860437125733,2055.0,2055.0,15.953,15.953,5.1725,5.1725,35230.6471,20066.9172,3555.9241,63104.4854,0,35230.6471,20066.9172,94.1853,42748.1998,0
235,235,40,3.2,550,244,0,1,0.6,0.65,0.65,0,4250.9969,0,-6667.9203,-6667.9203,0.0,52615.9008,0,201251.9684,0.0,3.8654860437125733,3.8654860437125733,0.0,3.8654860437125733,3.8654860437125733,2055.0,2055.0,15.953,15.953,5.1725,5.1725,35230.6471,20066.9172,3555.9241,63104.4854,0,35230.6471,20066.9172,903.9843,49533.6283,0
236,236,45,3.2,550,244,0,1,0.6,0.65,0.65,0,4250.9969,0,-1071.99,-1071.99,0.05090409870719203,52615.9008,0,201251.9684,0.0,3.8654860437125733,3.8654860437125733,0.0,3.8654860437125733,3.8654860437125733,2055.0,2055.0,15.953,15.953,5.1725,5.1725,35230.6471,20066.9172,3555.9241,63104.4854,0,35230.6471,20066.9172,2093.4825,56319.0568,0
237,237,50,3.2,550,244,0,1,0.6,0.65,0.65,0,4250.9969,0,4250.9969,4250.9969,0.38904276088268425,52615.9008,0,201251.9684,0.0,3.8654860437125733,3.8654860437125733,0.0,3.8654860437125733,3.8654860437125733,2055.0,2055.0,15.953,15.953,5.1725,5.1725,35230.6471,20066.9172,3555.9241,63104.4854,0,35230.6471,20066.9172,3555.9241,63104.4854,0
238,238,55,3.2,550,244,0,1,0.6,0.65,0.65,0,4250.9969,0,9279.383,9279.383,0.7271814230581759,52615.9008,0,201251.9684,0.0,3.8654860437125733,3.8654860437125733,0.0,3.8654860437125733,3.8654860437125733,2055.0,2055.0,15.953,15.953,5.1725,5.1725,35230.6471,20066.9172,3555.9241,63104.4854,0,35230.6471,20066.9172,5312.9666,69889.9139,0
239,239,60,3.2,550,244,0,1,0.6,0.65,0.65,0,4250.9969,0,14191.5121,14191.5121,1.0653200852336686,52615.9008,0,201251.9684,0.0,3.8654860437125733,3.8654860437125733,0.0,3.8654860437125733,3.8654860437125733,2055.0,2055.0,15.953,15.953,5.1725,5.1725,35230.6471,20066.9172,3555.9241,63104.4854,0,35230.6471,20066.9172,7186.266,76675.3424,0
240,240,25,3.2,550,244,0,1,0.5,0.7,0.7,0,-3625.9483,0,-30272.1931,-30272.1931,0.0,52615.9008,0,201251.9684,0.0,3.313273751753634,3.313273751753634,0.0,3.313273751753634,3.313273751753634,2055.0,2055.0,15.953,15.953,7.5432,7.5432,30197.6975,25083.6465,2434.1632,54089.5589,0,30197.6975,25083.6465,0,25009.1509,0
241,241,30,3.2,550,244,0,1,0.5,0.7,0.7,0,-3625.9483,0,-24456.1115,-24456.1115,0.0,52615.9008,0,201251.9684,0.0,3.313273751753634,3.313273751753634,0.0,3.313273751753634,3.313273751753634,2055.0,2055.0,15.953,15.953,7.5432,7.5432,30197.6975,25083.6465,2434.1632,54089.5589,0,30197.6975,25083.6465,0,30825.2325,0
242,242,35,3.2,550,244,0,1,0.5,0.7,0.7,0,-3625.9483,0,-18640.0299,-18640.0299,0.0,52615.9008,0,201251.9684,0.0,3.313273751753634,3.313273751753634,0.0,3.313273751753634,3.313273751753634,2055.0,2055.0,15.953,15.953,7.5432,7.5432,30197.6975,25083.6465,2434.1632,54089.5589,0,30197.6975,25083.6465,0,36641.3141,0
243,243,40,3.2,550,244,0,1,0.5,0.7,0.7,0,-3625.9483,0,-13230.596,-13230.596,0.0,52615.9008,0,201251.9684,0.0,3.313273751753634,3.313273751753634,0.0,3.313273751753634,3.313273751753634,2055.0,2055.0,15.953,15.953,7.5432,7.5432,30197.6975,25083.6465,2434.1632,54089.5589,0,30197.6975,25083.6465,406.6476,42457.3957,0
244,244,45,3.2,550,244,0,1,0.5,0.7,0.7,0,-3625.9483,0,-8310.3922,-8310.3922,0.0,52615.9008,0,201251.9684,0.0,3.313273751753634,3.313273751753634,0.0,3.313273751753634,3.313273751753634,2055.0,2055.0,15.953,15.953,7.5432,7.5432,30197.6975,25083.6465,2434.1632,54089.5589,0,30197.6975,25083.6465,1302.5255,48273.4773,0
245,245,50,3.2,550,244,0,1,0.5,0.7,0.7,0,-3625.9483,0,-3625.9483,-3625.9483,0.0,52615.9008,0,201251.9684,0.0,3.313273751753634,3.313273751753634,0.0,3.313273751753634,3.313273751753634,2055.0,2055.0,15.953,15.953,7.5432,7.5432,30197.6975,25083.6465,2434.1632,54089.5589,0,30197.6975,25083.6465,2434.1632,54089.5589,0
246,246,55,3.2,550,244,0,1,0.5,0.7,0.7,0,-3625.9483,0,771.4168,771.4168,0.1843524350862988,52615.9008,0,201251.9684,0.0,3.313273751753634,3.313273751753634,0.0,3.313273751753634,3.313273751753634,2055.0,2055.0,15.953,15.953,7.5432,7.5432,30197.6975,25083.6465,2434.1632,54089.5589,0,30197.6975,25083.6465,3852.8797,59905.6405,0
247,247,60,3.2,550,244,0,1,0.5,0.7,0.7,0,-3625.9483,0,5016.5693,5016.5693,0.41621663539186426,52615.9008,0,201251.9684,0.0,3.313273751753634,3.313273751753634,0.0,3.313273751753634,3.313273751753634,2055.0,2055.0,15.953,15.953,7.5432,7.5432,30197.6975,25083.6465,2434.1632,54089.5589,0,30197.6975,25083.6465,5423.8088,65721.7221,0
248,248,25,3.2,550,244,0,1,0.55,0.7,0.7,0,-1117.5836,0,-27763.8285,-27763.8285,0.0,52615.9008,0,201251.9684,0.0,3.313273751753634,3.313273751753634,0.0,3.313273751753634,3.313273751753634,2055.0,2055.0,15.953,15.953,6.7888,6.7888,30197.6975,22575.2819,2434.1632,54089.5589,0,30197.6975,22575.2819,0,25009.1509,0
249,249,30,3.2,550,244,0,1,0.55,0.7,0.7,0,-1117.5836,0,-21947.7469,-21947.7469,0.0,52615.9008,0,201251.9684,0.0,3.313273751753634,3.313273751753634,0.0,3.313273751753634,3.313273751753634,2055.0,2055.0,15.953,15.953,6.7888,6.7888,30197.6975,22575.2819,2434.1632,54089.5589,0,30197.6975,22575.2819,0,30825.2325,0
250,250,35,3.2,550,244,0,1,0.55,0.7,0.7,0,-1117.5836,0,-16131.6653,-16131.6653,0.0,52615.9008,0,201251.9684,0.0,3.313273751753634,3.313273751753634,0.0,3.313273751753634,3.313273751753634,2055.0,2055.0,15.953,15.953,6.7888,6.7888,30197.6975,22575.2819,2434.1632,54089.5589,0,30197.6975,22575.2819,0,36641.3141,0
251,251,40,3.2,550,244,0,1,0.55,0.7,0.7,0,-1117.5836,0,-10722.2313,-10722.2313,0.0,52615.9008,0,201251.9684,0.0,3.313273751753634,3.313273751753634,0.0,3.313273751753634,3.313273751753634,2055.0,2055.0,15.953,15.953,6.7888,6.7888,30197.6975,22575.2819,2434.1632,54089.5589,0,30197.6975,22575.2819,406.6476,42457.3957,0
252,252,45,3.2,550,244,0,1,0.55,0.7,0.7,0,-1117.5836,0,-5802.0275,-5802.0275,0.0,52615.9008,0,201251.9684,0.0,3.313273751753634,3.313273751753634,0.0,3.313273751753634,3.313273751753634,2055.0,2055.0,15.953,15.953,6.7888,6.7888,30197.6975,22575.2819,2434.1632,54089.5589,0,30197.6975,22575.2819,1302.5255,48273.4773,0
253,253,50,3.2,550,244,0,1,0.55,0.7,0.7,0,-1117.5836,0,-1117.5836,-1117.5836,0.058320245070765844,52615.9008,0,201251.9684,0.0,3.313273751753634,3.313273751753634,0.0,3.313273751753634,3.313273751753634,2055.0,2055.0,15.953,15.953,6.7888,6.7888,30197.6975,22575.2819,2434.1632,54089.5589,0,30197.6975,22575.2819,2434.1632,54089.5589,0
254,254,55,3.2,550,244,0,1,0.55,0.7,0.7,0,-1117.5836,0,3279.7814,3279.7814,0.31595398152546333,52615.9008,0,201251.9684,0.0,3.313273751753634,3.313273751753634,0.0,3.313273751753634,3.313273751753634,2055.0,2055.0,15.953,15.953,6.7888,6.7888,30197.6975,22575.2819,2434.1632,54089.5589,0,30197.6975,22575.2819,3852.8797,59905.6405,0
255,255,60,3.2,550,244,0,1,0.55,0.7,0.7,0,-1117.5836,0,7524.934,7524.934,0.5735877179801613,52615.9008,0,201251.9684,0.0,3.313273751753634,3.313273751753634,0.0,3.313273751753634,3.313273751753634,2055.0,2055.0,15.953,15.953,6.7888,6.7888,30197.6975,22575.2819,2434.1632,54089.5589,0,30197.6975,22575.2819,5423.8088,65721.7221,0
256,256,25,3.2,550,244,0,1,0.6,0.7,0.7,0,1390.781,0,-25255.4638,-25255.4638,0.0,52615.9008,0,201251.9684,0.0,3.313273751753634,3.313273751753634,0.0,3.313273751753634,3.313273751753634,2055.0,2055.0,15.953,15.953,6.0345,6.0345,30197.6975,20066.9172,2434.1632,54089.5589,0,30197.6975,20066.9172,0,25009.1509,0
257,257,30,3.2,550,244,0,1,0.6,0.7,0.7,0,1390.781,0,-19439.3822,-19439.3822,0.0,52615.9008,0,201251.9684,0.0,3.313273751753634,3.313273751753634,0.0,3.313273751753634,3.313273751753634,2055.0,2055.0,15.953,15.953,6.0345,6.0345,30197.6975,20066.9172,2434.1632,54089.5589,0,30197.6975,20066.9172,0,30825.2325,0
258,258,35,3.2,550,244,0,1,0.6,0.7,0.7,0,1390.781,0,-13623.3006,-13623.3006,0.0,52615.9008,0,201251.9684,0.0,3.313273751753634,3.313273751753634,0.0,3.313273751753634,3.313273751753634,2055.0,2055.0,15.953,15.953,6.0345,6.0345,30197.6975,20066.9172,2434.1632,54089.5589,0,30197.6975,20066.9172,0,36641.3141,0
259,259,40,3.2,550,244,0,1,0.6,0.7,0.7,0,1390.781,0,-8213.8666,-8213.8666,0.0,52615.9008,0,201251.9684,0.0,3.313273751753634,3.313273751753634,0.0,3.313273751753634,3.313273751753634,2055.0,2055.0,15.953,15.953,6.0345,6.0345,30197.6975,20066.9172,2434.1632,54089.5589,0,30197.6975,20066.9172,406.6476,42457.3957,0
260,260,45,3.2,550,244,0,1,0.6,0.7,0.7,0,1390.781,0,-3293.6629,-3293.6629,0.0,52615.9008,0,201251.9684,0.0,3.313273751753634,3.313273751753634,0.0,3.313273751753634,3.313273751753634,2055.0,2055.0,15.953,15.953,6.0345,6.0345,30197.6975,20066.9172,2434.1632,54089.5589,0,30197.6975,20066.9172,1302.5255,48273.4773,0
261,261,50,3.2,550,244,0,1,0.6,0.7,0.7,0,1390.781,0,1390.781,1390.781,0.19060867014028746,52615.9008,0,201251.9684,0.0,3.313273751753634,3.313273751753634,0.0,3.313273751753634,3.313273751753634,2055.0,2055.0,15.953,15.953,6.0345,6.0345,30197.6975,20066.9172,2434.1632,54089.5589,0,30197.6975,20066.9172,2434.1632,54089.5589,0
262,262,55,3.2,550,244,0,1,0.6,0.7,0.7,0,1390.781,0,5788.1461,5788.1461,0.4804418091478523,52615.9008,0,201251.9684,0.0,3.313273751753634,3.313273751753634,0.0,3.313273751753634,3.313273751753634,2055.0,2055.0,15.953,15.953,6.0345,6.0345,30197.6975,20066.9172,2434.1632,54089.5589,0,30197.6975,20066.9172,3852.8797,59905.6405,0
263,263,60,3.2,550,244,0,1,0.6,0.7,0.7,0,1390.781,0,10033.2986,10033.2986,0.7702749481554171,52615.9008,0,201251.9684,0.0,3.313273751753634,3.313273751753634,0.0,3.313273751753634,3.313273751753634,2055.0,2055.0,15.953,15.953,6.0345,6.0345,30197.6975,20066.9172,2434.1632,54089.5589,0,30197.6975,20066.9172,5423.8088,65721.7221,0
264,264,25,3.2,550,244,0,1,0.5,0.75,0.75,0,-6584.7879,0,-29407.4354,-29407.4354,0.0,52615.9008,0,201251.9684,0.0,2.761061459794695,2.761061459794695,0.0,2.761061459794695,2.761061459794695,2055.0,2055.0,15.953,15.953,9.0518,9.0518,25164.7479,25083.6465,1411.0259,45074.6324,0,25164.7479,25083.6465,0,20840.9591,0
265,265,30,3.2,550,244,0,1,0.5,0.75,0.75,0,-6584.7879,0,-24560.7007,-24560.7007,0.0,52615.9008,0,201251.9684,0.0,2.761061459794695,2.761061459794695,0.0,2.761061459794695,2.761061459794695,2055.0,2055.0,15.953,15.953,9.0518,9.0518,25164.7479,25083.6465,1411.0259,45074.6324,0,25164.7479,25083.6465,0,25687.6937,0
266,266,35,3.2,550,244,0,1,0.5,0.75,0.75,0,-6584.7879,0,-19713.966,-19713.966,0.0,52615.9008,0,201251.9684,0.0,2.761061459794695,2.761061459794695,0.0,2.761061459794695,2.761061459794695,2055.0,2055.0,15.953,15.953,9.0518,9.0518,25164.7479,25083.6465,1411.0259,45074.6324,0,25164.7479,25083.6465,0,30534.4284,0
267,267,40,3.2,550,244,0,1,0.5,0.75,0.75,0,-6584.7879,0,-14903.8044,-14903.8044,0.0,52615.9008,0,201251.9684,0.0,2.761061459794695,2.761061459794695,0.0,2.761061459794695,2.761061459794695,2055.0,2055.0,15.953,15.953,9.0518,9.0518,25164.7479,25083.6465,1411.0259,45074.6324,0,25164.7479,25083.6465,36.573,35381.1631,0
268,268,45,3.2,550,244,0,1,0.5,0.75,0.75,0,-6584.7879,0,-10602.3952,-10602.3952,0.0,52615.9008,0,201251.9684,0.0,2.761061459794695,2.761061459794695,0.0,2.761061459794695,2.761061459794695,2055.0,2055.0,15.953,15.953,9.0518,9.0518,25164.7479,25083.6465,1411.0259,45074.6324,0,25164.7479,25083.6465,581.8986,40227.8977,0
269,269,50,3.2,550,244,0,1,0.5,0.75,0.75,0,-6584.7879,0,-6584.7879,-6584.7879,0.0,52615.9008,0,201251.9684,0.0,2.761061459794695,2.761061459794695,0.0,2.761061459794695,2.761061459794695,2055.0,2055.0,15.953,15.953,9.0518,9.0518,25164.7479,25083.6465,1411.0259,45074.6324,0,25164.7479,25083.6465,1411.0259,45074.6324,0
270,270,55,3.2,550,244,0,1,0.5,0.75,0.75,0,-6584.7879,0,-2763.179,-2763.179,0.0,52615.9008,0,201251.9684,0.0,2.761061459794695,2.761061459794695,0.0,2.761061459794695,2.761061459794695,2055.0,2055.0,15.953,15.953,9.0518,9.0518,25164.7479,25083.6465,1411.0259,45074.6324,0,25164.7479,25083.6465,2436.1517,49921.3671,0
271,271,60,3.2,550,244,0,1,0.5,0.75,0.75,0,-6584.7879,0,841.0607,841.0607,0.18018287818610454,52615.9008,0,201251.9684,0.0,2.761061459794695,2.761061459794695,0.0,2.761061459794695,2.761061459794695,2055.0,2055.0,15.953,15.953,9.0518,9.0518,25164.7479,25083.6465,1411.0259,45074.6324,0,25164.7479,25083.6465,3678.6466,54768.1017,0
272,272,25,3.2,550,244,0,1,0.55,0.75,0.75,0,-4076.4233,0,-26899.0707,-26899.0707,0.0,52615.9008,0,201251.9684,0.0,2.761061459794695,2.761061459794695,0.0,2.761061459794695,2.761061459794695,2055.0,2055.0,15.953,15.953,8.1466,8.1466,25164.7479,22575.2819,1411.0259,45074.6324,0,25164.7479,22575.2819,0,20840.9591,0
273,273,30,3.2,550,244,0,1,0.55,0.75,0.75,0,-4076.4233,0,-22052.336,-22052.336,0.0,52615.9008,0,201251.9684,0.0,2.761061459794695,2.761061459794695,0.0,2.761061459794695,2.761061459794695,2055.0,2055.0,15.953,15.953,8.1466,8.1466,25164.7479,22575.2819,1411.0259,45074.6324,0,25164.7479,22575.2819,0,25687.6937,0
274,274,35,3.2,550,244,0,1,0.55,0.75,0.75,0,-4076.4233,0,-17205.6014,-17205.6014,0.0,52615.9008,0,201251.9684,0.0,2.761061459794695,2.761061459794695,0.0,2.761061459794695,2.761061459794695,2055.0,2055.0,15.953,15.953,8.1466,8.1466,25164.7479,22575.2819,1411.0259,45074.6324,0,25164.7479,22575.2819,0,30534.4284,0
275,275,40,3.2,550,244,0,1,0.55,0.75,0.75,0,-4076.4233,0,-12395.4397,-12395.4397,0.0,52615.9008,0,201251.9684,0.0,2.761061459794695,2.761061459794695,0.0,2.761061459794695,2.761061459794695,2055.0,2055.0,15.953,15.953,8.1466,8.1466,25164.7479,22575.2819,1411.0259,45074.6324,0,25164.7479,22575.2819,36.573,35381.1631,0
276,276,45,3.2,550,244,0,1,0.55,0.75,0.75,0,-4076.4233,0,-8094.0306,-8094.0306,0.0,52615.9008,0,201251.9684,0.0,2.761061459794695,2.761061459794695,0.0,2.761061459794695,2.761061459794695,2055.0,2055.0,15.953,15.953,8.1466,8.1466,25164.7479,22575.2819,1411.0259,45074.6324,0,25164.7479,22575.2819,581.8986,40227.8977,0
277,277,50,3.2,550,244,0,1,0.55,0.75,0.75,0,-4076.4233,0,-4076.4233,-4076.4233,0.0,52615.9008,0,201251.9684,0.0,2.761061459794695,2.761061459794695,0.0,2.761061459794695,2.761061459794695,2055.0,2055.0,15.953,15.953,8.1466,8.1466,25164.7479,22575.2819,1411.0259,45074.6324,0,25164.7479,22575.2819,1411.0259,45074.6324,0
278,278,55,3.2,550,244,0,1,0.55,0.75,0.75,0,-4076.4233,0,-254.8144,-254.8144,0.09662623701434607,52615.9008,0,201251.9684,0.0,2.761061459794695,2.761061459794695,0.0,2.761061459794695,2.761061459794695,2055.0,2055.0,15.953,15.953,8.1466,8.1466,25164.7479,22575.2819,1411.0259,45074.6324,0,25164.7479,22575.2819,2436.1517,49921.3671,0
279,279,60,3.2,550,244,0,1,0.55,0.75,0.75,0,-4076.4233,0,3349.4254,3349.4254,0.3113210173932608,52615.9008,0,201251.9684,0.0,2.761061459794695,2.761061459794695,0.0,2.761061459794695,2.761061459794695,2055.0,2055.0,15.953,15.953,8.1466,8.1466,25164.7479,22575.2819,1411.0259,45074.6324,0,25164.7479,22575.2819,3678.6466,54768.1017,0
280,280,25,3.2,550,244,0,1,0.6,0.75,0.75,0,-1568.0586,0,-24390.7061,-24390.7061,0.0,52615.9008,0,201251.9684,0.0,2.761061459794695,2.761061459794695,0.0,2.761061459794695,2.761061459794695,2055.0,2055.0,15.953,15.953,7.2414,7.2414,25164.7479,20066.9172,1411.0259,45074.6324,0,25164.7479,20066.9172,0,20840.9591,0
281,281,30,3.2,550,244,0,1,0.6,0.75,0.75,0,-1568.0586,0,-19543.9714,-19543.9714,0.0,52615.9008,0,201251.9684,0.0,2.761061459794695,2.761061459794695,0.0,2.761061459794695,2.761061459794695,2055.0,2055.0,15.953,15.953,7.2414,7.2414,25164.7479,20066.9172,1411.0259,45074.6324,0,25164.7479,20066.9172,0,25687.6937,0
282,282,35,3.2,550,244,0,1,0.6,0.75,0.75,0,-1568.0586,0,-14697.2367,-14697.2367,0.0,52615.9008,0,201251.9684,0.0,2.761061459794695,2.761061459794695,0.0,2.761061459794695,2.761061459794695,2055.0,2055.0,15.953,15.953,7.2414,7.2414,25164.7479,20066.9172,1411.0259,45074.6324,0,25164.7479,20066.9172,0,30534.4284,0
283,283,40,3.2,550,244,0,1,0.6,0.75,0.75,0,-1568.0586,0,-9887.0751,-9887.0751,0.0,52615.9008,0,201251.9684,0.0,2.761061459794695,2.761061459794695,0.0,2.761061459794695,2.761061459794695,2055.0,2055.0,15.953,15.953,7.2414,7.2414,25164.7479,20066.9172,1411.0259,45074.6324,0,25164.7479,20066.9172,36.573,35381.1631,0
284,284,45,3.2,550,244,0,1,0.6,0.75,0.75,0,-1568.0586,0,-5585.6659,-5585.6659,0.0,52615.9008,0,201251.9684,0.0,2.761061459794695,2.761061459794695,0.0,2.761061459794695,2.761061459794695,2055.0,2055.0,15.953,15.953,7.2414,7.2414,25164.7479,20066.9172,1411.0259,45074.6324,0,25164.7479,20066.9172,581.8986,40227.8977,0
285,285,50,3.2,550,244,0,1,0.6,0.75,0.75,0,-1568.0586,0,-1568.0586,-1568.0586,0.0,52615.9008,0,201251.9684,0.0,2.761061459794695,2.761061459794695,0.0,2.761061459794695,2.761061459794695,2055.0,2055.0,15.953,15.953,7.2414,7.2414,25164.7479,20066.9172,1411.0259,45074.6324,0,25164.7479,20066.9172,1411.0259,45074.6324,0
286,286,55,3.2,550,244,0,1,0.6,0.75,0.75,0,-1568.0586,0,2253.5503,2253.5503,0.23370219523752792,52615.9008,0,201251.9684,0.0,2.761061459794695,2.761061459794695,0.0,2.761061459794695,2.761061459794695,2055.0,2055.0,15.953,15.953,7.2414,7.2414,25164.7479,20066.9172,1411.0259,45074.6324,0,25164.7479,20066.9172,2436.1517,49921.3671,0
287,287,60,3.2,550,244,0,1,0.6,0.75,0.75,0,-1568.0586,0,5857.79,5857.79,0.4752298110771652,52615.9008,0,201251.9684,0.0,2.761061459794695,2.761061459794695,0.0,2.761061459794695,2.761061459794695,2055.0,2055.0,15.953,15.953,7.2414,7.2414,25164.7479,20066.9172,1411.0259,45074.6324,0,25164.7479,20066.9172,3678.6466,54768.1017,0
