,ID,E_Brent,C_polimero,PPM,Costo_Kw_hr,reg_f,piloto,D_G,D_GSW,ecp_z,capex_p_x_v,opex_p_y_v,produccion_p_y_v,VPN_Basica_porta,VPN_incremental_porta,VPN_Basica,VPN_incremental,VPN_Total,EFI_INCREMENTAL,capex,opex_basica,opex_incremental,volumen_B_LE,volumen_I_LE,volumen_T_LE,volumen_B_LE_p,volumen_I_LE_p,volumen_T_LE_p,LE_year_p,LE_year_b,lc_p,lc_b,dc_p,dc_b,opex_ing_p,capex_ing_p,impuesto_ing_p,ingreso_ing_p,abandono_ing_p,opex_ing_b,capex_ing_b,impuesto_ing_b,ingreso_ing_b,abandono_ing_b
0,0,25,3.2,550,244,0,0,1,1,0,0.4,0.55,0.55,0,10858.7923,0,-282.0525,-282.0525,0.0,6378.1,0,21351.9024,0.0,1.204528084454332,1.204528084454332,0.0,1.204528084454332,1.204528084454332,2046.0,2046.0,9.1627,9.1627,1.9906,1.9906,8241.0392,2432.5119,4442.5971,25974.9406,0,8241.0392,2432.5119,257.813,10649.3116,0
1,1,30,3.2,550,244,0,0,1,1,0,0.4,0.55,0.55,0,10858.7923,0,1915.6746,1915.6746,1.145412115355728,6378.1,0,21351.9024,0.0,1.204528084454332,1.204528084454332,0.0,1.204528084454332,1.204528084454332,2046.0,2046.0,9.1627,9.1627,1.9906,1.9906,8241.0392,2432.5119,4442.5971,25974.9406,0,8241.0392,2432.5119,871.113,13460.3388,0
2,2,35,3.2,550,244,0,0,1,1,0,0.4,0.55,0.55,0,10858.7923,0,3991.8978,3991.8978,2.300787023969416,6378.1,0,21351.9024,0.0,1.204528084454332,1.204528084454332,0.0,1.204528084454332,1.204528084454332,2046.0,2046.0,9.1627,9.1627,1.9906,1.9906,8241.0392,2432.5119,4442.5971,25974.9406,0,8241.0392,2432.5119,1605.9171,16271.3659,0
3,3,40,3.2,550,244,0,0,1,1,0,0.4,0.55,0.55,0,10858.7923,0,5995.9753,5995.9753,3.4561619325831057,6378.1,0,21351.9024,0.0,1.204528084454332,1.204528084454332,0.0,1.204528084454332,1.204528084454332,2046.0,2046.0,9.1627,9.1627,1.9906,1.9906,8241.0392,2432.5119,4442.5971,25974.9406,0,8241.0392,2432.5119,2412.8667,19082.3931,0
4,4,45,3.2,550,244,0,0,1,1,0,0.4,0.55,0.55,0,10858.7923,0,7986.0534,7986.0534,4.611536841196792,6378.1,0,21351.9024,0.0,1.204528084454332,1.204528084454332,0.0,1.204528084454332,1.204528084454332,2046.0,2046.0,9.1627,9.1627,1.9906,1.9906,8241.0392,2432.5119,4442.5971,25974.9406,0,8241.0392,2432.5119,3233.8157,21893.4203,0
5,5,50,3.2,550,244,0,0,1,1,0,0.4,0.55,0.55,0,10858.7923,0,9964.8651,9964.8651,5.766911749810481,6378.1,0,21351.9024,0.0,1.204528084454332,1.204528084454332,0.0,1.204528084454332,1.204528084454332,2046.0,2046.0,9.1627,9.1627,1.9906,1.9906,8241.0392,2432.5119,4442.5971,25974.9406,0,8241.0392,2432.5119,4066.0312,24704.4474,0
6,6,55,3.2,550,244,0,0,1,1,0,0.4,0.55,0.55,0,10858.7923,0,11943.6768,11943.6768,6.922286658424173,6378.1,0,21351.9024,0.0,1.204528084454332,1.204528084454332,0.0,1.204528084454332,1.204528084454332,2046.0,2046.0,9.1627,9.1627,1.9906,1.9906,8241.0392,2432.5119,4442.5971,25974.9406,0,8241.0392,2432.5119,4898.2467,27515.4746,0
7,7,60,3.2,550,244,0,0,1,1,0,0.4,0.55,0.55,0,10858.7923,0,13914.5482,13914.5482,8.077661567037858,6378.1,0,21351.9024,0.0,1.204528084454332,1.204528084454332,0.0,1.204528084454332,1.204528084454332,2046.0,2046.0,9.1627,9.1627,1.9906,1.9906,8241.0392,2432.5119,4442.5971,25974.9406,0,8241.0392,2432.5119,5738.4024,30326.5017,0
8,8,25,3.2,550,244,0,1,1,1,0,0.4,0.55,0.55,0,8014.9006,0,-4478.8167,-4478.8167,0.0,18058.1,0,21351.9024,0.0,1.204528084454332,1.204528084454332,0.0,1.204528084454332,1.204528084454332,2046.0,2046.0,9.1627,9.1627,5.6358,5.6358,8241.0392,6887.0891,2831.9117,25974.9406,0,8241.0392,6887.0891,0,10649.3116,0
9,9,30,3.2,550,244,0,1,1,1,0,0.4,0.55,0.55,0,8014.9006,0,-1667.7895,-1667.7895,0.0,18058.1,0,21351.9024,0.0,1.204528084454332,1.204528084454332,0.0,1.204528084454332,1.204528084454332,2046.0,2046.0,9.1627,9.1627,5.6358,5.6358,8241.0392,6887.0891,2831.9117,25974.9406,0,8241.0392,6887.0891,0,13460.3388,0
10,10,35,3.2,550,244,0,1,1,1,0,0.4,0.55,0.55,0,8014.9006,0,853.4272,853.4272,0.16599936291014727,18058.1,0,21351.9024,0.0,1.204528084454332,1.204528084454332,0.0,1.204528084454332,1.204528084454332,2046.0,2046.0,9.1627,9.1627,5.6358,5.6358,8241.0392,6887.0891,2831.9117,25974.9406,0,8241.0392,6887.0891,289.8104,16271.3659,0
11,11,40,3.2,550,244,0,1,1,1,0,0.4,0.55,0.55,0,8014.9006,0,3044.8771,3044.8771,0.5741636075242179,18058.1,0,21351.9024,0.0,1.204528084454332,1.204528084454332,0.0,1.204528084454332,1.204528084454332,2046.0,2046.0,9.1627,9.1627,5.6358,5.6358,8241.0392,6887.0891,2831.9117,25974.9406,0,8241.0392,6887.0891,909.3876,19082.3931,0
12,12,45,3.2,550,244,0,1,1,1,0,0.4,0.55,0.55,0,8014.9006,0,5114.5643,5114.5643,0.9823278521382885,18058.1,0,21351.9024,0.0,1.204528084454332,1.204528084454332,0.0,1.204528084454332,1.204528084454332,2046.0,2046.0,9.1627,9.1627,5.6358,5.6358,8241.0392,6887.0891,2831.9117,25974.9406,0,8241.0392,6887.0891,1650.7276,21893.4203,0
13,13,50,3.2,550,244,0,1,1,1,0,0.4,0.55,0.55,0,8014.9006,0,7117.6284,7117.6284,1.390492096752359,18058.1,0,21351.9024,0.0,1.204528084454332,1.204528084454332,0.0,1.204528084454332,1.204528084454332,2046.0,2046.0,9.1627,9.1627,5.6358,5.6358,8241.0392,6887.0891,2831.9117,25974.9406,0,8241.0392,6887.0891,2458.6907,24704.4474,0
14,14,55,3.2,550,244,0,1,1,1,0,0.4,0.55,0.55,0,8014.9006,0,9106.9993,9106.9993,1.79865634136643,18058.1,0,21351.9024,0.0,1.204528084454332,1.204528084454332,0.0,1.204528084454332,1.204528084454332,2046.0,2046.0,9.1627,9.1627,5.6358,5.6358,8241.0392,6887.0891,2831.9117,25974.9406,0,8241.0392,6887.0891,3280.3469,27515.4746,0
15,15,60,3.2,550,244,0,1,1,1,0,0.4,0.55,0.55,0,8014.9006,0,11085.811,11085.811,2.2068205859805,18058.1,0,21351.9024,0.0,1.204528084454332,1.204528084454332,0.0,1.204528084454332,1.204528084454332,2046.0,2046.0,9.1627,9.1627,5.6358,5.6358,8241.0392,6887.0891,2831.9117,25974.9406,0,8241.0392,6887.0891,4112.5624,30326.5017,0
16,16,25,3.2,550,244,0,0,1,1,0,0.5,0.55,0.55,0,10250.6643,0,-890.1804,-890.1804,0.0,6378.1,0,21351.9024,0.0,1.204528084454332,1.204528084454332,0.0,1.204528084454332,1.204528084454332,2046.0,2046.0,9.1627,9.1627,2.4882,2.4882,8241.0392,3040.6399,4442.5971,25974.9406,0,8241.0392,3040.6399,257.813,10649.3116,0
17,17,30,3.2,550,244,0,0,1,1,0,0.5,0.55,0.55,0,10250.6643,0,1307.5467,1307.5467,0.7164287085214583,6378.1,0,21351.9024,0.0,1.204528084454332,1.204528084454332,0.0,1.204528084454332,1.204528084454332,2046.0,2046.0,9.1627,9.1627,2.4882,2.4882,8241.0392,3040.6399,4442.5971,25974.9406,0,8241.0392,3040.6399,871.113,13460.3388,0
18,18,35,3.2,550,244,0,0,1,1,0,0.5,0.55,0.55,0,10250.6643,0,3383.7698,3383.7698,1.6408046219239916,6378.1,0,21351.9024,0.0,1.204528084454332,1.204528084454332,0.0,1.204528084454332,1.204528084454332,2046.0,2046.0,9.1627,9.1627,2.4882,2.4882,8241.0392,3040.6399,4442.5971,25974.9406,0,8241.0392,3040.6399,1605.9171,16271.3659,0
19,19,40,3.2,550,244,0,0,1,1,0,0.5,0.55,0.55,0,10250.6643,0,5387.8473,5387.8473,2.565180535326526,6378.1,0,21351.9024,0.0,1.204528084454332,1.204528084454332,0.0,1.204528084454332,1.204528084454332,2046.0,2046.0,9.1627,9.1627,2.4882,2.4882,8241.0392,3040.6399,4442.5971,25974.9406,0,8241.0392,3040.6399,2412.8667,19082.3931,0
20,20,45,3.2,550,244,0,0,1,1,0,0.5,0.55,0.55,0,10250.6643,0,7377.9254,7377.9254,3.489556448729058,6378.1,0,21351.9024,0.0,1.204528084454332,1.204528084454332,0.0,1.204528084454332,1.204528084454332,2046.0,2046.0,9.1627,9.1627,2.4882,2.4882,8241.0392,3040.6399,4442.5971,25974.9406,0,8241.0392,3040.6399,3233.8157,21893.4203,0
21,21,50,3.2,550,244,0,0,1,1,0,0.5,0.55,0.55,0,10250.6643,0,9356.7371,9356.7371,4.413932362131592,6378.1,0,21351.9024,0.0,1.204528084454332,1.204528084454332,0.0,1.204528084454332,1.204528084454332,2046.0,2046.0,9.1627,9.1627,2.4882,2.4882,8241.0392,3040.6399,4442.5971,25974.9406,0,8241.0392,3040.6399,4066.0312,24704.4474,0
22,22,55,3.2,550,244,0,0,1,1,0,0.5,0.55,0.55,0,10250.6643,0,11335.5488,11335.5488,5.338308275534127,6378.1,0,21351.9024,0.0,1.204528084454332,1.204528084454332,0.0,1.204528084454332,1.204528084454332,2046.0,2046.0,9.1627,9.1627,2.4882,2.4882,8241.0392,3040.6399,4442.5971,25974.9406,0,8241.0392,3040.6399,4898.2467,27515.4746,0
23,23,60,3.2,550,244,0,0,1,1,0,0.5,0.55,0.55,0,10250.6643,0,13306.4203,13306.4203,6.262684188936658,6378.1,0,21351.9024,0.0,1.204528084454332,1.204528084454332,0.0,1.204528084454332,1.204528084454332,2046.0,2046.0,9.1627,9.1627,2.4882,2.4882,8241.0392,3040.6399,4442.5971,25974.9406,0,8241.0392,3040.6399,5738.4024,30326.5017,0
24,24,25,3.2,550,244,0,1,1,1,0,0.5,0.55,0.55,0,6293.1283,0,-6200.589,-6200.589,0.0,18058.1,0,21351.9024,0.0,1.204528084454332,1.204528084454332,0.0,1.204528084454332,1.204528084454332,2046.0,2046.0,9.1627,9.1627,7.0448,7.0448,8241.0392,8608.8614,2831.9117,25974.9406,0,8241.0392,8608.8614,0,10649.3116,0
25,25,30,3.2,550,244,0,1,1,1,0,0.5,0.55,0.55,0,6293.1283,0,-3389.5618,-3389.5618,0.0,18058.1,0,21351.9024,0.0,1.204528084454332,1.204528084454332,0.0,1.204528084454332,1.204528084454332,2046.0,2046.0,9.1627,9.1627,7.0448,7.0448,8241.0392,8608.8614,2831.9117,25974.9406,0,8241.0392,8608.8614,0,13460.3388,0
26,26,35,3.2,550,244,0,1,1,1,0,0.5,0.55,0.55,0,6293.1283,0,-868.3451,-868.3451,0.0,18058.1,0,21351.9024,0.0,1.204528084454332,1.204528084454332,0.0,1.204528084454332,1.204528084454332,2046.0,2046.0,9.1627,9.1627,7.0448,7.0448,8241.0392,8608.8614,2831.9117,25974.9406,0,8241.0392,8608.8614,289.8104,16271.3659,0
27,27,40,3.2,550,244,0,1,1,1,0,0.5,0.55,0.55,0,6293.1283,0,1323.1049,1323.1049,0.2593207674217339,18058.1,0,21351.9024,0.0,1.204528084454332,1.204528084454332,0.0,1.204528084454332,1.204528084454332,2046.0,2046.0,9.1627,9.1627,7.0448,7.0448,8241.0392,8608.8614,2831.9117,25974.9406,0,8241.0392,8608.8614,909.3876,19082.3931,0
28,28,45,3.2,550,244,0,1,1,1,0,0.5,0.55,0.55,0,6293.1283,0,3392.792,3392.792,0.5858426808445591,18058.1,0,21351.9024,0.0,1.204528084454332,1.204528084454332,0.0,1.204528084454332,1.204528084454332,2046.0,2046.0,9.1627,9.1627,7.0448,7.0448,8241.0392,8608.8614,2831.9117,25974.9406,0,8241.0392,8608.8614,1650.7276,21893.4203,0
29,29,50,3.2,550,244,0,1,1,1,0,0.5,0.55,0.55,0,6293.1283,0,5395.8561,5395.8561,0.9123645942673846,18058.1,0,21351.9024,0.0,1.204528084454332,1.204528084454332,0.0,1.204528084454332,1.204528084454332,2046.0,2046.0,9.1627,9.1627,7.0448,7.0448,8241.0392,8608.8614,2831.9117,25974.9406,0,8241.0392,8608.8614,2458.6907,24704.4474,0
30,30,55,3.2,550,244,0,1,1,1,0,0.5,0.55,0.55,0,6293.1283,0,7385.227,7385.227,1.23888650769021,18058.1,0,21351.9024,0.0,1.204528084454332,1.204528084454332,0.0,1.204528084454332,1.204528084454332,2046.0,2046.0,9.1627,9.1627,7.0448,7.0448,8241.0392,8608.8614,2831.9117,25974.9406,0,8241.0392,8608.8614,3280.3469,27515.4746,0
31,31,60,3.2,550,244,0,1,1,1,0,0.5,0.55,0.55,0,6293.1283,0,9364.0387,9364.0387,1.5654084211130355,18058.1,0,21351.9024,0.0,1.204528084454332,1.204528084454332,0.0,1.204528084454332,1.204528084454332,2046.0,2046.0,9.1627,9.1627,7.0448,7.0448,8241.0392,8608.8614,2831.9117,25974.9406,0,8241.0392,8608.8614,4112.5624,30326.5017,0
32,32,25,3.2,550,244,0,0,1,1,0,0.6,0.55,0.55,0,9642.5364,0,-1498.3084,-1498.3084,0.0,6378.1,0,21351.9024,0.0,1.204528084454332,1.204528084454332,0.0,1.204528084454332,1.204528084454332,2046.0,2046.0,9.1627,9.1627,2.9858,2.9858,8241.0392,3648.7678,4442.5971,25974.9406,0,8241.0392,3648.7678,257.813,10649.3116,0
33,33,30,3.2,550,244,0,0,1,1,0,0.6,0.55,0.55,0,9642.5364,0,699.4187,699.4187,0.43040058332886366,6378.1,0,21351.9024,0.0,1.204528084454332,1.204528084454332,0.0,1.204528084454332,1.204528084454332,2046.0,2046.0,9.1627,9.1627,2.9858,2.9858,8241.0392,3648.7678,4442.5971,25974.9406,0,8241.0392,3648.7678,871.113,13460.3388,0
34,34,35,3.2,550,244,0,0,1,1,0,0.6,0.55,0.55,0,9642.5364,0,2775.6418,2775.6418,1.2007560650107227,6378.1,0,21351.9024,0.0,1.204528084454332,1.204528084454332,0.0,1.204528084454332,1.204528084454332,2046.0,2046.0,9.1627,9.1627,2.9858,2.9858,8241.0392,3648.7678,4442.5971,25974.9406,0,8241.0392,3648.7678,1605.9171,16271.3659,0
35,35,40,3.2,550,244,0,0,1,1,0,0.6,0.55,0.55,0,9642.5364,0,4779.7194,4779.7194,1.9711115466925826,6378.1,0,21351.9024,0.0,1.204528084454332,1.204528084454332,0.0,1.204528084454332,1.204528084454332,2046.0,2046.0,9.1627,9.1627,2.9858,2.9858,8241.0392,3648.7678,4442.5971,25974.9406,0,8241.0392,3648.7678,2412.8667,19082.3931,0
36,36,45,3.2,550,244,0,0,1,1,0,0.6,0.55,0.55,0,9642.5364,0,6769.7975,6769.7975,2.741467028374441,6378.1,0,21351.9024,0.0,1.204528084454332,1.204528084454332,0.0,1.204528084454332,1.204528084454332,2046.0,2046.0,9.1627,9.1627,2.9858,2.9858,8241.0392,3648.7678,4442.5971,25974.9406,0,8241.0392,3648.7678,3233.8157,21893.4203,0
37,37,50,3.2,550,244,0,0,1,1,0,0.6,0.55,0.55,0,9642.5364,0,6769.7975,6769.7975,2.741467028374441,6378.1,0,21351.9024,0.0,1.204528084454332,1.204528084454332,0.0,1.204528084454332,1.204528084454332,2046.0,2046.0,9.1627,9.1627,2.9858,2.9858,8241.0392,3648.7678,4442.5971,25974.9406,0,8241.0392,3648.7678,3233.8157,21893.4203,0
38,38,55,3.2,550,244,0,0,1,1,0,0.6,0.55,0.55,0,9642.5364,0,10727.4208,10727.4208,4.282177991738161,6378.1,0,21351.9024,0.0,1.204528084454332,1.204528084454332,0.0,1.204528084454332,1.204528084454332,2046.0,2046.0,9.1627,9.1627,2.9858,2.9858,8241.0392,3648.7678,4442.5971,25974.9406,0,8241.0392,3648.7678,4898.2467,27515.4746,0
39,39,60,3.2,550,244,0,0,1,1,0,0.6,0.55,0.55,0,9642.5364,0,12698.2923,12698.2923,5.052533473420017,6378.1,0,21351.9024,0.0,1.204528084454332,1.204528084454332,0.0,1.204528084454332,1.204528084454332,2046.0,2046.0,9.1627,9.1627,2.9858,2.9858,8241.0392,3648.7678,4442.5971,25974.9406,0,8241.0392,3648.7678,5738.4024,30326.5017,0
40,40,25,3.2,550,244,0,1,1,1,0,0.6,0.55,0.55,0,4571.356,0,-7922.3612,-7922.3612,0.0,18058.1,0,21351.9024,0.0,1.204528084454332,1.204528084454332,0.0,1.204528084454332,1.204528084454332,2046.0,2046.0,9.1627,9.1627,8.4537,8.4537,8241.0392,10330.6337,2831.9117,25974.9406,0,8241.0392,10330.6337,0,10649.3116,0
41,41,30,3.2,550,244,0,1,1,1,0,0.6,0.55,0.55,0,4571.356,0,-5111.3341,-5111.3341,0.0,18058.1,0,21351.9024,0.0,1.204528084454332,1.204528084454332,0.0,1.204528084454332,1.204528084454332,2046.0,2046.0,9.1627,9.1627,8.4537,8.4537,8241.0392,10330.6337,2831.9117,25974.9406,0,8241.0392,10330.6337,0,13460.3388,0
42,42,35,3.2,550,244,0,1,1,1,0,0.6,0.55,0.55,0,4571.356,0,-2590.1173,-2590.1173,0.0,18058.1,0,21351.9024,0.0,1.204528084454332,1.204528084454332,0.0,1.204528084454332,1.204528084454332,2046.0,2046.0,9.1627,9.1627,8.4537,8.4537,8241.0392,10330.6337,2831.9117,25974.9406,0,8241.0392,10330.6337,289.8104,16271.3659,0
43,43,40,3.2,550,244,0,1,1,1,0,0.6,0.55,0.55,0,4571.356,0,-398.6674,-398.6674,0.04943569920125106,18058.1,0,21351.9024,0.0,1.204528084454332,1.204528084454332,0.0,1.204528084454332,1.204528084454332,2046.0,2046.0,9.1627,9.1627,8.4537,8.4537,8241.0392,10330.6337,2831.9117,25974.9406,0,8241.0392,10330.6337,909.3876,19082.3931,0
44,44,45,3.2,550,244,0,1,1,1,0,0.6,0.55,0.55,0,4571.356,0,1671.0197,1671.0197,0.3215320260483232,18058.1,0,21351.9024,0.0,1.204528084454332,1.204528084454332,0.0,1.204528084454332,1.204528084454332,2046.0,2046.0,9.1627,9.1627,8.4537,8.4537,8241.0392,10330.6337,2831.9117,25974.9406,0,8241.0392,10330.6337,1650.7276,21893.4203,0
45,45,50,3.2,550,244,0,1,1,1,0,0.6,0.55,0.55,0,4571.356,0,3674.0838,3674.0838,0.5936283528953955,18058.1,0,21351.9024,0.0,1.204528084454332,1.204528084454332,0.0,1.204528084454332,1.204528084454332,2046.0,2046.0,9.1627,9.1627,8.4537,8.4537,8241.0392,10330.6337,2831.9117,25974.9406,0,8241.0392,10330.6337,2458.6907,24704.4474,0
46,46,55,3.2,550,244,0,1,1,1,0,0.6,0.55,0.55,0,4571.356,0,5663.4548,5663.4548,0.8657246797424681,18058.1,0,21351.9024,0.0,1.204528084454332,1.204528084454332,0.0,1.204528084454332,1.204528084454332,2046.0,2046.0,9.1627,9.1627,8.4537,8.4537,8241.0392,10330.6337,2831.9117,25974.9406,0,8241.0392,10330.6337,3280.3469,27515.4746,0
47,47,60,3.2,550,244,0,1,1,1,0,0.6,0.55,0.55,0,4571.356,0,7642.2664,7642.2664,1.1378210065895402,18058.1,0,21351.9024,0.0,1.204528084454332,1.204528084454332,0.0,1.204528084454332,1.204528084454332,2046.0,2046.0,9.1627,9.1627,8.4537,8.4537,8241.0392,10330.6337,2831.9117,25974.9406,0,8241.0392,10330.6337,4112.5624,30326.5017,0
48,48,25,3.2,550,244,0,0,1,1,0,0.4,0.65,0.65,0,13114.7591,0,2.9667,2.9667,0.1700074955878565,6378.1,0,21351.9024,0.0,1.423533190718756,1.423533190718756,0.0,1.423533190718756,1.423533190718756,2046.0,2046.0,9.1627,9.1627,1.6843,1.6843,9739.41,2432.5119,5410.976,30697.657,0,9739.41,2432.5119,410.6616,12585.5501,0
49,49,30,3.2,550,244,0,0,1,1,0,0.4,0.65,0.65,0,13114.7591,0,2578.2149,2578.2149,1.5354505694040335,6378.1,0,21351.9024,0.0,1.423533190718756,1.423533190718756,0.0,1.423533190718756,1.423533190718756,2046.0,2046.0,9.1627,9.1627,1.6843,1.6843,9739.41,2432.5119,5410.976,30697.657,0,9739.41,2432.5119,1157.5363,15907.6731,0
50,50,35,3.2,550,244,0,0,1,1,0,0.4,0.65,0.65,0,13114.7591,0,5006.1794,5006.1794,2.900893643220211,6378.1,0,21351.9024,0.0,1.423533190718756,1.423533190718756,0.0,1.423533190718756,1.423533190718756,2046.0,2046.0,9.1627,9.1627,1.6843,1.6843,9739.41,2432.5119,5410.976,30697.657,0,9739.41,2432.5119,2051.6948,19229.7961,0
51,51,40,3.2,550,244,0,0,1,1,0,0.4,0.65,0.65,0,13114.7591,0,7370.548,7370.548,4.266336717036389,6378.1,0,21351.9024,0.0,1.423533190718756,1.423533190718756,0.0,1.423533190718756,1.423533190718756,2046.0,2046.0,9.1627,9.1627,1.6843,1.6843,9739.41,2432.5119,5410.976,30697.657,0,9739.41,2432.5119,3009.4493,22551.9191,0
52,52,45,3.2,550,244,0,0,1,1,0,0.4,0.65,0.65,0,13114.7591,0,9719.7041,9719.7041,5.631779790852568,6378.1,0,21351.9024,0.0,1.423533190718756,1.423533190718756,0.0,1.423533190718756,1.423533190718756,2046.0,2046.0,9.1627,9.1627,1.6843,1.6843,9739.41,2432.5119,5410.976,30697.657,0,9739.41,2432.5119,3982.4162,25874.0421,0
53,53,50,3.2,550,244,0,0,1,1,0,0.4,0.65,0.65,0,13114.7591,0,12058.2997,12058.2997,6.997222864668744,6378.1,0,21351.9024,0.0,1.423533190718756,1.423533190718756,0.0,1.423533190718756,1.423533190718756,2046.0,2046.0,9.1627,9.1627,1.6843,1.6843,9739.41,2432.5119,5410.976,30697.657,0,9739.41,2432.5119,4965.9436,29196.1651,0
54,54,55,3.2,550,244,0,0,1,1,0,0.4,0.65,0.65,0,13114.7591,0,14395.3642,14395.3642,8.36266593848492,6378.1,0,21351.9024,0.0,1.423533190718756,1.423533190718756,0.0,1.423533190718756,1.423533190718756,2046.0,2046.0,9.1627,9.1627,1.6843,1.6843,9739.41,2432.5119,5410.976,30697.657,0,9739.41,2432.5119,5951.002,32518.2881,0
55,55,60,3.2,550,244,0,0,1,1,0,0.4,0.65,0.65,0,13114.7591,0,16724.5717,16724.5717,9.728109012301099,6378.1,0,21351.9024,0.0,1.423533190718756,1.423533190718756,0.0,1.423533190718756,1.423533190718756,2046.0,2046.0,9.1627,9.1627,1.6843,1.6843,9739.41,2432.5119,5410.976,30697.657,0,9739.41,2432.5119,6943.9175,35840.4111,0
56,56,25,3.2,550,244,0,1,1,1,0,0.4,0.65,0.65,0,10277.3541,0,-4040.949,-4040.949,0.0,18058.1,0,21351.9024,0.0,1.423533190718756,1.423533190718756,0.0,1.423533190718756,1.423533190718756,2046.0,2046.0,9.1627,9.1627,4.7688,4.7688,9739.41,6887.0891,3793.8038,30697.657,0,9739.41,6887.0891,0,12585.5501,0
57,57,30,3.2,550,244,0,1,1,1,0,0.4,0.65,0.65,0,10277.3541,0,-765.8973,-765.8973,0.0,18058.1,0,21351.9024,0.0,1.423533190718756,1.423533190718756,0.0,1.423533190718756,1.423533190718756,2046.0,2046.0,9.1627,9.1627,4.7688,4.7688,9739.41,6887.0891,3793.8038,30697.657,0,9739.41,6887.0891,47.0713,15907.6731,0
58,58,35,3.2,550,244,0,1,1,1,0,0.4,0.65,0.65,0,10277.3541,0,1940.3572,1940.3572,0.3780015996804659,18058.1,0,21351.9024,0.0,1.423533190718756,1.423533190718756,0.0,1.423533190718756,1.423533190718756,2046.0,2046.0,9.1627,9.1627,4.7688,4.7688,9739.41,6887.0891,3793.8038,30697.657,0,9739.41,6887.0891,662.9398,19229.7961,0
59,59,40,3.2,550,244,0,1,1,1,0,0.4,0.65,0.65,0,10277.3541,0,4468.3321,4468.3321,0.8603775251334584,18058.1,0,21351.9024,0.0,1.423533190718756,1.423533190718756,0.0,1.423533190718756,1.423533190718756,2046.0,2046.0,9.1627,9.1627,4.7688,4.7688,9739.41,6887.0891,3793.8038,30697.657,0,9739.41,6887.0891,1457.0879,22551.9191,0
60,60,45,3.2,550,244,0,1,1,1,0,0.4,0.65,0.65,0,10277.3541,0,6861.2546,6861.2546,1.3427534505864511,18058.1,0,21351.9024,0.0,1.423533190718756,1.423533190718756,0.0,1.423533190718756,1.423533190718756,2046.0,2046.0,9.1627,9.1627,4.7688,4.7688,9739.41,6887.0891,3793.8038,30697.657,0,9739.41,6887.0891,2386.2884,25874.0421,0
61,61,50,3.2,550,244,0,1,1,1,0,0.4,0.65,0.65,0,10277.3541,0,9216.9415,9216.9415,1.8251293760394434,18058.1,0,21351.9024,0.0,1.423533190718756,1.423533190718756,0.0,1.423533190718756,1.423533190718756,2046.0,2046.0,9.1627,9.1627,4.7688,4.7688,9739.41,6887.0891,3793.8038,30697.657,0,9739.41,6887.0891,3352.7245,29196.1651,0
62,62,55,3.2,550,244,0,1,1,1,0,0.4,0.65,0.65,0,10277.3541,0,11560.2178,11560.2178,2.307505301492436,18058.1,0,21351.9024,0.0,1.423533190718756,1.423533190718756,0.0,1.423533190718756,1.423533190718756,2046.0,2046.0,9.1627,9.1627,4.7688,4.7688,9739.41,6887.0891,3793.8038,30697.657,0,9739.41,6887.0891,4331.5712,32518.2881,0
63,63,60,3.2,550,244,0,1,1,1,0,0.4,0.65,0.65,0,10277.3541,0,13898.8135,13898.8135,2.789881226945429,18058.1,0,21351.9024,0.0,1.423533190718756,1.423533190718756,0.0,1.423533190718756,1.423533190718756,2046.0,2046.0,9.1627,9.1627,4.7688,4.7688,9739.41,6887.0891,3793.8038,30697.657,0,9739.41,6887.0891,5315.0986,35840.4111,0
64,64,25,3.2,550,244,0,0,1,1,0,0.5,0.65,0.65,0,12506.6311,0,-605.1613,-605.1613,0.0,6378.1,0,21351.9024,0.0,1.423533190718756,1.423533190718756,0.0,1.423533190718756,1.423533190718756,2046.0,2046.0,9.1627,9.1627,2.1054,2.1054,9739.41,3040.6399,5410.976,30697.657,0,9739.41,3040.6399,410.6616,12585.5501,0
65,65,30,3.2,550,244,0,0,1,1,0,0.5,0.65,0.65,0,12506.6311,0,1970.0869,1970.0869,1.028485123746558,6378.1,0,21351.9024,0.0,1.423533190718756,1.423533190718756,0.0,1.423533190718756,1.423533190718756,2046.0,2046.0,9.1627,9.1627,2.1054,2.1054,9739.41,3040.6399,5410.976,30697.657,0,9739.41,3040.6399,1157.5363,15907.6731,0
66,66,35,3.2,550,244,0,0,1,1,0,0.5,0.65,0.65,0,12506.6311,0,4398.0514,4398.0514,2.120929385040461,6378.1,0,21351.9024,0.0,1.423533190718756,1.423533190718756,0.0,1.423533190718756,1.423533190718756,2046.0,2046.0,9.1627,9.1627,2.1054,2.1054,9739.41,3040.6399,5410.976,30697.657,0,9739.41,3040.6399,2051.6948,19229.7961,0
67,67,40,3.2,550,244,0,0,1,1,0,0.5,0.65,0.65,0,12506.6311,0,6762.42,6762.42,3.213373646334365,6378.1,0,21351.9024,0.0,1.423533190718756,1.423533190718756,0.0,1.423533190718756,1.423533190718756,2046.0,2046.0,9.1627,9.1627,2.1054,2.1054,9739.41,3040.6399,5410.976,30697.657,0,9739.41,3040.6399,3009.4493,22551.9191,0
68,68,45,3.2,550,244,0,0,1,1,0,0.5,0.65,0.65,0,12506.6311,0,9111.5761,9111.5761,4.30581790762827,6378.1,0,21351.9024,0.0,1.423533190718756,1.423533190718756,0.0,1.423533190718756,1.423533190718756,2046.0,2046.0,9.1627,9.1627,2.1054,2.1054,9739.41,3040.6399,5410.976,30697.657,0,9739.41,3040.6399,3982.4162,25874.0421,0
69,69,50,3.2,550,244,0,0,1,1,0,0.5,0.65,0.65,0,12506.6311,0,11450.1717,11450.1717,5.398262168922171,6378.1,0,21351.9024,0.0,1.423533190718756,1.423533190718756,0.0,1.423533190718756,1.423533190718756,2046.0,2046.0,9.1627,9.1627,2.1054,2.1054,9739.41,3040.6399,5410.976,30697.657,0,9739.41,3040.6399,4965.9436,29196.1651,0
70,70,55,3.2,550,244,0,0,1,1,0,0.5,0.65,0.65,0,12506.6311,0,13787.2362,13787.2362,6.490706430216074,6378.1,0,21351.9024,0.0,1.423533190718756,1.423533190718756,0.0,1.423533190718756,1.423533190718756,2046.0,2046.0,9.1627,9.1627,2.1054,2.1054,9739.41,3040.6399,5410.976,30697.657,0,9739.41,3040.6399,5951.002,32518.2881,0
71,71,60,3.2,550,244,0,0,1,1,0,0.5,0.65,0.65,0,12506.6311,0,16116.4438,16116.4438,7.583150691509977,6378.1,0,21351.9024,0.0,1.423533190718756,1.423533190718756,0.0,1.423533190718756,1.423533190718756,2046.0,2046.0,9.1627,9.1627,2.1054,2.1054,9739.41,3040.6399,5410.976,30697.657,0,9739.41,3040.6399,6943.9175,35840.4111,0
72,72,25,3.2,550,244,0,1,1,1,0,0.5,0.65,0.65,0,8555.5818,0,-5762.7213,-5762.7213,0.0,18058.1,0,21351.9024,0.0,1.423533190718756,1.423533190718756,0.0,1.423533190718756,1.423533190718756,2046.0,2046.0,9.1627,9.1627,5.961,5.961,9739.41,8608.8614,3793.8038,30697.657,0,9739.41,8608.8614,0,12585.5501,0
73,73,30,3.2,550,244,0,1,1,1,0,0.5,0.65,0.65,0,8555.5818,0,-2487.6696,-2487.6696,0.0,18058.1,0,21351.9024,0.0,1.423533190718756,1.423533190718756,0.0,1.423533190718756,1.423533190718756,2046.0,2046.0,9.1627,9.1627,5.961,5.961,9739.41,8608.8614,3793.8038,30697.657,0,9739.41,8608.8614,47.0713,15907.6731,0
74,74,35,3.2,550,244,0,1,1,1,0,0.5,0.65,0.65,0,8555.5818,0,218.5849,218.5849,0.10239571828479341,18058.1,0,21351.9024,0.0,1.423533190718756,1.423533190718756,0.0,1.423533190718756,1.423533190718756,2046.0,2046.0,9.1627,9.1627,5.961,5.961,9739.41,8608.8614,3793.8038,30697.657,0,9739.41,8608.8614,662.9398,19229.7961,0
75,75,40,3.2,550,244,0,1,1,1,0,0.5,0.65,0.65,0,8555.5818,0,2746.5598,2746.5598,0.4882852523299507,18058.1,0,21351.9024,0.0,1.423533190718756,1.423533190718756,0.0,1.423533190718756,1.423533190718756,2046.0,2046.0,9.1627,9.1627,5.961,5.961,9739.41,8608.8614,3793.8038,30697.657,0,9739.41,8608.8614,1457.0879,22551.9191,0
76,76,45,3.2,550,244,0,1,1,1,0,0.5,0.65,0.65,0,8555.5818,0,5139.4823,5139.4823,0.8741747863751079,18058.1,0,21351.9024,0.0,1.423533190718756,1.423533190718756,0.0,1.423533190718756,1.423533190718756,2046.0,2046.0,9.1627,9.1627,5.961,5.961,9739.41,8608.8614,3793.8038,30697.657,0,9739.41,8608.8614,2386.2884,25874.0421,0
77,77,50,3.2,550,244,0,1,1,1,0,0.5,0.65,0.65,0,8555.5818,0,7495.1692,7495.1692,1.2600643204202653,18058.1,0,21351.9024,0.0,1.423533190718756,1.423533190718756,0.0,1.423533190718756,1.423533190718756,2046.0,2046.0,9.1627,9.1627,5.961,5.961,9739.41,8608.8614,3793.8038,30697.657,0,9739.41,8608.8614,3352.7245,29196.1651,0
78,78,55,3.2,550,244,0,1,1,1,0,0.5,0.65,0.65,0,8555.5818,0,9838.4455,9838.4455,1.6459538544654226,18058.1,0,21351.9024,0.0,1.423533190718756,1.423533190718756,0.0,1.423533190718756,1.423533190718756,2046.0,2046.0,9.1627,9.1627,5.961,5.961,9739.41,8608.8614,3793.8038,30697.657,0,9739.41,8608.8614,4331.5712,32518.2881,0
79,79,60,3.2,550,244,0,1,1,1,0,0.5,0.65,0.65,0,8555.5818,0,12177.0412,12177.0412,2.03184338851058,18058.1,0,21351.9024,0.0,1.423533190718756,1.423533190718756,0.0,1.423533190718756,1.423533190718756,2046.0,2046.0,9.1627,9.1627,5.961,5.961,9739.41,8608.8614,3793.8038,30697.657,0,9739.41,8608.8614,5315.0986,35840.4111,0
80,80,25,3.2,550,244,0,0,1,1,0,0.6,0.65,0.65,0,11898.5032,0,-1213.2893,-1213.2893,0.0,6378.1,0,21351.9024,0.0,1.423533190718756,1.423533190718756,0.0,1.423533190718756,1.423533190718756,2046.0,2046.0,9.1627,9.1627,2.5265,2.5265,9739.41,3648.7678,5410.976,30697.657,0,9739.41,3648.7678,410.6616,12585.5501,0
81,81,30,3.2,550,244,0,0,1,1,0,0.6,0.65,0.65,0,11898.5032,0,1361.9589,1361.9589,0.6904618490727741,6378.1,0,21351.9024,0.0,1.423533190718756,1.423533190718756,0.0,1.423533190718756,1.423533190718756,2046.0,2046.0,9.1627,9.1627,2.5265,2.5265,9739.41,3648.7678,5410.976,30697.657,0,9739.41,3648.7678,1157.5363,15907.6731,0
82,82,35,3.2,550,244,0,0,1,1,0,0.6,0.65,0.65,0,11898.5032,0,3789.9235,3789.9235,1.6008819637876983,6378.1,0,21351.9024,0.0,1.423533190718756,1.423533190718756,0.0,1.423533190718756,1.423533190718756,2046.0,2046.0,9.1627,9.1627,2.5265,2.5265,9739.41,3648.7678,5410.976,30697.657,0,9739.41,3648.7678,2051.6948,19229.7961,0
83,83,40,3.2,550,244,0,0,1,1,0,0.6,0.65,0.65,0,11898.5032,0,6154.292,6154.292,2.511302078502623,6378.1,0,21351.9024,0.0,1.423533190718756,1.423533190718756,0.0,1.423533190718756,1.423533190718756,2046.0,2046.0,9.1627,9.1627,2.5265,2.5265,9739.41,3648.7678,5410.976,30697.657,0,9739.41,3648.7678,3009.4493,22551.9191,0
84,84,45,3.2,550,244,0,0,1,1,0,0.6,0.65,0.65,0,11898.5032,0,8503.4481,8503.4481,3.421722193217549,6378.1,0,21351.9024,0.0,1.423533190718756,1.423533190718756,0.0,1.423533190718756,1.423533190718756,2046.0,2046.0,9.1627,9.1627,2.5265,2.5265,9739.41,3648.7678,5410.976,30697.657,0,9739.41,3648.7678,3982.4162,25874.0421,0
85,85,50,3.2,550,244,0,0,1,1,0,0.6,0.65,0.65,0,11898.5032,0,10842.0437,10842.0437,4.332142307932472,6378.1,0,21351.9024,0.0,1.423533190718756,1.423533190718756,0.0,1.423533190718756,1.423533190718756,2046.0,2046.0,9.1627,9.1627,2.5265,2.5265,9739.41,3648.7678,5410.976,30697.657,0,9739.41,3648.7678,4965.9436,29196.1651,0
86,86,55,3.2,550,244,0,0,1,1,0,0.6,0.65,0.65,0,11898.5032,0,13179.1083,13179.1083,5.242562422647396,6378.1,0,21351.9024,0.0,1.423533190718756,1.423533190718756,0.0,1.423533190718756,1.423533190718756,2046.0,2046.0,9.1627,9.1627,2.5265,2.5265,9739.41,3648.7678,5410.976,30697.657,0,9739.41,3648.7678,5951.002,32518.2881,0
87,87,60,3.2,550,244,0,0,1,1,0,0.6,0.65,0.65,0,11898.5032,0,15508.3158,15508.3158,6.1529825373623215,6378.1,0,21351.9024,0.0,1.423533190718756,1.423533190718756,0.0,1.423533190718756,1.423533190718756,2046.0,2046.0,9.1627,9.1627,2.5265,2.5265,9739.41,3648.7678,5410.976,30697.657,0,9739.41,3648.7678,6943.9175,35840.4111,0
88,88,25,3.2,550,244,0,1,1,1,0,0.6,0.65,0.65,0,6833.8095,0,-7484.4935,-7484.4935,0.0,18058.1,0,21351.9024,0.0,1.423533190718756,1.423533190718756,0.0,1.423533190718756,1.423533190718756,2046.0,2046.0,9.1627,9.1627,7.1531,7.1531,9739.41,10330.6337,3793.8038,30697.657,0,9739.41,10330.6337,0,12585.5501,0
89,89,30,3.2,550,244,0,1,1,1,0,0.6,0.65,0.65,0,6833.8095,0,-4209.4419,-4209.4419,0.0,18058.1,0,21351.9024,0.0,1.423533190718756,1.423533190718756,0.0,1.423533190718756,1.423533190718756,2046.0,2046.0,9.1627,9.1627,7.1531,7.1531,9739.41,10330.6337,3793.8038,30697.657,0,9739.41,10330.6337,47.0713,15907.6731,0
90,90,35,3.2,550,244,0,1,1,1,0,0.6,0.65,0.65,0,6833.8095,0,-1503.1873,-1503.1873,0.0,18058.1,0,21351.9024,0.0,1.423533190718756,1.423533190718756,0.0,1.423533190718756,1.423533190718756,2046.0,2046.0,9.1627,9.1627,7.1531,7.1531,9739.41,10330.6337,3793.8038,30697.657,0,9739.41,10330.6337,662.9398,19229.7961,0
91,91,40,3.2,550,244,0,1,1,1,0,0.6,0.65,0.65,0,6833.8095,0,1024.7875,1024.7875,0.24023574281511606,18058.1,0,21351.9024,0.0,1.423533190718756,1.423533190718756,0.0,1.423533190718756,1.423533190718756,2046.0,2046.0,9.1627,9.1627,7.1531,7.1531,9739.41,10330.6337,3793.8038,30697.657,0,9739.41,10330.6337,1457.0879,22551.9191,0
92,92,45,3.2,550,244,0,1,1,1,0,0.6,0.65,0.65,0,6833.8095,0,3417.7101,3417.7101,0.5618041290889286,18058.1,0,21351.9024,0.0,1.423533190718756,1.423533190718756,0.0,1.423533190718756,1.423533190718756,2046.0,2046.0,9.1627,9.1627,7.1531,7.1531,9739.41,10330.6337,3793.8038,30697.657,0,9739.41,10330.6337,2386.2884,25874.0421,0
93,93,50,3.2,550,244,0,1,1,1,0,0.6,0.65,0.65,0,6833.8095,0,5773.397,5773.397,0.8833725153627413,18058.1,0,21351.9024,0.0,1.423533190718756,1.423533190718756,0.0,1.423533190718756,1.423533190718756,2046.0,2046.0,9.1627,9.1627,7.1531,7.1531,9739.41,10330.6337,3793.8038,30697.657,0,9739.41,10330.6337,3352.7245,29196.1651,0
94,94,55,3.2,550,244,0,1,1,1,0,0.6,0.65,0.65,0,6833.8095,0,8116.6733,8116.6733,1.2049409016365542,18058.1,0,21351.9024,0.0,1.423533190718756,1.423533190718756,0.0,1.423533190718756,1.423533190718756,2046.0,2046.0,9.1627,9.1627,7.1531,7.1531,9739.41,10330.6337,3793.8038,30697.657,0,9739.41,10330.6337,4331.5712,32518.2881,0
95,95,60,3.2,550,244,0,1,1,1,0,0.6,0.65,0.65,0,6833.8095,0,10455.2689,10455.2689,1.526509287910367,18058.1,0,21351.9024,0.0,1.423533190718756,1.423533190718756,0.0,1.423533190718756,1.423533190718756,2046.0,2046.0,9.1627,9.1627,7.1531,7.1531,9739.41,10330.6337,3793.8038,30697.657,0,9739.41,10330.6337,5315.0986,35840.4111,0
96,96,25,3.2,550,244,0,0,1,1,0,0.4,0.75,0.75,0,15370.7259,0,282.3132,282.3132,0.3499777844336737,6378.1,0,21351.9024,0.0,1.6425382969831803,1.6425382969831803,0.0,1.6425382969831803,1.6425382969831803,2046.0,2046.0,9.1627,9.1627,1.4597,1.4597,11237.7808,2432.5119,6379.3549,35420.3735,0,11237.7808,2432.5119,569.1828,14521.7886,0
97,97,30,3.2,550,244,0,0,1,1,0,0.4,0.75,0.75,0,15370.7259,0,3236.9481,3236.9481,1.92548902345234,6378.1,0,21351.9024,0.0,1.6425382969831803,1.6425382969831803,0.0,1.6425382969831803,1.6425382969831803,2046.0,2046.0,9.1627,9.1627,1.4597,1.4597,11237.7808,2432.5119,6379.3549,35420.3735,0,11237.7808,2432.5119,1447.7667,18355.0074,0
98,98,35,3.2,550,244,0,0,1,1,0,0.4,0.75,0.75,0,15370.7259,0,6020.4611,6020.4611,3.501000262471007,6378.1,0,21351.9024,0.0,1.6425382969831803,1.6425382969831803,0.0,1.6425382969831803,1.6425382969831803,2046.0,2046.0,9.1627,9.1627,1.4597,1.4597,11237.7808,2432.5119,6379.3549,35420.3735,0,11237.7808,2432.5119,2497.4726,22188.2263,0
99,99,40,3.2,550,244,0,0,1,1,0,0.4,0.75,0.75,0,15370.7259,0,8745.1206,8745.1206,5.076511501489673,6378.1,0,21351.9024,0.0,1.6425382969831803,1.6425382969831803,0.0,1.6425382969831803,1.6425382969831803,2046.0,2046.0,9.1627,9.1627,1.4597,1.4597,11237.7808,2432.5119,6379.3549,35420.3735,0,11237.7808,2432.5119,3606.0319,26021.4451,0
100,100,45,3.2,550,244,0,0,1,1,0,0.4,0.75,0.75,0,15370.7259,0,11453.3547,11453.3547,6.652022740508339,6378.1,0,21351.9024,0.0,1.6425382969831803,1.6425382969831803,0.0,1.6425382969831803,1.6425382969831803,2046.0,2046.0,9.1627,9.1627,1.4597,1.4597,11237.7808,2432.5119,6379.3549,35420.3735,0,11237.7808,2432.5119,4731.0166,29854.664,0
101,101,50,3.2,550,244,0,0,1,1,0,0.4,0.75,0.75,0,15370.7259,0,14151.7343,14151.7343,8.22753397952701,6378.1,0,21351.9024,0.0,1.6425382969831803,1.6425382969831803,0.0,1.6425382969831803,1.6425382969831803,2046.0,2046.0,9.1627,9.1627,1.4597,1.4597,11237.7808,2432.5119,6379.3549,35420.3735,0,11237.7808,2432.5119,5865.8559,33687.8828,0
102,102,55,3.2,550,244,0,0,1,1,0,0.4,0.75,0.75,0,15370.7259,0,16847.0481,16847.0481,9.80304521854567,6378.1,0,21351.9024,0.0,1.6425382969831803,1.6425382969831803,0.0,1.6425382969831803,1.6425382969831803,2046.0,2046.0,9.1627,9.1627,1.4597,1.4597,11237.7808,2432.5119,6379.3549,35420.3735,0,11237.7808,2432.5119,7003.7609,37521.1017,0
103,103,60,3.2,550,244,0,0,1,1,0,0.4,0.75,0.75,0,15370.7259,0,19534.5952,19534.5952,11.378556457564336,6378.1,0,21351.9024,0.0,1.6425382969831803,1.6425382969831803,0.0,1.6425382969831803,1.6425382969831803,2046.0,2046.0,9.1627,9.1627,1.4597,1.4597,11237.7808,2432.5119,6379.3549,35420.3735,0,11237.7808,2432.5119,8149.4326,41354.3205,0
104,104,25,3.2,550,244,0,1,1,1,0,0.4,0.75,0.75,0,12534.0484,0,-3603.0813,-3603.0813,0.0,18058.1,0,21351.9024,0.0,1.6425382969831803,1.6425382969831803,0.0,1.6425382969831803,1.6425382969831803,2046.0,2046.0,9.1627,9.1627,4.1329,4.1329,11237.7808,6887.0891,4761.4552,35420.3735,0,11237.7808,6887.0891,0,14521.7886,0
105,105,30,3.2,550,244,0,1,1,1,0,0.4,0.75,0.75,0,12534.0484,0,-22.0705,-22.0705,0.033416230158869915,18058.1,0,21351.9024,0.0,1.6425382969831803,1.6425382969831803,0.0,1.6425382969831803,1.6425382969831803,2046.0,2046.0,9.1627,9.1627,4.1329,4.1329,11237.7808,6887.0891,4761.4552,35420.3735,0,11237.7808,6887.0891,252.2081,18355.0074,0
106,106,35,3.2,550,244,0,1,1,1,0,0.4,0.75,0.75,0,12534.0484,0,3003.6295,3003.6295,0.5900038364507842,18058.1,0,21351.9024,0.0,1.6425382969831803,1.6425382969831803,0.0,1.6425382969831803,1.6425382969831803,2046.0,2046.0,9.1627,9.1627,4.1329,4.1329,11237.7808,6887.0891,4761.4552,35420.3735,0,11237.7808,6887.0891,1059.7269,22188.2263,0
107,107,40,3.2,550,244,0,1,1,1,0,0.4,0.75,0.75,0,12534.0484,0,5860.3964,5860.3964,1.1465914427426986,18058.1,0,21351.9024,0.0,1.6425382969831803,1.6425382969831803,0.0,1.6425382969831803,1.6425382969831803,2046.0,2046.0,9.1627,9.1627,4.1329,4.1329,11237.7808,6887.0891,4761.4552,35420.3735,0,11237.7808,6887.0891,2036.1789,26021.4451,0
108,108,45,3.2,550,244,0,1,1,1,0,0.4,0.75,0.75,0,12534.0484,0,8598.4778,8598.4778,1.7031790490346133,18058.1,0,21351.9024,0.0,1.6425382969831803,1.6425382969831803,0.0,1.6425382969831803,1.6425382969831803,2046.0,2046.0,9.1627,9.1627,4.1329,4.1329,11237.7808,6887.0891,4761.4552,35420.3735,0,11237.7808,6887.0891,3131.3163,29854.664,0
109,109,50,3.2,550,244,0,1,1,1,0,0.4,0.75,0.75,0,12534.0484,0,11315.0568,11315.0568,2.2597666553265277,18058.1,0,21351.9024,0.0,1.6425382969831803,1.6425382969831803,0.0,1.6425382969831803,1.6425382969831803,2046.0,2046.0,9.1627,9.1627,4.1329,4.1329,11237.7808,6887.0891,4761.4552,35420.3735,0,11237.7808,6887.0891,4247.9562,33687.8828,0
110,110,55,3.2,550,244,0,1,1,1,0,0.4,0.75,0.75,0,12534.0484,0,14013.4363,14013.4363,2.816354261618442,18058.1,0,21351.9024,0.0,1.6425382969831803,1.6425382969831803,0.0,1.6425382969831803,1.6425382969831803,2046.0,2046.0,9.1627,9.1627,4.1329,4.1329,11237.7808,6887.0891,4761.4552,35420.3735,0,11237.7808,6887.0891,5382.7955,37521.1017,0
111,111,60,3.2,550,244,0,1,1,1,0,0.4,0.75,0.75,0,12534.0484,0,16711.8159,16711.8159,3.372941867910356,18058.1,0,21351.9024,0.0,1.6425382969831803,1.6425382969831803,0.0,1.6425382969831803,1.6425382969831803,2046.0,2046.0,9.1627,9.1627,4.1329,4.1329,11237.7808,6887.0891,4761.4552,35420.3735,0,11237.7808,6887.0891,6517.6347,41354.3205,0
112,112,25,3.2,550,244,0,0,1,1,0,0.5,0.75,0.75,0,14762.5979,0,-325.8148,-325.8148,0.08002892978638525,6378.1,0,21351.9024,0.0,1.6425382969831803,1.6425382969831803,0.0,1.6425382969831803,1.6425382969831803,2046.0,2046.0,9.1627,9.1627,1.8247,1.8247,11237.7808,3040.6399,6379.3549,35420.3735,0,11237.7808,3040.6399,569.1828,14521.7886,0
113,113,30,3.2,550,244,0,0,1,1,0,0.5,0.75,0.75,0,14762.5979,0,2628.8201,2628.8201,1.3405415389716584,6378.1,0,21351.9024,0.0,1.6425382969831803,1.6425382969831803,0.0,1.6425382969831803,1.6425382969831803,2046.0,2046.0,9.1627,9.1627,1.8247,1.8247,11237.7808,3040.6399,6379.3549,35420.3735,0,11237.7808,3040.6399,1447.7667,18355.0074,0
114,114,35,3.2,550,244,0,0,1,1,0,0.5,0.75,0.75,0,14762.5979,0,5412.3331,5412.3331,2.601054148156931,6378.1,0,21351.9024,0.0,1.6425382969831803,1.6425382969831803,0.0,1.6425382969831803,1.6425382969831803,2046.0,2046.0,9.1627,9.1627,1.8247,1.8247,11237.7808,3040.6399,6379.3549,35420.3735,0,11237.7808,3040.6399,2497.4726,22188.2263,0
115,115,40,3.2,550,244,0,0,1,1,0,0.5,0.75,0.75,0,14762.5979,0,8136.9926,8136.9926,3.861566757342204,6378.1,0,21351.9024,0.0,1.6425382969831803,1.6425382969831803,0.0,1.6425382969831803,1.6425382969831803,2046.0,2046.0,9.1627,9.1627,1.8247,1.8247,11237.7808,3040.6399,6379.3549,35420.3735,0,11237.7808,3040.6399,3606.0319,26021.4451,0
116,116,45,3.2,550,244,0,0,1,1,0,0.5,0.75,0.75,0,14762.5979,0,10845.2267,10845.2267,5.122079366527478,6378.1,0,21351.9024,0.0,1.6425382969831803,1.6425382969831803,0.0,1.6425382969831803,1.6425382969831803,2046.0,2046.0,9.1627,9.1627,1.8247,1.8247,11237.7808,3040.6399,6379.3549,35420.3735,0,11237.7808,3040.6399,4731.0166,29854.664,0
117,117,50,3.2,550,244,0,0,1,1,0,0.5,0.75,0.75,0,14762.5979,0,13543.6063,13543.6063,6.382591975712752,6378.1,0,21351.9024,0.0,1.6425382969831803,1.6425382969831803,0.0,1.6425382969831803,1.6425382969831803,2046.0,2046.0,9.1627,9.1627,1.8247,1.8247,11237.7808,3040.6399,6379.3549,35420.3735,0,11237.7808,3040.6399,5865.8559,33687.8828,0
118,118,55,3.2,550,244,0,0,1,1,0,0.5,0.75,0.75,0,14762.5979,0,16238.9201,16238.9201,7.643104584898021,6378.1,0,21351.9024,0.0,1.6425382969831803,1.6425382969831803,0.0,1.6425382969831803,1.6425382969831803,2046.0,2046.0,9.1627,9.1627,1.8247,1.8247,11237.7808,3040.6399,6379.3549,35420.3735,0,11237.7808,3040.6399,7003.7609,37521.1017,0
119,119,60,3.2,550,244,0,0,1,1,0,0.5,0.75,0.75,0,14762.5979,0,18926.4673,18926.4673,8.903617194083294,6378.1,0,21351.9024,0.0,1.6425382969831803,1.6425382969831803,0.0,1.6425382969831803,1.6425382969831803,2046.0,2046.0,9.1627,9.1627,1.8247,1.8247,11237.7808,3040.6399,6379.3549,35420.3735,0,11237.7808,3040.6399,8149.4326,41354.3205,0
120,120,25,3.2,550,244,0,1,1,1,0,0.5,0.75,0.75,0,10812.2761,0,-5324.8535,-5324.8535,0.0,18058.1,0,21351.9024,0.0,1.6425382969831803,1.6425382969831803,0.0,1.6425382969831803,1.6425382969831803,2046.0,2046.0,9.1627,9.1627,5.1662,5.1662,11237.7808,8608.8614,4761.4552,35420.3735,0,11237.7808,8608.8614,0,14521.7886,0
121,121,30,3.2,550,244,0,1,1,1,0,0.5,0.75,0.75,0,10812.2761,0,-1743.8428,-1743.8428,0.0,18058.1,0,21351.9024,0.0,1.6425382969831803,1.6425382969831803,0.0,1.6425382969831803,1.6425382969831803,2046.0,2046.0,9.1627,9.1627,5.1662,5.1662,11237.7808,8608.8614,4761.4552,35420.3735,0,11237.7808,8608.8614,252.2081,18355.0074,0
122,122,35,3.2,550,244,0,1,1,1,0,0.5,0.75,0.75,0,10812.2761,0,1281.8572,1281.8572,0.2719925825706782,18058.1,0,21351.9024,0.0,1.6425382969831803,1.6425382969831803,0.0,1.6425382969831803,1.6425382969831803,2046.0,2046.0,9.1627,9.1627,5.1662,5.1662,11237.7808,8608.8614,4761.4552,35420.3735,0,11237.7808,8608.8614,1059.7269,22188.2263,0
123,123,40,3.2,550,244,0,1,1,1,0,0.5,0.75,0.75,0,10812.2761,0,4138.6241,4138.6241,0.7172497372381675,18058.1,0,21351.9024,0.0,1.6425382969831803,1.6425382969831803,0.0,1.6425382969831803,1.6425382969831803,2046.0,2046.0,9.1627,9.1627,5.1662,5.1662,11237.7808,8608.8614,4761.4552,35420.3735,0,11237.7808,8608.8614,2036.1789,26021.4451,0
124,124,45,3.2,550,244,0,1,1,1,0,0.5,0.75,0.75,0,10812.2761,0,6876.7055,6876.7055,1.1625068919056567,18058.1,0,21351.9024,0.0,1.6425382969831803,1.6425382969831803,0.0,1.6425382969831803,1.6425382969831803,2046.0,2046.0,9.1627,9.1627,5.1662,5.1662,11237.7808,8608.8614,4761.4552,35420.3735,0,11237.7808,8608.8614,3131.3163,29854.664,0
125,125,50,3.2,550,244,0,1,1,1,0,0.5,0.75,0.75,0,10812.2761,0,9593.2845,9593.2845,1.6077640465731462,18058.1,0,21351.9024,0.0,1.6425382969831803,1.6425382969831803,0.0,1.6425382969831803,1.6425382969831803,2046.0,2046.0,9.1627,9.1627,5.1662,5.1662,11237.7808,8608.8614,4761.4552,35420.3735,0,11237.7808,8608.8614,4247.9562,33687.8828,0
126,126,55,3.2,550,244,0,1,1,1,0,0.5,0.75,0.75,0,10812.2761,0,12291.6641,12291.6641,2.0530212012406346,18058.1,0,21351.9024,0.0,1.6425382969831803,1.6425382969831803,0.0,1.6425382969831803,1.6425382969831803,2046.0,2046.0,9.1627,9.1627,5.1662,5.1662,11237.7808,8608.8614,4761.4552,35420.3735,0,11237.7808,8608.8614,5382.7955,37521.1017,0
127,127,60,3.2,550,244,0,1,1,1,0,0.5,0.75,0.75,0,10812.2761,0,14990.0436,14990.0436,2.4982783559081243,18058.1,0,21351.9024,0.0,1.6425382969831803,1.6425382969831803,0.0,1.6425382969831803,1.6425382969831803,2046.0,2046.0,9.1627,9.1627,5.1662,5.1662,11237.7808,8608.8614,4761.4552,35420.3735,0,11237.7808,8608.8614,6517.6347,41354.3205,0
128,128,25,3.2,550,244,0,0,1,1,0,0.6,0.75,0.75,0,14154.4699,0,-933.9428,-933.9428,0.0,6378.1,0,21351.9024,0.0,1.6425382969831803,1.6425382969831803,0.0,1.6425382969831803,1.6425382969831803,2046.0,2046.0,9.1627,9.1627,2.1896,2.1896,11237.7808,3648.7678,6379.3549,35420.3735,0,11237.7808,3648.7678,569.1828,14521.7886,0
129,129,30,3.2,550,244,0,0,1,1,0,0.6,0.75,0.75,0,14154.4699,0,2020.6922,2020.6922,0.9505231148166845,6378.1,0,21351.9024,0.0,1.6425382969831803,1.6425382969831803,0.0,1.6425382969831803,1.6425382969831803,2046.0,2046.0,9.1627,9.1627,2.1896,2.1896,11237.7808,3648.7678,6379.3549,35420.3735,0,11237.7808,3648.7678,1447.7667,18355.0074,0
130,130,35,3.2,550,244,0,0,1,1,0,0.6,0.75,0.75,0,14154.4699,0,4804.2051,4804.2051,2.0010078625646743,6378.1,0,21351.9024,0.0,1.6425382969831803,1.6425382969831803,0.0,1.6425382969831803,1.6425382969831803,2046.0,2046.0,9.1627,9.1627,2.1896,2.1896,11237.7808,3648.7678,6379.3549,35420.3735,0,11237.7808,3648.7678,2497.4726,22188.2263,0
131,131,40,3.2,550,244,0,0,1,1,0,0.6,0.75,0.75,0,14154.4699,0,7528.8647,7528.8647,3.0514926103126636,6378.1,0,21351.9024,0.0,1.6425382969831803,1.6425382969831803,0.0,1.6425382969831803,1.6425382969831803,2046.0,2046.0,9.1627,9.1627,2.1896,2.1896,11237.7808,3648.7678,6379.3549,35420.3735,0,11237.7808,3648.7678,3606.0319,26021.4451,0
132,132,45,3.2,550,244,0,0,1,1,0,0.6,0.75,0.75,0,14154.4699,0,10237.0987,10237.0987,4.101977358060654,6378.1,0,21351.9024,0.0,1.6425382969831803,1.6425382969831803,0.0,1.6425382969831803,1.6425382969831803,2046.0,2046.0,9.1627,9.1627,2.1896,2.1896,11237.7808,3648.7678,6379.3549,35420.3735,0,11237.7808,3648.7678,4731.0166,29854.664,0
133,133,50,3.2,550,244,0,0,1,1,0,0.6,0.75,0.75,0,14154.4699,0,12935.4783,12935.4783,5.152462105808645,6378.1,0,21351.9024,0.0,1.6425382969831803,1.6425382969831803,0.0,1.6425382969831803,1.6425382969831803,2046.0,2046.0,9.1627,9.1627,2.1896,2.1896,11237.7808,3648.7678,6379.3549,35420.3735,0,11237.7808,3648.7678,5865.8559,33687.8828,0
134,134,55,3.2,550,244,0,0,1,1,0,0.6,0.75,0.75,0,14154.4699,0,15630.7922,15630.7922,6.2029468535566314,6378.1,0,21351.9024,0.0,1.6425382969831803,1.6425382969831803,0.0,1.6425382969831803,1.6425382969831803,2046.0,2046.0,9.1627,9.1627,2.1896,2.1896,11237.7808,3648.7678,6379.3549,35420.3735,0,11237.7808,3648.7678,7003.7609,37521.1017,0
135,135,60,3.2,550,244,0,0,1,1,0,0.6,0.75,0.75,0,14154.4699,0,18318.3393,18318.3393,7.253431601304622,6378.1,0,21351.9024,0.0,1.6425382969831803,1.6425382969831803,0.0,1.6425382969831803,1.6425382969831803,2046.0,2046.0,9.1627,9.1627,2.1896,2.1896,11237.7808,3648.7678,6379.3549,35420.3735,0,11237.7808,3648.7678,8149.4326,41354.3205,0
136,136,25,3.2,550,244,0,1,1,1,0,0.6,0.75,0.75,0,9090.5039,0,-7046.6258,-7046.6258,0.0,18058.1,0,21351.9024,0.0,1.6425382969831803,1.6425382969831803,0.0,1.6425382969831803,1.6425382969831803,2046.0,2046.0,9.1627,9.1627,6.1994,6.1994,11237.7808,10330.6337,4761.4552,35420.3735,0,11237.7808,10330.6337,0,14521.7886,0
137,137,30,3.2,550,244,0,1,1,1,0,0.6,0.75,0.75,0,9090.5039,0,-3465.6151,-3465.6151,0.0,18058.1,0,21351.9024,0.0,1.6425382969831803,1.6425382969831803,0.0,1.6425382969831803,1.6425382969831803,2046.0,2046.0,9.1627,9.1627,6.1994,6.1994,11237.7808,10330.6337,4761.4552,35420.3735,0,11237.7808,10330.6337,252.2081,18355.0074,0
138,138,35,3.2,550,244,0,1,1,1,0,0.6,0.75,0.75,0,9090.5039,0,-439.9151,-439.9151,0.05999534072842775,18058.1,0,21351.9024,0.0,1.6425382969831803,1.6425382969831803,0.0,1.6425382969831803,1.6425382969831803,2046.0,2046.0,9.1627,9.1627,6.1994,6.1994,11237.7808,10330.6337,4761.4552,35420.3735,0,11237.7808,10330.6337,1059.7269,22188.2263,0
139,139,40,3.2,550,244,0,1,1,1,0,0.6,0.75,0.75,0,9090.5039,0,2416.8518,2416.8518,0.43103578642898094,18058.1,0,21351.9024,0.0,1.6425382969831803,1.6425382969831803,0.0,1.6425382969831803,1.6425382969831803,2046.0,2046.0,9.1627,9.1627,6.1994,6.1994,11237.7808,10330.6337,4761.4552,35420.3735,0,11237.7808,10330.6337,2036.1789,26021.4451,0
140,140,45,3.2,550,244,0,1,1,1,0,0.6,0.75,0.75,0,9090.5039,0,5154.9333,5154.9333,0.8020762321295342,18058.1,0,21351.9024,0.0,1.6425382969831803,1.6425382969831803,0.0,1.6425382969831803,1.6425382969831803,2046.0,2046.0,9.1627,9.1627,6.1994,6.1994,11237.7808,10330.6337,4761.4552,35420.3735,0,11237.7808,10330.6337,3131.3163,29854.664,0
141,141,50,3.2,550,244,0,1,1,1,0,0.6,0.75,0.75,0,9090.5039,0,7871.5122,7871.5122,1.173116677830087,18058.1,0,21351.9024,0.0,1.6425382969831803,1.6425382969831803,0.0,1.6425382969831803,1.6425382969831803,2046.0,2046.0,9.1627,9.1627,6.1994,6.1994,11237.7808,10330.6337,4761.4552,35420.3735,0,11237.7808,10330.6337,4247.9562,33687.8828,0
142,142,55,3.2,550,244,0,1,1,1,0,0.6,0.75,0.75,0,9090.5039,0,10569.8918,10569.8918,1.5441571235306404,18058.1,0,21351.9024,0.0,1.6425382969831803,1.6425382969831803,0.0,1.6425382969831803,1.6425382969831803,2046.0,2046.0,9.1627,9.1627,6.1994,6.1994,11237.7808,10330.6337,4761.4552,35420.3735,0,11237.7808,10330.6337,5382.7955,37521.1017,0
143,143,60,3.2,550,244,0,1,1,1,0,0.6,0.75,0.75,0,9090.5039,0,13268.2714,13268.2714,1.915197569231193,18058.1,0,21351.9024,0.0,1.6425382969831803,1.6425382969831803,0.0,1.6425382969831803,1.6425382969831803,2046.0,2046.0,9.1627,9.1627,6.1994,6.1994,11237.7808,10330.6337,4761.4552,35420.3735,0,11237.7808,10330.6337,6517.6347,41354.3205,0
144,144,25,3.2,550,244,0,0,1,1,1,0.4,0.55,0.55,0,7386.5696,0,-1792.2157,-1792.2157,0.0,6378.1,0,21351.9024,0.0,0.985522978189908,0.985522978189908,0.0,0.985522978189908,0.985522978189908,2046.0,2046.0,9.1627,9.1627,3.6494,3.6494,6742.6685,3648.7678,3474.2182,21252.2241,0,6742.6685,3648.7678,113.8526,8713.0732,0
145,145,30,3.2,550,244,0,0,1,1,1,0.4,0.55,0.55,0,7386.5696,0,36.8784,36.8784,0.17033931758495297,6378.1,0,21351.9024,0.0,0.985522978189908,0.985522978189908,0.0,0.985522978189908,0.985522978189908,2046.0,2046.0,9.1627,9.1627,3.6494,3.6494,6742.6685,3648.7678,3474.2182,21252.2241,0,6742.6685,3648.7678,584.6897,11013.0045,0
146,146,35,3.2,550,244,0,0,1,1,1,0.4,0.55,0.55,0,7386.5696,0,1758.7558,1758.7558,0.8006301662337474,6378.1,0,21351.9024,0.0,0.985522978189908,0.985522978189908,0.0,0.985522978189908,0.985522978189908,2046.0,2046.0,9.1627,9.1627,3.6494,3.6494,6742.6685,3648.7678,3474.2182,21252.2241,0,6742.6685,3648.7678,1162.7437,13312.9358,0
147,147,40,3.2,550,244,0,0,1,1,1,0.4,0.55,0.55,0,7386.5696,0,3405.1467,3405.1467,1.430921014882541,6378.1,0,21351.9024,0.0,0.985522978189908,0.985522978189908,0.0,0.985522978189908,0.985522978189908,2046.0,2046.0,9.1627,9.1627,3.6494,3.6494,6742.6685,3648.7678,3474.2182,21252.2241,0,6742.6685,3648.7678,1816.2841,15612.8671,0
148,148,45,3.2,550,244,0,0,1,1,1,0.4,0.55,0.55,0,7386.5696,0,5035.8128,5035.8128,2.0612118635313346,6378.1,0,21351.9024,0.0,0.985522978189908,0.985522978189908,0.0,0.985522978189908,0.985522978189908,2046.0,2046.0,9.1627,9.1627,3.6494,3.6494,6742.6685,3648.7678,3474.2182,21252.2241,0,6742.6685,3648.7678,2485.5493,17912.7984,0
149,149,50,3.2,550,244,0,0,1,1,1,0.4,0.55,0.55,0,7386.5696,0,6655.1746,6655.1746,2.6915027121801294,6378.1,0,21351.9024,0.0,0.985522978189908,0.985522978189908,0.0,0.985522978189908,0.985522978189908,2046.0,2046.0,9.1627,9.1627,3.6494,3.6494,6742.6685,3648.7678,3474.2182,21252.2241,0,6742.6685,3648.7678,3166.1188,20212.7297,0
150,150,55,3.2,550,244,0,0,1,1,1,0.4,0.55,0.55,0,7386.5696,0,8274.2023,8274.2023,3.321793560828921,6378.1,0,21351.9024,0.0,0.985522978189908,0.985522978189908,0.0,0.985522978189908,0.985522978189908,2046.0,2046.0,9.1627,9.1627,3.6494,3.6494,6742.6685,3648.7678,3474.2182,21252.2241,0,6742.6685,3648.7678,3847.0224,22512.661,0
151,151,60,3.2,550,244,0,0,1,1,1,0.4,0.55,0.55,0,7386.5696,0,9888.2688,9888.2688,3.952084409477715,6378.1,0,21351.9024,0.0,0.985522978189908,0.985522978189908,0.0,0.985522978189908,0.985522978189908,2046.0,2046.0,9.1627,9.1627,3.6494,3.6494,6742.6685,3648.7678,3474.2182,21252.2241,0,6742.6685,3648.7678,4532.8872,24812.5923,0
152,152,25,3.2,550,244,0,1,1,1,1,0.4,0.55,0.55,0,2308.9025,0,-8360.229,-8360.229,0.0,18058.1,0,21351.9024,0.0,0.985522978189908,0.985522978189908,0.0,0.985522978189908,0.985522978189908,2046.0,2046.0,9.1627,9.1627,10.3323,10.3323,6742.6685,10330.6337,1870.0195,21252.2241,0,6742.6685,10330.6337,0,8713.0732,0
153,153,30,3.2,550,244,0,1,1,1,1,0.4,0.55,0.55,0,2308.9025,0,-6060.2977,-6060.2977,0.0,18058.1,0,21351.9024,0.0,0.985522978189908,0.985522978189908,0.0,0.985522978189908,0.985522978189908,2046.0,2046.0,9.1627,9.1627,10.3323,10.3323,6742.6685,10330.6337,1870.0195,21252.2241,0,6742.6685,10330.6337,0,11013.0045,0
154,154,35,3.2,550,244,0,1,1,1,1,0.4,0.55,0.55,0,2308.9025,0,-3763.5209,-3763.5209,0.0,18058.1,0,21351.9024,0.0,0.985522978189908,0.985522978189908,0.0,0.985522978189908,0.985522978189908,2046.0,2046.0,9.1627,9.1627,10.3323,10.3323,6742.6685,10330.6337,1870.0195,21252.2241,0,6742.6685,10330.6337,3.1546,13312.9358,0
155,155,40,3.2,550,244,0,1,1,1,1,0.4,0.55,0.55,0,2308.9025,0,-1853.8845,-1853.8845,0.0,18058.1,0,21351.9024,0.0,0.985522978189908,0.985522978189908,0.0,0.985522978189908,0.985522978189908,2046.0,2046.0,9.1627,9.1627,10.3323,10.3323,6742.6685,10330.6337,1870.0195,21252.2241,0,6742.6685,10330.6337,393.4495,15612.8671,0
156,156,45,3.2,550,244,0,1,1,1,1,0.4,0.55,0.55,0,2308.9025,0,-90.9301,-90.9301,0.08125992300771752,18058.1,0,21351.9024,0.0,0.985522978189908,0.985522978189908,0.0,0.985522978189908,0.985522978189908,2046.0,2046.0,9.1627,9.1627,10.3323,10.3323,6742.6685,10330.6337,1870.0195,21252.2241,0,6742.6685,10330.6337,930.4264,17912.7984,0
157,157,50,3.2,550,244,0,1,1,1,1,0.4,0.55,0.55,0,2308.9025,0,1572.2489,1572.2489,0.30388419042804954,18058.1,0,21351.9024,0.0,0.985522978189908,0.985522978189908,0.0,0.985522978189908,0.985522978189908,2046.0,2046.0,9.1627,9.1627,10.3323,10.3323,6742.6685,10330.6337,1870.0195,21252.2241,0,6742.6685,10330.6337,1567.1786,20212.7297,0
158,158,55,3.2,550,244,0,1,1,1,1,0.4,0.55,0.55,0,2308.9025,0,3205.4368,3205.4368,0.5265084578483817,18058.1,0,21351.9024,0.0,0.985522978189908,0.985522978189908,0.0,0.985522978189908,0.985522978189908,2046.0,2046.0,9.1627,9.1627,10.3323,10.3323,6742.6685,10330.6337,1870.0195,21252.2241,0,6742.6685,10330.6337,2233.9221,22512.661,0
159,159,60,3.2,550,244,0,1,1,1,1,0.4,0.55,0.55,0,2308.9025,0,4829.264,4829.264,0.7491327252687132,18058.1,0,21351.9024,0.0,0.985522978189908,0.985522978189908,0.0,0.985522978189908,0.985522978189908,2046.0,2046.0,9.1627,9.1627,10.3323,10.3323,6742.6685,10330.6337,1870.0195,21252.2241,0,6742.6685,10330.6337,2910.0262,24812.5923,0
160,160,25,3.2,550,244,0,0,1,1,1,0.5,0.55,0.55,0,7994.6975,0,-1184.0878,-1184.0878,0.0,6378.1,0,21351.9024,0.0,0.985522978189908,0.985522978189908,0.0,0.985522978189908,0.985522978189908,2046.0,2046.0,9.1627,9.1627,3.0411,3.0411,6742.6685,3040.6399,3474.2182,21252.2241,0,6742.6685,3040.6399,113.8526,8713.0732,0
161,161,30,3.2,550,244,0,0,1,1,1,0.5,0.55,0.55,0,7994.6975,0,645.0064,645.0064,0.40437229329635815,6378.1,0,21351.9024,0.0,0.985522978189908,0.985522978189908,0.0,0.985522978189908,0.985522978189908,2046.0,2046.0,9.1627,9.1627,3.0411,3.0411,6742.6685,3040.6399,3474.2182,21252.2241,0,6742.6685,3040.6399,584.6897,11013.0045,0
162,162,35,3.2,550,244,0,0,1,1,1,0.5,0.55,0.55,0,7994.6975,0,2366.8838,2366.8838,1.160679858807522,6378.1,0,21351.9024,0.0,0.985522978189908,0.985522978189908,0.0,0.985522978189908,0.985522978189908,2046.0,2046.0,9.1627,9.1627,3.0411,3.0411,6742.6685,3040.6399,3474.2182,21252.2241,0,6742.6685,3040.6399,1162.7437,13312.9358,0
163,163,40,3.2,550,244,0,0,1,1,1,0.5,0.55,0.55,0,7994.6975,0,4013.2747,4013.2747,1.9169874243186855,6378.1,0,21351.9024,0.0,0.985522978189908,0.985522978189908,0.0,0.985522978189908,0.985522978189908,2046.0,2046.0,9.1627,9.1627,3.0411,3.0411,6742.6685,3040.6399,3474.2182,21252.2241,0,6742.6685,3040.6399,1816.2841,15612.8671,0
164,164,45,3.2,550,244,0,0,1,1,1,0.5,0.55,0.55,0,7994.6975,0,5643.9408,5643.9408,2.673294989829849,6378.1,0,21351.9024,0.0,0.985522978189908,0.985522978189908,0.0,0.985522978189908,0.985522978189908,2046.0,2046.0,9.1627,9.1627,3.0411,3.0411,6742.6685,3040.6399,3474.2182,21252.2241,0,6742.6685,3040.6399,2485.5493,17912.7984,0
165,165,50,3.2,550,244,0,0,1,1,1,0.5,0.55,0.55,0,7994.6975,0,7263.3026,7263.3026,3.429602555341013,6378.1,0,21351.9024,0.0,0.985522978189908,0.985522978189908,0.0,0.985522978189908,0.985522978189908,2046.0,2046.0,9.1627,9.1627,3.0411,3.0411,6742.6685,3040.6399,3474.2182,21252.2241,0,6742.6685,3040.6399,3166.1188,20212.7297,0
166,166,55,3.2,550,244,0,0,1,1,1,0.5,0.55,0.55,0,7994.6975,0,8882.3303,8882.3303,4.185910120852175,6378.1,0,21351.9024,0.0,0.985522978189908,0.985522978189908,0.0,0.985522978189908,0.985522978189908,2046.0,2046.0,9.1627,9.1627,3.0411,3.0411,6742.6685,3040.6399,3474.2182,21252.2241,0,6742.6685,3040.6399,3847.0224,22512.661,0
167,167,60,3.2,550,244,0,0,1,1,1,0.5,0.55,0.55,0,7994.6975,0,10496.3968,10496.3968,4.942217686363339,6378.1,0,21351.9024,0.0,0.985522978189908,0.985522978189908,0.0,0.985522978189908,0.985522978189908,2046.0,2046.0,9.1627,9.1627,3.0411,3.0411,6742.6685,3040.6399,3474.2182,21252.2241,0,6742.6685,3040.6399,4532.8872,24812.5923,0
168,168,25,3.2,550,244,0,1,1,1,1,0.5,0.55,0.55,0,4030.6748,0,-6638.4567,-6638.4567,0.0,18058.1,0,21351.9024,0.0,0.985522978189908,0.985522978189908,0.0,0.985522978189908,0.985522978189908,2046.0,2046.0,9.1627,9.1627,8.6103,8.6103,6742.6685,8608.8614,1870.0195,21252.2241,0,6742.6685,8608.8614,0,8713.0732,0
169,169,30,3.2,550,244,0,1,1,1,1,0.5,0.55,0.55,0,4030.6748,0,-4338.5254,-4338.5254,0.0,18058.1,0,21351.9024,0.0,0.985522978189908,0.985522978189908,0.0,0.985522978189908,0.985522978189908,2046.0,2046.0,9.1627,9.1627,8.6103,8.6103,6742.6685,8608.8614,1870.0195,21252.2241,0,6742.6685,8608.8614,0,11013.0045,0
170,170,35,3.2,550,244,0,1,1,1,1,0.5,0.55,0.55,0,4030.6748,0,-2041.7486,-2041.7486,0.0,18058.1,0,21351.9024,0.0,0.985522978189908,0.985522978189908,0.0,0.985522978189908,0.985522978189908,2046.0,2046.0,9.1627,9.1627,8.6103,8.6103,6742.6685,8608.8614,1870.0195,21252.2241,0,6742.6685,8608.8614,3.1546,13312.9358,0
171,171,40,3.2,550,244,0,1,1,1,1,0.5,0.55,0.55,0,4030.6748,0,-132.1122,-132.1122,0.030356282513516634,18058.1,0,21351.9024,0.0,0.985522978189908,0.985522978189908,0.0,0.985522978189908,0.985522978189908,2046.0,2046.0,9.1627,9.1627,8.6103,8.6103,6742.6685,8608.8614,1870.0195,21252.2241,0,6742.6685,8608.8614,393.4495,15612.8671,0
172,172,45,3.2,550,244,0,1,1,1,1,0.5,0.55,0.55,0,4030.6748,0,1630.8422,1630.8422,0.29751057531401015,18058.1,0,21351.9024,0.0,0.985522978189908,0.985522978189908,0.0,0.985522978189908,0.985522978189908,2046.0,2046.0,9.1627,9.1627,8.6103,8.6103,6742.6685,8608.8614,1870.0195,21252.2241,0,6742.6685,8608.8614,930.4264,17912.7984,0
173,173,50,3.2,550,244,0,1,1,1,1,0.5,0.55,0.55,0,4030.6748,0,3294.0212,3294.0212,0.5646648681145038,18058.1,0,21351.9024,0.0,0.985522978189908,0.985522978189908,0.0,0.985522978189908,0.985522978189908,2046.0,2046.0,9.1627,9.1627,8.6103,8.6103,6742.6685,8608.8614,1870.0195,21252.2241,0,6742.6685,8608.8614,1567.1786,20212.7297,0
174,174,55,3.2,550,244,0,1,1,1,1,0.5,0.55,0.55,0,4030.6748,0,4927.2091,4927.2091,0.8318191609149974,18058.1,0,21351.9024,0.0,0.985522978189908,0.985522978189908,0.0,0.985522978189908,0.985522978189908,2046.0,2046.0,9.1627,9.1627,8.6103,8.6103,6742.6685,8608.8614,1870.0195,21252.2241,0,6742.6685,8608.8614,2233.9221,22512.661,0
175,175,60,3.2,550,244,0,1,1,1,1,0.5,0.55,0.55,0,4030.6748,0,6551.0363,6551.0363,1.0989734537154903,18058.1,0,21351.9024,0.0,0.985522978189908,0.985522978189908,0.0,0.985522978189908,0.985522978189908,2046.0,2046.0,9.1627,9.1627,8.6103,8.6103,6742.6685,8608.8614,1870.0195,21252.2241,0,6742.6685,8608.8614,2910.0262,24812.5923,0
176,176,25,3.2,550,244,0,0,1,1,1,0.6,0.55,0.55,0,8602.8255,0,-575.9598,-575.9598,0.0,6378.1,0,21351.9024,0.0,0.985522978189908,0.985522978189908,0.0,0.985522978189908,0.985522978189908,2046.0,2046.0,9.1627,9.1627,2.4329,2.4329,6742.6685,2432.5119,3474.2182,21252.2241,0,6742.6685,2432.5119,113.8526,8713.0732,0
177,177,30,3.2,550,244,0,0,1,1,1,0.6,0.55,0.55,0,8602.8255,0,1253.1344,1253.1344,0.7553736613074213,6378.1,0,21351.9024,0.0,0.985522978189908,0.985522978189908,0.0,0.985522978189908,0.985522978189908,2046.0,2046.0,9.1627,9.1627,2.4329,2.4329,6742.6685,2432.5119,3474.2182,21252.2241,0,6742.6685,2432.5119,584.6897,11013.0045,0
178,178,35,3.2,550,244,0,0,1,1,1,0.6,0.55,0.55,0,8602.8255,0,2975.0118,2975.0118,1.7006804047186213,6378.1,0,21351.9024,0.0,0.985522978189908,0.985522978189908,0.0,0.985522978189908,0.985522978189908,2046.0,2046.0,9.1627,9.1627,2.4329,2.4329,6742.6685,2432.5119,3474.2182,21252.2241,0,6742.6685,2432.5119,1162.7437,13312.9358,0
179,179,40,3.2,550,244,0,0,1,1,1,0.6,0.55,0.55,0,8602.8255,0,4621.4027,4621.4027,2.6459871481298207,6378.1,0,21351.9024,0.0,0.985522978189908,0.985522978189908,0.0,0.985522978189908,0.985522978189908,2046.0,2046.0,9.1627,9.1627,2.4329,2.4329,6742.6685,2432.5119,3474.2182,21252.2241,0,6742.6685,2432.5119,1816.2841,15612.8671,0
180,180,45,3.2,550,244,0,0,1,1,1,0.6,0.55,0.55,0,8602.8255,0,6252.0688,6252.0688,3.5912938915410204,6378.1,0,21351.9024,0.0,0.985522978189908,0.985522978189908,0.0,0.985522978189908,0.985522978189908,2046.0,2046.0,9.1627,9.1627,2.4329,2.4329,6742.6685,2432.5119,3474.2182,21252.2241,0,6742.6685,2432.5119,2485.5493,17912.7984,0
181,181,50,3.2,550,244,0,0,1,1,1,0.6,0.55,0.55,0,8602.8255,0,7871.4305,7871.4305,4.5366006349522205,6378.1,0,21351.9024,0.0,0.985522978189908,0.985522978189908,0.0,0.985522978189908,0.985522978189908,2046.0,2046.0,9.1627,9.1627,2.4329,2.4329,6742.6685,2432.5119,3474.2182,21252.2241,0,6742.6685,2432.5119,3166.1188,20212.7297,0
182,182,55,3.2,550,244,0,0,1,1,1,0.6,0.55,0.55,0,8602.8255,0,9490.4583,9490.4583,5.481907378363418,6378.1,0,21351.9024,0.0,0.985522978189908,0.985522978189908,0.0,0.985522978189908,0.985522978189908,2046.0,2046.0,9.1627,9.1627,2.4329,2.4329,6742.6685,2432.5119,3474.2182,21252.2241,0,6742.6685,2432.5119,3847.0224,22512.661,0
183,183,60,3.2,550,244,0,0,1,1,1,0.6,0.55,0.55,0,8602.8255,0,11104.5247,11104.5247,6.427214121774618,6378.1,0,21351.9024,0.0,0.985522978189908,0.985522978189908,0.0,0.985522978189908,0.985522978189908,2046.0,2046.0,9.1627,9.1627,2.4329,2.4329,6742.6685,2432.5119,3474.2182,21252.2241,0,6742.6685,2432.5119,4532.8872,24812.5923,0
184,184,25,3.2,550,244,0,1,1,1,1,0.6,0.55,0.55,0,5752.447,0,-4916.6844,-4916.6844,0.0,18058.1,0,21351.9024,0.0,0.985522978189908,0.985522978189908,0.0,0.985522978189908,0.985522978189908,2046.0,2046.0,9.1627,9.1627,6.8882,6.8882,6742.6685,6887.0891,1870.0195,21252.2241,0,6742.6685,6887.0891,0,8713.0732,0
185,185,30,3.2,550,244,0,1,1,1,1,0.6,0.55,0.55,0,5752.447,0,-2616.7531,-2616.7531,0.0,18058.1,0,21351.9024,0.0,0.985522978189908,0.985522978189908,0.0,0.985522978189908,0.985522978189908,2046.0,2046.0,9.1627,9.1627,6.8882,6.8882,6742.6685,6887.0891,1870.0195,21252.2241,0,6742.6685,6887.0891,0,11013.0045,0
186,186,35,3.2,550,244,0,1,1,1,1,0.6,0.55,0.55,0,5752.447,0,-319.9764,-319.9764,0.0,18058.1,0,21351.9024,0.0,0.985522978189908,0.985522978189908,0.0,0.985522978189908,0.985522978189908,2046.0,2046.0,9.1627,9.1627,6.8882,6.8882,6742.6685,6887.0891,1870.0195,21252.2241,0,6742.6685,6887.0891,3.1546,13312.9358,0
187,187,40,3.2,550,244,0,1,1,1,1,0.6,0.55,0.55,0,5752.447,0,1589.66,1589.66,0.28794968991497716,18058.1,0,21351.9024,0.0,0.985522978189908,0.985522978189908,0.0,0.985522978189908,0.985522978189908,2046.0,2046.0,9.1627,9.1627,6.8882,6.8882,6742.6685,6887.0891,1870.0195,21252.2241,0,6742.6685,6887.0891,393.4495,15612.8671,0
188,188,45,3.2,550,244,0,1,1,1,1,0.6,0.55,0.55,0,5752.447,0,3352.6145,3352.6145,0.6219022536901259,18058.1,0,21351.9024,0.0,0.985522978189908,0.985522978189908,0.0,0.985522978189908,0.985522978189908,2046.0,2046.0,9.1627,9.1627,6.8882,6.8882,6742.6685,6887.0891,1870.0195,21252.2241,0,6742.6685,6887.0891,930.4264,17912.7984,0
189,189,50,3.2,550,244,0,1,1,1,1,0.6,0.55,0.55,0,5752.447,0,5015.7935,5015.7935,0.9558548174652745,18058.1,0,21351.9024,0.0,0.985522978189908,0.985522978189908,0.0,0.985522978189908,0.985522978189908,2046.0,2046.0,9.1627,9.1627,6.8882,6.8882,6742.6685,6887.0891,1870.0195,21252.2241,0,6742.6685,6887.0891,1567.1786,20212.7297,0
190,190,55,3.2,550,244,0,1,1,1,1,0.6,0.55,0.55,0,5752.447,0,6648.9814,6648.9814,1.289807381240423,18058.1,0,21351.9024,0.0,0.985522978189908,0.985522978189908,0.0,0.985522978189908,0.985522978189908,2046.0,2046.0,9.1627,9.1627,6.8882,6.8882,6742.6685,6887.0891,1870.0195,21252.2241,0,6742.6685,6887.0891,2233.9221,22512.661,0
191,191,60,3.2,550,244,0,1,1,1,1,0.6,0.55,0.55,0,5752.447,0,8272.8085,8272.8085,1.6237599450155715,18058.1,0,21351.9024,0.0,0.985522978189908,0.985522978189908,0.0,0.985522978189908,0.985522978189908,2046.0,2046.0,9.1627,9.1627,6.8882,6.8882,6742.6685,6887.0891,1870.0195,21252.2241,0,6742.6685,6887.0891,2910.0262,24812.5923,0
192,192,25,3.2,550,244,0,0,1,1,1,0.4,0.65,0.65,0,5130.6028,0,-2118.7531,-2118.7531,0.0,6378.1,0,21351.9024,0.0,0.7665178719254842,0.7665178719254842,0.0,0.7665178719254842,0.7665178719254842,2046.0,2046.0,9.1627,9.1627,4.692,4.692,5244.2977,3648.7678,2505.8393,16529.5076,0,5244.2977,3648.7678,2.5223,6776.8347,0
193,193,30,3.2,550,244,0,0,1,1,1,0.4,0.65,0.65,0,5130.6028,0,-634.4563,-634.4563,0.0,6378.1,0,21351.9024,0.0,0.7665178719254842,0.7665178719254842,0.0,0.7665178719254842,0.7665178719254842,2046.0,2046.0,9.1627,9.1627,4.692,4.692,5244.2977,3648.7678,2505.8393,16529.5076,0,5244.2977,3648.7678,307.0609,8565.6701,0
194,194,35,3.2,550,244,0,0,1,1,1,0.4,0.65,0.65,0,5130.6028,0,735.7103,735.7103,0.4005042674567712,6378.1,0,21351.9024,0.0,0.7665178719254842,0.7665178719254842,0.0,0.7665178719254842,0.7665178719254842,2046.0,2046.0,9.1627,9.1627,4.692,4.692,5244.2977,3648.7678,2505.8393,16529.5076,0,5244.2977,3648.7678,725.7298,10354.5056,0
195,195,40,3.2,550,244,0,0,1,1,1,0.4,0.65,0.65,0,5130.6028,0,2028.7937,2028.7937,0.8907304830724999,6378.1,0,21351.9024,0.0,0.7665178719254842,0.7665178719254842,0.0,0.7665178719254842,0.7665178719254842,2046.0,2046.0,9.1627,9.1627,4.692,4.692,5244.2977,3648.7678,2505.8393,16529.5076,0,5244.2977,3648.7678,1221.4818,12143.3411,0
196,196,45,3.2,550,244,0,0,1,1,1,0.4,0.65,0.65,0,5130.6028,0,3298.8699,3298.8699,1.3809566986882285,6378.1,0,21351.9024,0.0,0.7665178719254842,0.7665178719254842,0.0,0.7665178719254842,0.7665178719254842,2046.0,2046.0,9.1627,9.1627,4.692,4.692,5244.2977,3648.7678,2505.8393,16529.5076,0,5244.2977,3648.7678,1740.2411,13932.1765,0
197,197,50,3.2,550,244,0,0,1,1,1,0.4,0.65,0.65,0,5130.6028,0,4561.74,4561.74,1.8711829143039567,6378.1,0,21351.9024,0.0,0.7665178719254842,0.7665178719254842,0.0,0.7665178719254842,0.7665178719254842,2046.0,2046.0,9.1627,9.1627,4.692,4.692,5244.2977,3648.7678,2505.8393,16529.5076,0,5244.2977,3648.7678,2266.2064,15721.012,0
198,198,55,3.2,550,244,0,0,1,1,1,0.4,0.65,0.65,0,5130.6028,0,5820.9838,5820.9838,2.3614091299196853,6378.1,0,21351.9024,0.0,0.7665178719254842,0.7665178719254842,0.0,0.7665178719254842,0.7665178719254842,2046.0,2046.0,9.1627,9.1627,4.692,4.692,5244.2977,3648.7678,2505.8393,16529.5076,0,5244.2977,3648.7678,2795.7981,17509.8474,0
199,199,60,3.2,550,244,0,0,1,1,1,0.4,0.65,0.65,0,5130.6028,0,7078.2453,7078.2453,2.8516353455354144,6378.1,0,21351.9024,0.0,0.7665178719254842,0.7665178719254842,0.0,0.7665178719254842,0.7665178719254842,2046.0,2046.0,9.1627,9.1627,4.692,4.692,5244.2977,3648.7678,2505.8393,16529.5076,0,5244.2977,3648.7678,3327.3721,19298.6829,0
200,200,25,3.2,550,244,0,1,1,1,1,0.4,0.65,0.65,0,25.8075,0,-8798.0967,-8798.0967,0.0,18058.1,0,21351.9024,0.0,0.7665178719254842,0.7665178719254842,0.0,0.7665178719254842,0.7665178719254842,2046.0,2046.0,9.1627,9.1627,13.2844,13.2844,5244.2977,10330.6337,928.7687,16529.5076,0,5244.2977,10330.6337,0,6776.8347,0
201,201,30,3.2,550,244,0,1,1,1,1,0.4,0.65,0.65,0,25.8075,0,-7009.2612,-7009.2612,0.0,18058.1,0,21351.9024,0.0,0.7665178719254842,0.7665178719254842,0.0,0.7665178719254842,0.7665178719254842,2046.0,2046.0,9.1627,9.1627,13.2844,13.2844,5244.2977,10330.6337,928.7687,16529.5076,0,5244.2977,10330.6337,0,8565.6701,0
202,202,35,3.2,550,244,0,1,1,1,1,0.4,0.65,0.65,0,25.8075,0,-5220.4258,-5220.4258,0.0,18058.1,0,21351.9024,0.0,0.7665178719254842,0.7665178719254842,0.0,0.7665178719254842,0.7665178719254842,2046.0,2046.0,9.1627,9.1627,13.2844,13.2844,5244.2977,10330.6337,928.7687,16529.5076,0,5244.2977,10330.6337,0,10354.5056,0
203,203,40,3.2,550,244,0,1,1,1,1,0.4,0.65,0.65,0,25.8075,0,-3431.5903,-3431.5903,0.0,18058.1,0,21351.9024,0.0,0.7665178719254842,0.7665178719254842,0.0,0.7665178719254842,0.7665178719254842,2046.0,2046.0,9.1627,9.1627,13.2844,13.2844,5244.2977,10330.6337,928.7687,16529.5076,0,5244.2977,10330.6337,0,12143.3411,0
204,204,45,3.2,550,244,0,1,1,1,1,0.4,0.65,0.65,0,25.8075,0,-1930.8207,-1930.8207,0.0,18058.1,0,21351.9024,0.0,0.7665178719254842,0.7665178719254842,0.0,0.7665178719254842,0.7665178719254842,2046.0,2046.0,9.1627,9.1627,13.2844,13.2844,5244.2977,10330.6337,928.7687,16529.5076,0,5244.2977,10330.6337,288.0658,13932.1765,0
205,205,50,3.2,550,244,0,1,1,1,1,0.4,0.65,0.65,0,25.8075,0,-555.4498,-555.4498,0.014140027960703584,18058.1,0,21351.9024,0.0,0.7665178719254842,0.7665178719254842,0.0,0.7665178719254842,0.7665178719254842,2046.0,2046.0,9.1627,9.1627,13.2844,13.2844,5244.2977,10330.6337,928.7687,16529.5076,0,5244.2977,10330.6337,701.5305,15721.012,0
206,206,55,3.2,550,244,0,1,1,1,1,0.4,0.65,0.65,0,25.8075,0,741.0695,741.0695,0.18729223595429517,18058.1,0,21351.9024,0.0,0.7665178719254842,0.7665178719254842,0.0,0.7665178719254842,0.7665178719254842,2046.0,2046.0,9.1627,9.1627,13.2844,13.2844,5244.2977,10330.6337,928.7687,16529.5076,0,5244.2977,10330.6337,1193.8466,17509.8474,0
207,207,60,3.2,550,244,0,1,1,1,1,0.4,0.65,0.65,0,25.8075,0,2012.0493,2012.0493,0.36044444394788633,18058.1,0,21351.9024,0.0,0.7665178719254842,0.7665178719254842,0.0,0.7665178719254842,0.7665178719254842,2046.0,2046.0,9.1627,9.1627,13.2844,13.2844,5244.2977,10330.6337,928.7687,16529.5076,0,5244.2977,10330.6337,1711.7023,19298.6829,0
208,208,25,3.2,550,244,0,0,1,1,1,0.5,0.65,0.65,0,5738.7307,0,-1510.6252,-1510.6252,0.0,6378.1,0,21351.9024,0.0,0.7665178719254842,0.7665178719254842,0.0,0.7665178719254842,0.7665178719254842,2046.0,2046.0,9.1627,9.1627,3.91,3.91,5244.2977,3040.6399,2505.8393,16529.5076,0,5244.2977,3040.6399,2.5223,6776.8347,0
209,209,30,3.2,550,244,0,0,1,1,1,0.5,0.65,0.65,0,5738.7307,0,-26.3283,-26.3283,0.09231587807125802,6378.1,0,21351.9024,0.0,0.7665178719254842,0.7665178719254842,0.0,0.7665178719254842,0.7665178719254842,2046.0,2046.0,9.1627,9.1627,3.91,3.91,5244.2977,3040.6399,2505.8393,16529.5076,0,5244.2977,3040.6399,307.0609,8565.6701,0
210,210,35,3.2,550,244,0,0,1,1,1,0.5,0.65,0.65,0,5738.7307,0,1343.8382,1343.8382,0.6805550956910519,6378.1,0,21351.9024,0.0,0.7665178719254842,0.7665178719254842,0.0,0.7665178719254842,0.7665178719254842,2046.0,2046.0,9.1627,9.1627,3.91,3.91,5244.2977,3040.6399,2505.8393,16529.5076,0,5244.2977,3040.6399,725.7298,10354.5056,0
211,211,40,3.2,550,244,0,0,1,1,1,0.5,0.65,0.65,0,5738.7307,0,2636.9217,2636.9217,1.2687943133108461,6378.1,0,21351.9024,0.0,0.7665178719254842,0.7665178719254842,0.0,0.7665178719254842,0.7665178719254842,2046.0,2046.0,9.1627,9.1627,3.91,3.91,5244.2977,3040.6399,2505.8393,16529.5076,0,5244.2977,3040.6399,1221.4818,12143.3411,0
212,212,45,3.2,550,244,0,0,1,1,1,0.5,0.65,0.65,0,5738.7307,0,3906.9979,3906.9979,1.8570335309306403,6378.1,0,21351.9024,0.0,0.7665178719254842,0.7665178719254842,0.0,0.7665178719254842,0.7665178719254842,2046.0,2046.0,9.1627,9.1627,3.91,3.91,5244.2977,3040.6399,2505.8393,16529.5076,0,5244.2977,3040.6399,1740.2411,13932.1765,0
213,213,50,3.2,550,244,0,0,1,1,1,0.5,0.65,0.65,0,5738.7307,0,5169.868,5169.868,2.445272748550434,6378.1,0,21351.9024,0.0,0.7665178719254842,0.7665178719254842,0.0,0.7665178719254842,0.7665178719254842,2046.0,2046.0,9.1627,9.1627,3.91,3.91,5244.2977,3040.6399,2505.8393,16529.5076,0,5244.2977,3040.6399,2266.2064,15721.012,0
214,214,55,3.2,550,244,0,0,1,1,1,0.5,0.65,0.65,0,5738.7307,0,6429.1118,6429.1118,3.0335119661702277,6378.1,0,21351.9024,0.0,0.7665178719254842,0.7665178719254842,0.0,0.7665178719254842,0.7665178719254842,2046.0,2046.0,9.1627,9.1627,3.91,3.91,5244.2977,3040.6399,2505.8393,16529.5076,0,5244.2977,3040.6399,2795.7981,17509.8474,0
215,215,60,3.2,550,244,0,0,1,1,1,0.5,0.65,0.65,0,5738.7307,0,7686.3733,7686.3733,3.621751183790023,6378.1,0,21351.9024,0.0,0.7665178719254842,0.7665178719254842,0.0,0.7665178719254842,0.7665178719254842,2046.0,2046.0,9.1627,9.1627,3.91,3.91,5244.2977,3040.6399,2505.8393,16529.5076,0,5244.2977,3040.6399,3327.3721,19298.6829,0
216,216,25,3.2,550,244,0,1,1,1,1,0.5,0.65,0.65,0,1747.5798,0,-7076.3244,-7076.3244,0.0,18058.1,0,21351.9024,0.0,0.7665178719254842,0.7665178719254842,0.0,0.7665178719254842,0.7665178719254842,2046.0,2046.0,9.1627,9.1627,11.0703,11.0703,5244.2977,8608.8614,928.7687,16529.5076,0,5244.2977,8608.8614,0,6776.8347,0
217,217,30,3.2,550,244,0,1,1,1,1,0.5,0.65,0.65,0,1747.5798,0,-5287.4889,-5287.4889,0.0,18058.1,0,21351.9024,0.0,0.7665178719254842,0.7665178719254842,0.0,0.7665178719254842,0.7665178719254842,2046.0,2046.0,9.1627,9.1627,11.0703,11.0703,5244.2977,8608.8614,928.7687,16529.5076,0,5244.2977,8608.8614,0,8565.6701,0
218,218,35,3.2,550,244,0,1,1,1,1,0.5,0.65,0.65,0,1747.5798,0,-3498.6535,-3498.6535,0.0,18058.1,0,21351.9024,0.0,0.7665178719254842,0.7665178719254842,0.0,0.7665178719254842,0.7665178719254842,2046.0,2046.0,9.1627,9.1627,11.0703,11.0703,5244.2977,8608.8614,928.7687,16529.5076,0,5244.2977,8608.8614,0,10354.5056,0
219,219,40,3.2,550,244,0,1,1,1,1,0.5,0.65,0.65,0,1747.5798,0,-1709.818,-1709.818,0.0,18058.1,0,21351.9024,0.0,0.7665178719254842,0.7665178719254842,0.0,0.7665178719254842,0.7665178719254842,2046.0,2046.0,9.1627,9.1627,11.0703,11.0703,5244.2977,8608.8614,928.7687,16529.5076,0,5244.2977,8608.8614,0,12143.3411,0
220,220,45,3.2,550,244,0,1,1,1,1,0.5,0.65,0.65,0,1747.5798,0,-209.0484,-209.0484,0.009178469783461235,18058.1,0,21351.9024,0.0,0.7665178719254842,0.7665178719254842,0.0,0.7665178719254842,0.7665178719254842,2046.0,2046.0,9.1627,9.1627,11.0703,11.0703,5244.2977,8608.8614,928.7687,16529.5076,0,5244.2977,8608.8614,288.0658,13932.1765,0
221,221,50,3.2,550,244,0,1,1,1,1,0.5,0.65,0.65,0,1747.5798,0,1166.3224,1166.3224,0.216965141961623,18058.1,0,21351.9024,0.0,0.7665178719254842,0.7665178719254842,0.0,0.7665178719254842,0.7665178719254842,2046.0,2046.0,9.1627,9.1627,11.0703,11.0703,5244.2977,8608.8614,928.7687,16529.5076,0,5244.2977,8608.8614,701.5305,15721.012,0
222,222,55,3.2,550,244,0,1,1,1,1,0.5,0.65,0.65,0,1747.5798,0,2462.8417,2462.8417,0.4247518141397846,18058.1,0,21351.9024,0.0,0.7665178719254842,0.7665178719254842,0.0,0.7665178719254842,0.7665178719254842,2046.0,2046.0,9.1627,9.1627,11.0703,11.0703,5244.2977,8608.8614,928.7687,16529.5076,0,5244.2977,8608.8614,1193.8466,17509.8474,0
223,223,60,3.2,550,244,0,1,1,1,1,0.5,0.65,0.65,0,1747.5798,0,3733.8216,3733.8216,0.6325384863179461,18058.1,0,21351.9024,0.0,0.7665178719254842,0.7665178719254842,0.0,0.7665178719254842,0.7665178719254842,2046.0,2046.0,9.1627,9.1627,11.0703,11.0703,5244.2977,8608.8614,928.7687,16529.5076,0,5244.2977,8608.8614,1711.7023,19298.6829,0
224,224,25,3.2,550,244,0,0,1,1,1,0.6,0.65,0.65,0,6346.8587,0,-902.4972,-902.4972,0.0,6378.1,0,21351.9024,0.0,0.7665178719254842,0.7665178719254842,0.0,0.7665178719254842,0.7665178719254842,2046.0,2046.0,9.1627,9.1627,3.128,3.128,5244.2977,2432.5119,2505.8393,16529.5076,0,5244.2977,2432.5119,2.5223,6776.8347,0
225,225,30,3.2,550,244,0,0,1,1,1,0.6,0.65,0.65,0,6346.8587,0,581.7997,581.7997,0.3653352072591151,6378.1,0,21351.9024,0.0,0.7665178719254842,0.7665178719254842,0.0,0.7665178719254842,0.7665178719254842,2046.0,2046.0,9.1627,9.1627,3.128,3.128,5244.2977,2432.5119,2505.8393,16529.5076,0,5244.2977,2432.5119,307.0609,8565.6701,0
226,226,35,3.2,550,244,0,0,1,1,1,0.6,0.65,0.65,0,6346.8587,0,1951.9662,1951.9662,1.1005737854678257,6378.1,0,21351.9024,0.0,0.7665178719254842,0.7665178719254842,0.0,0.7665178719254842,0.7665178719254842,2046.0,2046.0,9.1627,9.1627,3.128,3.128,5244.2977,2432.5119,2505.8393,16529.5076,0,5244.2977,2432.5119,725.7298,10354.5056,0
227,227,40,3.2,550,244,0,0,1,1,1,0.6,0.65,0.65,0,6346.8587,0,3245.0496,3245.0496,1.835812363676537,6378.1,0,21351.9024,0.0,0.7665178719254842,0.7665178719254842,0.0,0.7665178719254842,0.7665178719254842,2046.0,2046.0,9.1627,9.1627,3.128,3.128,5244.2977,2432.5119,2505.8393,16529.5076,0,5244.2977,2432.5119,1221.4818,12143.3411,0
228,228,45,3.2,550,244,0,0,1,1,1,0.6,0.65,0.65,0,6346.8587,0,4515.1259,4515.1259,2.5710509418852476,6378.1,0,21351.9024,0.0,0.7665178719254842,0.7665178719254842,0.0,0.7665178719254842,0.7665178719254842,2046.0,2046.0,9.1627,9.1627,3.128,3.128,5244.2977,2432.5119,2505.8393,16529.5076,0,5244.2977,2432.5119,1740.2411,13932.1765,0
229,229,50,3.2,550,244,0,0,1,1,1,0.6,0.65,0.65,0,6346.8587,0,5777.996,5777.996,3.306289520093958,6378.1,0,21351.9024,0.0,0.7665178719254842,0.7665178719254842,0.0,0.7665178719254842,0.7665178719254842,2046.0,2046.0,9.1627,9.1627,3.128,3.128,5244.2977,2432.5119,2505.8393,16529.5076,0,5244.2977,2432.5119,2266.2064,15721.012,0
230,230,55,3.2,550,244,0,0,1,1,1,0.6,0.65,0.65,0,6346.8587,0,7037.2398,7037.2398,4.04152809830267,6378.1,0,21351.9024,0.0,0.7665178719254842,0.7665178719254842,0.0,0.7665178719254842,0.7665178719254842,2046.0,2046.0,9.1627,9.1627,3.128,3.128,5244.2977,2432.5119,2505.8393,16529.5076,0,5244.2977,2432.5119,2795.7981,17509.8474,0
231,231,60,3.2,550,244,0,0,1,1,1,0.6,0.65,0.65,0,6346.8587,0,8294.5012,8294.5012,4.7767666765113805,6378.1,0,21351.9024,0.0,0.7665178719254842,0.7665178719254842,0.0,0.7665178719254842,0.7665178719254842,2046.0,2046.0,9.1627,9.1627,3.128,3.128,5244.2977,2432.5119,2505.8393,16529.5076,0,5244.2977,2432.5119,3327.3721,19298.6829,0
232,232,25,3.2,550,244,0,1,1,1,1,0.6,0.65,0.65,0,3469.3521,0,-5354.5521,-5354.5521,0.0,18058.1,0,21351.9024,0.0,0.7665178719254842,0.7665178719254842,0.0,0.7665178719254842,0.7665178719254842,2046.0,2046.0,9.1627,9.1627,8.8563,8.8563,5244.2977,6887.0891,928.7687,16529.5076,0,5244.2977,6887.0891,0,6776.8347,0
233,233,30,3.2,550,244,0,1,1,1,1,0.6,0.65,0.65,0,3469.3521,0,-3565.7167,-3565.7167,0.0,18058.1,0,21351.9024,0.0,0.7665178719254842,0.7665178719254842,0.0,0.7665178719254842,0.7665178719254842,2046.0,2046.0,9.1627,9.1627,8.8563,8.8563,5244.2977,6887.0891,928.7687,16529.5076,0,5244.2977,6887.0891,0,8565.6701,0
234,234,35,3.2,550,244,0,1,1,1,1,0.6,0.65,0.65,0,3469.3521,0,-1776.8812,-1776.8812,0.0,18058.1,0,21351.9024,0.0,0.7665178719254842,0.7665178719254842,0.0,0.7665178719254842,0.7665178719254842,2046.0,2046.0,9.1627,9.1627,8.8563,8.8563,5244.2977,6887.0891,928.7687,16529.5076,0,5244.2977,6887.0891,0,10354.5056,0
235,235,40,3.2,550,244,0,1,1,1,1,0.6,0.65,0.65,0,3469.3521,0,11.9543,11.9543,0.0017357723057365576,18058.1,0,21351.9024,0.0,0.7665178719254842,0.7665178719254842,0.0,0.7665178719254842,0.7665178719254842,2046.0,2046.0,9.1627,9.1627,8.8563,8.8563,5244.2977,6887.0891,928.7687,16529.5076,0,5244.2977,6887.0891,0,12143.3411,0
236,236,45,3.2,550,244,0,1,1,1,1,0.6,0.65,0.65,0,3469.3521,0,1512.7239,1512.7239,0.2614766552419631,18058.1,0,21351.9024,0.0,0.7665178719254842,0.7665178719254842,0.0,0.7665178719254842,0.7665178719254842,2046.0,2046.0,9.1627,9.1627,8.8563,8.8563,5244.2977,6887.0891,928.7687,16529.5076,0,5244.2977,6887.0891,288.0658,13932.1765,0
237,237,50,3.2,550,244,0,1,1,1,1,0.6,0.65,0.65,0,3469.3521,0,2888.0947,2888.0947,0.5212175381781899,18058.1,0,21351.9024,0.0,0.7665178719254842,0.7665178719254842,0.0,0.7665178719254842,0.7665178719254842,2046.0,2046.0,9.1627,9.1627,8.8563,8.8563,5244.2977,6887.0891,928.7687,16529.5076,0,5244.2977,6887.0891,701.5305,15721.012,0
238,238,55,3.2,550,244,0,1,1,1,1,0.6,0.65,0.65,0,3469.3521,0,4184.614,4184.614,0.7809584211144166,18058.1,0,21351.9024,0.0,0.7665178719254842,0.7665178719254842,0.0,0.7665178719254842,0.7665178719254842,2046.0,2046.0,9.1627,9.1627,8.8563,8.8563,5244.2977,6887.0891,928.7687,16529.5076,0,5244.2977,6887.0891,1193.8466,17509.8474,0
239,239,60,3.2,550,244,0,1,1,1,1,0.6,0.65,0.65,0,3469.3521,0,5455.5938,5455.5938,1.0406993040506434,18058.1,0,21351.9024,0.0,0.7665178719254842,0.7665178719254842,0.0,0.7665178719254842,0.7665178719254842,2046.0,2046.0,9.1627,9.1627,8.8563,8.8563,5244.2977,6887.0891,928.7687,16529.5076,0,5244.2977,6887.0891,1711.7023,19298.6829,0
240,240,25,3.2,550,244,0,0,1,1,1,0.4,0.75,0.75,0,2874.636,0,-2554.0986,-2554.0986,0.0,6378.1,0,21351.9024,0.0,0.5475127656610599,0.5475127656610599,0.0,0.5475127656610599,0.5475127656610599,2046.0,2046.0,9.1627,9.1627,6.5689,6.5689,3745.9269,3648.7678,1537.4604,11806.7912,0,3745.9269,3648.7678,0,4840.5962,0
241,241,30,3.2,550,244,0,0,1,1,1,0.4,0.75,0.75,0,2874.636,0,-1331.9279,-1331.9279,0.0,6378.1,0,21351.9024,0.0,0.5475127656610599,0.5475127656610599,0.0,0.5475127656610599,0.5475127656610599,2046.0,2046.0,9.1627,9.1627,6.5689,6.5689,3745.9269,3648.7678,1537.4604,11806.7912,0,3745.9269,3648.7678,55.5689,6118.3358,0
242,242,35,3.2,550,244,0,0,1,1,1,0.4,0.75,0.75,0,2874.636,0,-312.5045,-312.5045,0.0003783686797956873,6378.1,0,21351.9024,0.0,0.5475127656610599,0.5475127656610599,0.0,0.5475127656610599,0.5475127656610599,2046.0,2046.0,9.1627,9.1627,6.5689,6.5689,3745.9269,3648.7678,1537.4604,11806.7912,0,3745.9269,3648.7678,313.8851,7396.0754,0
243,243,40,3.2,550,244,0,0,1,1,1,0.4,0.75,0.75,0,2874.636,0,646.3388,646.3388,0.3505399512624589,6378.1,0,21351.9024,0.0,0.5475127656610599,0.5475127656610599,0.0,0.5475127656610599,0.5475127656610599,2046.0,2046.0,9.1627,9.1627,6.5689,6.5689,3745.9269,3648.7678,1537.4604,11806.7912,0,3745.9269,3648.7678,632.7815,8673.815,0
244,244,45,3.2,550,244,0,0,1,1,1,0.4,0.75,0.75,0,2874.636,0,1561.9271,1561.9271,0.7007015338451222,6378.1,0,21351.9024,0.0,0.5475127656610599,0.5475127656610599,0.0,0.5475127656610599,0.5475127656610599,2046.0,2046.0,9.1627,9.1627,6.5689,6.5689,3745.9269,3648.7678,1537.4604,11806.7912,0,3745.9269,3648.7678,994.9328,9951.5547,0
245,245,50,3.2,550,244,0,0,1,1,1,0.4,0.75,0.75,0,2874.636,0,2467.8527,2467.8527,1.0508631164277853,6378.1,0,21351.9024,0.0,0.5475127656610599,0.5475127656610599,0.0,0.5475127656610599,0.5475127656610599,2046.0,2046.0,9.1627,9.1627,6.5689,6.5689,3745.9269,3648.7678,1537.4604,11806.7912,0,3745.9269,3648.7678,1366.7468,11229.2943,0
246,246,55,3.2,550,244,0,0,1,1,1,0.4,0.75,0.75,0,2874.636,0,3367.7653,3367.7653,1.4010246990104487,6378.1,0,21351.9024,0.0,0.5475127656610599,0.5475127656610599,0.0,0.5475127656610599,0.5475127656610599,2046.0,2046.0,9.1627,9.1627,6.5689,6.5689,3745.9269,3648.7678,1537.4604,11806.7912,0,3745.9269,3648.7678,1744.5738,12507.0339,0
247,247,60,3.2,550,244,0,0,1,1,1,0.4,0.75,0.75,0,2874.636,0,4267.2251,4267.2251,1.751186281593112,6378.1,0,21351.9024,0.0,0.5475127656610599,0.5475127656610599,0.0,0.5475127656610599,0.5475127656610599,2046.0,2046.0,9.1627,9.1627,6.5689,6.5689,3745.9269,3648.7678,1537.4604,11806.7912,0,3745.9269,3648.7678,2122.8536,13784.7735,0
248,248,25,3.2,550,244,0,1,1,1,1,0.4,0.75,0.75,0,-2391.1852,0,-9235.9644,-9235.9644,0.0,18058.1,0,21351.9024,0.0,0.5475127656610599,0.5475127656610599,0.0,0.5475127656610599,0.5475127656610599,2046.0,2046.0,9.1627,9.1627,18.5982,18.5982,3745.9269,10330.6337,121.4158,11806.7912,0,3745.9269,10330.6337,0,4840.5962,0
249,249,30,3.2,550,244,0,1,1,1,1,0.4,0.75,0.75,0,-2391.1852,0,-7958.2248,-7958.2248,0.0,18058.1,0,21351.9024,0.0,0.5475127656610599,0.5475127656610599,0.0,0.5475127656610599,0.5475127656610599,2046.0,2046.0,9.1627,9.1627,18.5982,18.5982,3745.9269,10330.6337,121.4158,11806.7912,0,3745.9269,10330.6337,0,6118.3358,0
250,250,35,3.2,550,244,0,1,1,1,1,0.4,0.75,0.75,0,-2391.1852,0,-6680.4852,-6680.4852,0.0,18058.1,0,21351.9024,0.0,0.5475127656610599,0.5475127656610599,0.0,0.5475127656610599,0.5475127656610599,2046.0,2046.0,9.1627,9.1627,18.5982,18.5982,3745.9269,10330.6337,121.4158,11806.7912,0,3745.9269,10330.6337,0,7396.0754,0
251,251,40,3.2,550,244,0,1,1,1,1,0.4,0.75,0.75,0,-2391.1852,0,-5402.7455,-5402.7455,0.0,18058.1,0,21351.9024,0.0,0.5475127656610599,0.5475127656610599,0.0,0.5475127656610599,0.5475127656610599,2046.0,2046.0,9.1627,9.1627,18.5982,18.5982,3745.9269,10330.6337,121.4158,11806.7912,0,3745.9269,10330.6337,0,8673.815,0
252,252,45,3.2,550,244,0,1,1,1,1,0.4,0.75,0.75,0,-2391.1852,0,-4125.0059,-4125.0059,0.0,18058.1,0,21351.9024,0.0,0.5475127656610599,0.5475127656610599,0.0,0.5475127656610599,0.5475127656610599,2046.0,2046.0,9.1627,9.1627,18.5982,18.5982,3745.9269,10330.6337,121.4158,11806.7912,0,3745.9269,10330.6337,0,9951.5547,0
253,253,50,3.2,550,244,0,1,1,1,1,0.4,0.75,0.75,0,-2391.1852,0,-2856.9056,-2856.9056,0.0,18058.1,0,21351.9024,0.0,0.5475127656610599,0.5475127656610599,0.0,0.5475127656610599,0.5475127656610599,2046.0,2046.0,9.1627,9.1627,18.5982,18.5982,3745.9269,10330.6337,121.4158,11806.7912,0,3745.9269,10330.6337,9.6393,11229.2943,0
254,254,55,3.2,550,244,0,1,1,1,1,0.4,0.75,0.75,0,-2391.1852,0,-1806.1084,-1806.1084,0.0,18058.1,0,21351.9024,0.0,0.5475127656610599,0.5475127656610599,0.0,0.5475127656610599,0.5475127656610599,2046.0,2046.0,9.1627,9.1627,18.5982,18.5982,3745.9269,10330.6337,121.4158,11806.7912,0,3745.9269,10330.6337,236.5817,12507.0339,0
255,255,60,3.2,550,244,0,1,1,1,1,0.4,0.75,0.75,0,-2391.1852,0,-829.66,-829.66,0.0,18058.1,0,21351.9024,0.0,0.5475127656610599,0.5475127656610599,0.0,0.5475127656610599,0.5475127656610599,2046.0,2046.0,9.1627,9.1627,18.5982,18.5982,3745.9269,10330.6337,121.4158,11806.7912,0,3745.9269,10330.6337,537.8729,13784.7735,0
256,256,25,3.2,550,244,0,0,1,1,1,0.5,0.75,0.75,0,3482.764,0,-1945.9706,-1945.9706,0.0,6378.1,0,21351.9024,0.0,0.5475127656610599,0.5475127656610599,0.0,0.5475127656610599,0.5475127656610599,2046.0,2046.0,9.1627,9.1627,5.474,5.474,3745.9269,3040.6399,1537.4604,11806.7912,0,3745.9269,3040.6399,0,4840.5962,0
257,257,30,3.2,550,244,0,0,1,1,1,0.5,0.75,0.75,0,3482.764,0,-723.7999,-723.7999,0.0,6378.1,0,21351.9024,0.0,0.5475127656610599,0.5475127656610599,0.0,0.5475127656610599,0.5475127656610599,2046.0,2046.0,9.1627,9.1627,5.474,5.474,3745.9269,3040.6399,1537.4604,11806.7912,0,3745.9269,3040.6399,55.5689,6118.3358,0
258,258,35,3.2,550,244,0,0,1,1,1,0.5,0.75,0.75,0,3482.764,0,295.6235,295.6235,0.2004303325745825,6378.1,0,21351.9024,0.0,0.5475127656610599,0.5475127656610599,0.0,0.5475127656610599,0.5475127656610599,2046.0,2046.0,9.1627,9.1627,5.474,5.474,3745.9269,3040.6399,1537.4604,11806.7912,0,3745.9269,3040.6399,313.8851,7396.0754,0
259,259,40,3.2,550,244,0,0,1,1,1,0.5,0.75,0.75,0,3482.764,0,1254.4667,1254.4667,0.6206012023030067,6378.1,0,21351.9024,0.0,0.5475127656610599,0.5475127656610599,0.0,0.5475127656610599,0.5475127656610599,2046.0,2046.0,9.1627,9.1627,5.474,5.474,3745.9269,3040.6399,1537.4604,11806.7912,0,3745.9269,3040.6399,632.7815,8673.815,0
260,260,45,3.2,550,244,0,0,1,1,1,0.5,0.75,0.75,0,3482.764,0,2170.055,2170.055,1.0407720720314309,6378.1,0,21351.9024,0.0,0.5475127656610599,0.5475127656610599,0.0,0.5475127656610599,0.5475127656610599,2046.0,2046.0,9.1627,9.1627,5.474,5.474,3745.9269,3040.6399,1537.4604,11806.7912,0,3745.9269,3040.6399,994.9328,9951.5547,0
261,261,50,3.2,550,244,0,0,1,1,1,0.5,0.75,0.75,0,3482.764,0,3075.9806,3075.9806,1.460942941759855,6378.1,0,21351.9024,0.0,0.5475127656610599,0.5475127656610599,0.0,0.5475127656610599,0.5475127656610599,2046.0,2046.0,9.1627,9.1627,5.474,5.474,3745.9269,3040.6399,1537.4604,11806.7912,0,3745.9269,3040.6399,1366.7468,11229.2943,0
262,262,55,3.2,550,244,0,0,1,1,1,0.5,0.75,0.75,0,3482.764,0,3975.8933,3975.8933,1.88111381148828,6378.1,0,21351.9024,0.0,0.5475127656610599,0.5475127656610599,0.0,0.5475127656610599,0.5475127656610599,2046.0,2046.0,9.1627,9.1627,5.474,5.474,3745.9269,3040.6399,1537.4604,11806.7912,0,3745.9269,3040.6399,1744.5738,12507.0339,0
263,263,60,3.2,550,244,0,0,1,1,1,0.5,0.75,0.75,0,3482.764,0,4875.3531,4875.3531,2.3012846812167043,6378.1,0,21351.9024,0.0,0.5475127656610599,0.5475127656610599,0.0,0.5475127656610599,0.5475127656610599,2046.0,2046.0,9.1627,9.1627,5.474,5.474,3745.9269,3040.6399,1537.4604,11806.7912,0,3745.9269,3040.6399,2122.8536,13784.7735,0
264,264,25,3.2,550,244,0,1,1,1,1,0.5,0.75,0.75,0,-669.413,0,-7514.1921,-7514.1921,0.0,18058.1,0,21351.9024,0.0,0.5475127656610599,0.5475127656610599,0.0,0.5475127656610599,0.5475127656610599,2046.0,2046.0,9.1627,9.1627,15.4985,15.4985,3745.9269,8608.8614,121.4158,11806.7912,0,3745.9269,8608.8614,0,4840.5962,0
265,265,30,3.2,550,244,0,1,1,1,1,0.5,0.75,0.75,0,-669.413,0,-6236.4525,-6236.4525,0.0,18058.1,0,21351.9024,0.0,0.5475127656610599,0.5475127656610599,0.0,0.5475127656610599,0.5475127656610599,2046.0,2046.0,9.1627,9.1627,15.4985,15.4985,3745.9269,8608.8614,121.4158,11806.7912,0,3745.9269,8608.8614,0,6118.3358,0
266,266,35,3.2,550,244,0,1,1,1,1,0.5,0.75,0.75,0,-669.413,0,-4958.7129,-4958.7129,0.0,18058.1,0,21351.9024,0.0,0.5475127656610599,0.5475127656610599,0.0,0.5475127656610599,0.5475127656610599,2046.0,2046.0,9.1627,9.1627,15.4985,15.4985,3745.9269,8608.8614,121.4158,11806.7912,0,3745.9269,8608.8614,0,7396.0754,0
267,267,40,3.2,550,244,0,1,1,1,1,0.5,0.75,0.75,0,-669.413,0,-3680.9733,-3680.9733,0.0,18058.1,0,21351.9024,0.0,0.5475127656610599,0.5475127656610599,0.0,0.5475127656610599,0.5475127656610599,2046.0,2046.0,9.1627,9.1627,15.4985,15.4985,3745.9269,8608.8614,121.4158,11806.7912,0,3745.9269,8608.8614,0,8673.815,0
268,268,45,3.2,550,244,0,1,1,1,1,0.5,0.75,0.75,0,-669.413,0,-2403.2337,-2403.2337,0.0,18058.1,0,21351.9024,0.0,0.5475127656610599,0.5475127656610599,0.0,0.5475127656610599,0.5475127656610599,2046.0,2046.0,9.1627,9.1627,15.4985,15.4985,3745.9269,8608.8614,121.4158,11806.7912,0,3745.9269,8608.8614,0,9951.5547,0
269,269,50,3.2,550,244,0,1,1,1,1,0.5,0.75,0.75,0,-669.413,0,-1135.1333,-1135.1333,0.0,18058.1,0,21351.9024,0.0,0.5475127656610599,0.5475127656610599,0.0,0.5475127656610599,0.5475127656610599,2046.0,2046.0,9.1627,9.1627,15.4985,15.4985,3745.9269,8608.8614,121.4158,11806.7912,0,3745.9269,8608.8614,9.6393,11229.2943,0
270,270,55,3.2,550,244,0,1,1,1,1,0.5,0.75,0.75,0,-669.413,0,-84.3361,-84.3361,0.017684467364571858,18058.1,0,21351.9024,0.0,0.5475127656610599,0.5475127656610599,0.0,0.5475127656610599,0.5475127656610599,2046.0,2046.0,9.1627,9.1627,15.4985,15.4985,3745.9269,8608.8614,121.4158,11806.7912,0,3745.9269,8608.8614,236.5817,12507.0339,0
271,271,60,3.2,550,244,0,1,1,1,1,0.5,0.75,0.75,0,-669.413,0,892.1123,892.1123,0.1661035189204019,18058.1,0,21351.9024,0.0,0.5475127656610599,0.5475127656610599,0.0,0.5475127656610599,0.5475127656610599,2046.0,2046.0,9.1627,9.1627,15.4985,15.4985,3745.9269,8608.8614,121.4158,11806.7912,0,3745.9269,8608.8614,537.8729,13784.7735,0
272,272,25,3.2,550,244,0,0,1,1,1,0.6,0.75,0.75,0,4090.8919,0,-1337.8426,-1337.8426,0.0,6378.1,0,21351.9024,0.0,0.5475127656610599,0.5475127656610599,0.0,0.5475127656610599,0.5475127656610599,2046.0,2046.0,9.1627,9.1627,4.3792,4.3792,3745.9269,2432.5119,1537.4604,11806.7912,0,3745.9269,2432.5119,0,4840.5962,0
273,273,30,3.2,550,244,0,0,1,1,1,0.6,0.75,0.75,0,4090.8919,0,-115.6719,-115.6719,0.0,6378.1,0,21351.9024,0.0,0.5475127656610599,0.5475127656610599,0.0,0.5475127656610599,0.5475127656610599,2046.0,2046.0,9.1627,9.1627,4.3792,4.3792,3745.9269,2432.5119,1537.4604,11806.7912,0,3745.9269,2432.5119,55.5689,6118.3358,0
274,274,35,3.2,550,244,0,0,1,1,1,0.6,0.75,0.75,0,4090.8919,0,903.7515,903.7515,0.500467166217031,6378.1,0,21351.9024,0.0,0.5475127656610599,0.5475127656610599,0.0,0.5475127656610599,0.5475127656610599,2046.0,2046.0,9.1627,9.1627,4.3792,4.3792,3745.9269,2432.5119,1537.4604,11806.7912,0,3745.9269,2432.5119,313.8851,7396.0754,0
275,275,40,3.2,550,244,0,0,1,1,1,0.6,0.75,0.75,0,4090.8919,0,1862.5947,1862.5947,1.0256375792232533,6378.1,0,21351.9024,0.0,0.5475127656610599,0.5475127656610599,0.0,0.5475127656610599,0.5475127656610599,2046.0,2046.0,9.1627,9.1627,4.3792,4.3792,3745.9269,2432.5119,1537.4604,11806.7912,0,3745.9269,2432.5119,632.7815,8673.815,0
276,276,45,3.2,550,244,0,0,1,1,1,0.6,0.75,0.75,0,4090.8919,0,2778.183,2778.183,1.5508079922294749,6378.1,0,21351.9024,0.0,0.5475127656610599,0.5475127656610599,0.0,0.5475127656610599,0.5475127656610599,2046.0,2046.0,9.1627,9.1627,4.3792,4.3792,3745.9269,2432.5119,1537.4604,11806.7912,0,3745.9269,2432.5119,994.9328,9951.5547,0
277,277,50,3.2,550,244,0,0,1,1,1,0.6,0.75,0.75,0,4090.8919,0,3684.1086,3684.1086,2.075978405235697,6378.1,0,21351.9024,0.0,0.5475127656610599,0.5475127656610599,0.0,0.5475127656610599,0.5475127656610599,2046.0,2046.0,9.1627,9.1627,4.3792,4.3792,3745.9269,2432.5119,1537.4604,11806.7912,0,3745.9269,2432.5119,1366.7468,11229.2943,0
278,278,55,3.2,550,244,0,0,1,1,1,0.6,0.75,0.75,0,4090.8919,0,4584.0212,4584.0212,2.60114881824192,6378.1,0,21351.9024,0.0,0.5475127656610599,0.5475127656610599,0.0,0.5475127656610599,0.5475127656610599,2046.0,2046.0,9.1627,9.1627,4.3792,4.3792,3745.9269,2432.5119,1537.4604,11806.7912,0,3745.9269,2432.5119,1744.5738,12507.0339,0
279,279,60,3.2,550,244,0,0,1,1,1,0.6,0.75,0.75,0,4090.8919,0,5483.4811,5483.4811,3.1263192312481416,6378.1,0,21351.9024,0.0,0.5475127656610599,0.5475127656610599,0.0,0.5475127656610599,0.5475127656610599,2046.0,2046.0,9.1627,9.1627,4.3792,4.3792,3745.9269,2432.5119,1537.4604,11806.7912,0,3745.9269,2432.5119,2122.8536,13784.7735,0
280,280,25,3.2,550,244,0,1,1,1,1,0.6,0.75,0.75,0,1052.3593,0,-5792.4198,-5792.4198,0.0,18058.1,0,21351.9024,0.0,0.5475127656610599,0.5475127656610599,0.0,0.5475127656610599,0.5475127656610599,2046.0,2046.0,9.1627,9.1627,12.3988,12.3988,3745.9269,6887.0891,121.4158,11806.7912,0,3745.9269,6887.0891,0,4840.5962,0
281,281,30,3.2,550,244,0,1,1,1,1,0.6,0.75,0.75,0,1052.3593,0,-4514.6802,-4514.6802,0.0,18058.1,0,21351.9024,0.0,0.5475127656610599,0.5475127656610599,0.0,0.5475127656610599,0.5475127656610599,2046.0,2046.0,9.1627,9.1627,12.3988,12.3988,3745.9269,6887.0891,121.4158,11806.7912,0,3745.9269,6887.0891,0,6118.3358,0
282,282,35,3.2,550,244,0,1,1,1,1,0.6,0.75,0.75,0,1052.3593,0,-3236.9406,-3236.9406,0.0,18058.1,0,21351.9024,0.0,0.5475127656610599,0.5475127656610599,0.0,0.5475127656610599,0.5475127656610599,2046.0,2046.0,9.1627,9.1627,12.3988,12.3988,3745.9269,6887.0891,121.4158,11806.7912,0,3745.9269,6887.0891,0,7396.0754,0
283,283,40,3.2,550,244,0,1,1,1,1,0.6,0.75,0.75,0,1052.3593,0,-1959.201,-1959.201,0.0,18058.1,0,21351.9024,0.0,0.5475127656610599,0.5475127656610599,0.0,0.5475127656610599,0.5475127656610599,2046.0,2046.0,9.1627,9.1627,12.3988,12.3988,3745.9269,6887.0891,121.4158,11806.7912,0,3745.9269,6887.0891,0,8673.815,0
284,284,45,3.2,550,244,0,1,1,1,1,0.6,0.75,0.75,0,1052.3593,0,-681.4614,-681.4614,0.0,18058.1,0,21351.9024,0.0,0.5475127656610599,0.5475127656610599,0.0,0.5475127656610599,0.5475127656610599,2046.0,2046.0,9.1627,9.1627,12.3988,12.3988,3745.9269,6887.0891,121.4158,11806.7912,0,3745.9269,6887.0891,0,9951.5547,0
285,285,50,3.2,550,244,0,1,1,1,1,0.6,0.75,0.75,0,1052.3593,0,586.6389,586.6389,0.08658025889110554,18058.1,0,21351.9024,0.0,0.5475127656610599,0.5475127656610599,0.0,0.5475127656610599,0.5475127656610599,2046.0,2046.0,9.1627,9.1627,12.3988,12.3988,3745.9269,6887.0891,121.4158,11806.7912,0,3745.9269,6887.0891,9.6393,11229.2943,0
286,286,55,3.2,550,244,0,1,1,1,1,0.6,0.75,0.75,0,1052.3593,0,1637.4361,1637.4361,0.27210946098841055,18058.1,0,21351.9024,0.0,0.5475127656610599,0.5475127656610599,0.0,0.5475127656610599,0.5475127656610599,2046.0,2046.0,9.1627,9.1627,12.3988,12.3988,3745.9269,6887.0891,121.4158,11806.7912,0,3745.9269,6887.0891,236.5817,12507.0339,0
287,287,60,3.2,550,244,0,1,1,1,1,0.6,0.75,0.75,0,1052.3593,0,2613.8846,2613.8846,0.4576386630857154,18058.1,0,21351.9024,0.0,0.5475127656610599,0.5475127656610599,0.0,0.5475127656610599,0.5475127656610599,2046.0,2046.0,9.1627,9.1627,12.3988,12.3988,3745.9269,6887.0891,121.4158,11806.7912,0,3745.9269,6887.0891,537.8729,13784.7735,0
