,ID,E_Brent,NE_C1,M1_C1,M2_C1,SW_C1,costo_gel,VPN_Basica_porta,VPN_incremental_porta,VPN_Basica,VPN_incremental,VPN_Total,EFI_INCREMENTAL,capex,opex_basica,opex_incremental,volumen_B_LE,volumen_I_LE,volumen_T_LE,volumen_B_LE_p,volumen_I_LE_p,volumen_T_LE_p,LE_year_p,LE_year_b,lc_p,lc_b,dc_p,dc_b,opex_ing_p,capex_ing_p,impuesto_ing_p,ingreso_ing_p,abandono_ing_p,opex_ing_b,capex_ing_b,impuesto_ing_b,ingreso_ing_b,abandono_ing_b
0,0,20,0,0,0,0,4.2,0,0,0,0,0,0.0,0,0,0,0.0,0.0,0.0,0.0,0.0,0.0,2022.0,2022.0,0,0,0,0,0,0,0,0,0,0,0,0,0,0
1,1,25,0,0,0,0,4.2,0,0,0,0,0,0.0,0,0,0,0.0,0.0,0.0,0.0,0.0,0.0,2022.0,2022.0,0,0,0,0,0,0,0,0,0,0,0,0,0,0
2,2,30,0,0,0,0,4.2,0,0,0,0,0,0.0,0,0,0,0.0,0.0,0.0,0.0,0.0,0.0,2022.0,2022.0,0,0,0,0,0,0,0,0,0,0,0,0,0,0
3,3,35,0,0,0,0,4.2,0,0,0,0,0,0.0,0,0,0,0.0,0.0,0.0,0.0,0.0,0.0,2022.0,2022.0,0,0,0,0,0,0,0,0,0,0,0,0,0,0
4,4,40,0,0,0,0,4.2,0,0,0,0,0,0.0,0,0,0,0.0,0.0,0.0,0.0,0.0,0.0,2022.0,2022.0,0,0,0,0,0,0,0,0,0,0,0,0,0,0
5,5,45,0,0,0,0,4.2,0,0,0,0,0,0.0,0,0,0,0.0,0.0,0.0,0.0,0.0,0.0,2022.0,2022.0,0,0,0,0,0,0,0,0,0,0,0,0,0,0
6,6,50,0,0,0,0,4.2,0,0,0,0,0,0.0,0,0,0,0.0,0.0,0.0,0.0,0.0,0.0,2022.0,2022.0,0,0,0,0,0,0,0,0,0,0,0,0,0,0
7,7,55,0,0,0,0,4.2,0,0,0,0,0,0.0,0,0,0,0.0,0.0,0.0,0.0,0.0,0.0,2022.0,2022.0,0,0,0,0,0,0,0,0,0,0,0,0,0,0
8,8,60,0,0,0,0,4.2,0,0,0,0,0,0.0,0,0,0,0.0,0.0,0.0,0.0,0.0,0.0,2022.0,2022.0,0,0,0,0,0,0,0,0,0,0,0,0,0,0
9,9,20,0,0,0,1,4.2,0,1699.3736,0,589.0628,589.0628,42.13371347725064,42.0627,0,25.3271,0.0,0.12814106038833334,0.12814106038833334,0.0,0.12814106038833334,0.12814106038833334,2056.0,2056.0,0.18,0.18,0.151,0.151,10.3445,20.0526,729.4589,2459.2297,0,10.3445,20.0526,253.6114,873.0714,0
10,10,25,0,0,0,1,4.2,0,1699.3736,0,774.1146,774.1146,55.35169910608905,42.0627,0,25.3271,0.0,0.12814106038833334,0.12814106038833334,0.0,0.12814106038833334,0.12814106038833334,2056.0,2056.0,0.18,0.18,0.151,0.151,10.3445,20.0526,729.4589,2459.2297,0,10.3445,20.0526,332.9194,1137.4311,0
11,11,30,0,0,0,1,4.2,0,1699.3736,0,959.1664,959.1664,68.56968473492745,42.0627,0,25.3271,0.0,0.12814106038833334,0.12814106038833334,0.0,0.12814106038833334,0.12814106038833334,2056.0,2056.0,0.18,0.18,0.151,0.151,10.3445,20.0526,729.4589,2459.2297,0,10.3445,20.0526,412.2273,1401.7908,0
12,12,35,0,0,0,1,4.2,0,1699.3736,0,1144.2182,1144.2182,81.78767036376584,42.0627,0,25.3271,0.0,0.12814106038833334,0.12814106038833334,0.0,0.12814106038833334,0.12814106038833334,2056.0,2056.0,0.18,0.18,0.151,0.151,10.3445,20.0526,729.4589,2459.2297,0,10.3445,20.0526,491.5352,1666.1505,0
13,13,40,0,0,0,1,4.2,0,1699.3736,0,1329.27,1329.27,95.00565599260426,42.0627,0,25.3271,0.0,0.12814106038833334,0.12814106038833334,0.0,0.12814106038833334,0.12814106038833334,2056.0,2056.0,0.18,0.18,0.151,0.151,10.3445,20.0526,729.4589,2459.2297,0,10.3445,20.0526,570.8431,1930.5103,0
14,14,45,0,0,0,1,4.2,0,1699.3736,0,1514.3218,1514.3218,108.2236416214427,42.0627,0,25.3271,0.0,0.12814106038833334,0.12814106038833334,0.0,0.12814106038833334,0.12814106038833334,2056.0,2056.0,0.18,0.18,0.151,0.151,10.3445,20.0526,729.4589,2459.2297,0,10.3445,20.0526,650.151,2194.87,0
15,15,50,0,0,0,1,4.2,0,1699.3736,0,1699.3736,1699.3736,121.44162725028116,42.0627,0,25.3271,0.0,0.12814106038833334,0.12814106038833334,0.0,0.12814106038833334,0.12814106038833334,2056.0,2056.0,0.18,0.18,0.151,0.151,10.3445,20.0526,729.4589,2459.2297,0,10.3445,20.0526,729.4589,2459.2297,0
16,16,55,0,0,0,1,4.2,0,1699.3736,0,1884.4254,1884.4254,134.6596128791195,42.0627,0,25.3271,0.0,0.12814106038833334,0.12814106038833334,0.0,0.12814106038833334,0.12814106038833334,2056.0,2056.0,0.18,0.18,0.151,0.151,10.3445,20.0526,729.4589,2459.2297,0,10.3445,20.0526,808.7668,2723.5894,0
17,17,60,0,0,0,1,4.2,0,1699.3736,0,2069.4772,2069.4772,147.8775985079579,42.0627,0,25.3271,0.0,0.12814106038833334,0.12814106038833334,0.0,0.12814106038833334,0.12814106038833334,2056.0,2056.0,0.18,0.18,0.151,0.151,10.3445,20.0526,729.4589,2459.2297,0,10.3445,20.0526,888.0748,2987.9491,0
18,18,20,0,0,1,0,4.2,0,1681.2782,0,534.7616,534.7616,6.424007381041774,252.3764,0,25.3271,0.0,0.13231957322708338,0.13231957322708338,0.0,0.13231957322708338,0.13231957322708338,2056.0,2056.0,0.18,0.18,0.906,0.906,10.3445,120.3157,727.4835,2539.4219,0,10.3445,120.3157,236.1193,901.5411,0
19,19,25,0,0,1,0,4.2,0,1681.2782,0,725.8477,725.8477,8.698841864265775,252.3764,0,25.3271,0.0,0.13231957322708338,0.13231957322708338,0.0,0.13231957322708338,0.13231957322708338,2056.0,2056.0,0.18,0.18,0.906,0.906,10.3445,120.3157,727.4835,2539.4219,0,10.3445,120.3157,318.0133,1174.5213,0
20,20,30,0,0,1,0,4.2,0,1681.2782,0,916.9338,916.9338,10.973676347489778,252.3764,0,25.3271,0.0,0.13231957322708338,0.13231957322708338,0.0,0.13231957322708338,0.13231957322708338,2056.0,2056.0,0.18,0.18,0.906,0.906,10.3445,120.3157,727.4835,2539.4219,0,10.3445,120.3157,399.9074,1447.5014,0
21,21,35,0,0,1,0,4.2,0,1681.2782,0,1108.0199,1108.0199,13.248510830713787,252.3764,0,25.3271,0.0,0.13231957322708338,0.13231957322708338,0.0,0.13231957322708338,0.13231957322708338,2056.0,2056.0,0.18,0.18,0.906,0.906,10.3445,120.3157,727.4835,2539.4219,0,10.3445,120.3157,481.8014,1720.4815,0
22,22,40,0,0,1,0,4.2,0,1681.2782,0,1299.106,1299.106,15.523345313937785,252.3764,0,25.3271,0.0,0.13231957322708338,0.13231957322708338,0.0,0.13231957322708338,0.13231957322708338,2056.0,2056.0,0.18,0.18,0.906,0.906,10.3445,120.3157,727.4835,2539.4219,0,10.3445,120.3157,563.6954,1993.4617,0
23,23,45,0,0,1,0,4.2,0,1681.2782,0,1490.1921,1490.1921,17.798179797161783,252.3764,0,25.3271,0.0,0.13231957322708338,0.13231957322708338,0.0,0.13231957322708338,0.13231957322708338,2056.0,2056.0,0.18,0.18,0.906,0.906,10.3445,120.3157,727.4835,2539.4219,0,10.3445,120.3157,645.5895,2266.4418,0
24,24,50,0,0,1,0,4.2,0,1681.2782,0,1681.2782,1681.2782,20.07301428038579,252.3764,0,25.3271,0.0,0.13231957322708338,0.13231957322708338,0.0,0.13231957322708338,0.13231957322708338,2056.0,2056.0,0.18,0.18,0.906,0.906,10.3445,120.3157,727.4835,2539.4219,0,10.3445,120.3157,727.4835,2539.4219,0
25,25,55,0,0,1,0,4.2,0,1681.2782,0,1872.3643,1872.3643,22.347848763609797,252.3764,0,25.3271,0.0,0.13231957322708338,0.13231957322708338,0.0,0.13231957322708338,0.13231957322708338,2056.0,2056.0,0.18,0.18,0.906,0.906,10.3445,120.3157,727.4835,2539.4219,0,10.3445,120.3157,809.3776,2812.4021,0
26,26,60,0,0,1,0,4.2,0,1681.2782,0,2063.4504,2063.4504,24.62268324683379,252.3764,0,25.3271,0.0,0.13231957322708338,0.13231957322708338,0.0,0.13231957322708338,0.13231957322708338,2056.0,2056.0,0.18,0.18,0.906,0.906,10.3445,120.3157,727.4835,2539.4219,0,10.3445,120.3157,891.2716,3085.3822,0
27,27,20,0,0,1,1,4.2,0,3380.6518,0,1123.8244,1123.8244,11.525393966214466,294.4391,0,50.6541,0.0,0.26046063361541666,0.26046063361541666,0.0,0.26046063361541666,0.26046063361541666,2056.0,2056.0,0.18,0.18,0.5285,0.5285,20.689,140.3683,1456.9425,4998.6516,0,20.689,140.3683,489.7307,1774.6125,0
28,28,25,0,0,1,1,4.2,0,3380.6518,0,1499.9623,1499.9623,15.363535755954809,294.4391,0,50.6541,0.0,0.26046063361541666,0.26046063361541666,0.0,0.26046063361541666,0.26046063361541666,2056.0,2056.0,0.18,0.18,0.5285,0.5285,20.689,140.3683,1456.9425,4998.6516,0,20.689,140.3683,650.9327,2311.9524,0
29,29,30,0,0,1,1,4.2,0,3380.6518,0,1876.1002,1876.1002,19.20167754569516,294.4391,0,50.6541,0.0,0.26046063361541666,0.26046063361541666,0.0,0.26046063361541666,0.26046063361541666,2056.0,2056.0,0.18,0.18,0.5285,0.5285,20.689,140.3683,1456.9425,4998.6516,0,20.689,140.3683,812.1346,2849.2922,0
30,30,35,0,0,1,1,4.2,0,3380.6518,0,2252.2381,2252.2381,23.039819335435503,294.4391,0,50.6541,0.0,0.26046063361541666,0.26046063361541666,0.0,0.26046063361541666,0.26046063361541666,2056.0,2056.0,0.18,0.18,0.5285,0.5285,20.689,140.3683,1456.9425,4998.6516,0,20.689,140.3683,973.3366,3386.6321,0
31,31,40,0,0,1,1,4.2,0,3380.6518,0,2628.376,2628.376,26.877961125175855,294.4391,0,50.6541,0.0,0.26046063361541666,0.26046063361541666,0.0,0.26046063361541666,0.26046063361541666,2056.0,2056.0,0.18,0.18,0.5285,0.5285,20.689,140.3683,1456.9425,4998.6516,0,20.689,140.3683,1134.5385,3923.9719,0
32,32,45,0,0,1,1,4.2,0,3380.6518,0,3004.5139,3004.5139,30.716102914916206,294.4391,0,50.6541,0.0,0.26046063361541666,0.26046063361541666,0.0,0.26046063361541666,0.26046063361541666,2056.0,2056.0,0.18,0.18,0.5285,0.5285,20.689,140.3683,1456.9425,4998.6516,0,20.689,140.3683,1295.7405,4461.3118,0
33,33,50,0,0,1,1,4.2,0,3380.6518,0,3380.6518,3380.6518,34.554244704656554,294.4391,0,50.6541,0.0,0.26046063361541666,0.26046063361541666,0.0,0.26046063361541666,0.26046063361541666,2056.0,2056.0,0.18,0.18,0.5285,0.5285,20.689,140.3683,1456.9425,4998.6516,0,20.689,140.3683,1456.9425,4998.6516,0
34,34,55,0,0,1,1,4.2,0,3380.6518,0,3756.7897,3756.7897,38.3923864943969,294.4391,0,50.6541,0.0,0.26046063361541666,0.26046063361541666,0.0,0.26046063361541666,0.26046063361541666,2056.0,2056.0,0.18,0.18,0.5285,0.5285,20.689,140.3683,1456.9425,4998.6516,0,20.689,140.3683,1618.1444,5535.9915,0
35,35,60,0,0,1,1,4.2,0,3380.6518,0,4132.9276,4132.9276,42.23052828413724,294.4391,0,50.6541,0.0,0.26046063361541666,0.26046063361541666,0.0,0.26046063361541666,0.26046063361541666,2056.0,2056.0,0.18,0.18,0.5285,0.5285,20.689,140.3683,1456.9425,4998.6516,0,20.689,140.3683,1779.3464,6073.3313,0
36,36,20,0,1,0,0,4.2,0,1651.5862,0,505.0696,505.0696,4.567347777259684,336.5019,0,25.3271,0.0,0.13231957322708338,0.13231957322708338,0.0,0.13231957322708338,0.13231957322708338,2056.0,2056.0,0.18,0.18,1.208,1.208,10.3445,160.421,717.0703,2539.4219,0,10.3445,160.421,225.706,901.5411,0
37,37,25,0,1,0,0,4.2,0,1651.5862,0,696.1557,696.1557,6.273473639677688,336.5019,0,25.3271,0.0,0.13231957322708338,0.13231957322708338,0.0,0.13231957322708338,0.13231957322708338,2056.0,2056.0,0.18,0.18,1.208,1.208,10.3445,160.421,717.0703,2539.4219,0,10.3445,160.421,307.6001,1174.5213,0
38,38,30,0,1,0,0,4.2,0,1651.5862,0,887.2418,887.2418,7.979599502095688,336.5019,0,25.3271,0.0,0.13231957322708338,0.13231957322708338,0.0,0.13231957322708338,0.13231957322708338,2056.0,2056.0,0.18,0.18,1.208,1.208,10.3445,160.421,717.0703,2539.4219,0,10.3445,160.421,389.4941,1447.5014,0
39,39,35,0,1,0,0,4.2,0,1651.5862,0,1078.3279,1078.3279,9.685725364513694,336.5019,0,25.3271,0.0,0.13231957322708338,0.13231957322708338,0.0,0.13231957322708338,0.13231957322708338,2056.0,2056.0,0.18,0.18,1.208,1.208,10.3445,160.421,717.0703,2539.4219,0,10.3445,160.421,471.3882,1720.4815,0
40,40,40,0,1,0,0,4.2,0,1651.5862,0,1269.414,1269.414,11.391851226931692,336.5019,0,25.3271,0.0,0.13231957322708338,0.13231957322708338,0.0,0.13231957322708338,0.13231957322708338,2056.0,2056.0,0.18,0.18,1.208,1.208,10.3445,160.421,717.0703,2539.4219,0,10.3445,160.421,553.2822,1993.4617,0
41,41,45,0,1,0,0,4.2,0,1651.5862,0,1460.5001,1460.5001,13.097977089349692,336.5019,0,25.3271,0.0,0.13231957322708338,0.13231957322708338,0.0,0.13231957322708338,0.13231957322708338,2056.0,2056.0,0.18,0.18,1.208,1.208,10.3445,160.421,717.0703,2539.4219,0,10.3445,160.421,635.1762,2266.4418,0
42,42,50,0,1,0,0,4.2,0,1651.5862,0,1651.5862,1651.5862,14.804102951767698,336.5019,0,25.3271,0.0,0.13231957322708338,0.13231957322708338,0.0,0.13231957322708338,0.13231957322708338,2056.0,2056.0,0.18,0.18,1.208,1.208,10.3445,160.421,717.0703,2539.4219,0,10.3445,160.421,717.0703,2539.4219,0
43,43,55,0,1,0,0,4.2,0,1651.5862,0,1842.6723,1842.6723,16.5102288141857,336.5019,0,25.3271,0.0,0.13231957322708338,0.13231957322708338,0.0,0.13231957322708338,0.13231957322708338,2056.0,2056.0,0.18,0.18,1.208,1.208,10.3445,160.421,717.0703,2539.4219,0,10.3445,160.421,798.9643,2812.4021,0
44,44,60,0,1,0,0,4.2,0,1651.5862,0,2033.7584,2033.7584,18.216354676603697,336.5019,0,25.3271,0.0,0.13231957322708338,0.13231957322708338,0.0,0.13231957322708338,0.13231957322708338,2056.0,2056.0,0.18,0.18,1.208,1.208,10.3445,160.421,717.0703,2539.4219,0,10.3445,160.421,880.8584,3085.3822,0
45,45,20,0,1,0,1,4.2,0,3350.9598,0,1094.1324,1094.1324,8.74138841059201,378.5646,0,50.6541,0.0,0.26046063361541666,0.26046063361541666,0.0,0.26046063361541666,0.26046063361541666,2056.0,2056.0,0.18,0.18,0.6795,0.6795,20.689,180.4736,1446.5292,4998.6516,0,20.689,180.4736,479.3175,1774.6125,0
46,46,25,0,1,0,1,4.2,0,3350.9598,0,1470.2703,1470.2703,11.726609802612273,378.5646,0,50.6541,0.0,0.26046063361541666,0.26046063361541666,0.0,0.26046063361541666,0.26046063361541666,2056.0,2056.0,0.18,0.18,0.6795,0.6795,20.689,180.4736,1446.5292,4998.6516,0,20.689,180.4736,640.5194,2311.9524,0
47,47,30,0,1,0,1,4.2,0,3350.9598,0,1846.4082,1846.4082,14.71183119463255,378.5646,0,50.6541,0.0,0.26046063361541666,0.26046063361541666,0.0,0.26046063361541666,0.26046063361541666,2056.0,2056.0,0.18,0.18,0.6795,0.6795,20.689,180.4736,1446.5292,4998.6516,0,20.689,180.4736,801.7214,2849.2922,0
48,48,35,0,1,0,1,4.2,0,3350.9598,0,2222.5461,2222.5461,17.697052586652816,378.5646,0,50.6541,0.0,0.26046063361541666,0.26046063361541666,0.0,0.26046063361541666,0.26046063361541666,2056.0,2056.0,0.18,0.18,0.6795,0.6795,20.689,180.4736,1446.5292,4998.6516,0,20.689,180.4736,962.9234,3386.6321,0
49,49,40,0,1,0,1,4.2,0,3350.9598,0,2598.684,2598.684,20.68227397867309,378.5646,0,50.6541,0.0,0.26046063361541666,0.26046063361541666,0.0,0.26046063361541666,0.26046063361541666,2056.0,2056.0,0.18,0.18,0.6795,0.6795,20.689,180.4736,1446.5292,4998.6516,0,20.689,180.4736,1124.1253,3923.9719,0
50,50,45,0,1,0,1,4.2,0,3350.9598,0,2974.8219,2974.8219,23.667495370693363,378.5646,0,50.6541,0.0,0.26046063361541666,0.26046063361541666,0.0,0.26046063361541666,0.26046063361541666,2056.0,2056.0,0.18,0.18,0.6795,0.6795,20.689,180.4736,1446.5292,4998.6516,0,20.689,180.4736,1285.3273,4461.3118,0
51,51,50,0,1,0,1,4.2,0,3350.9598,0,3350.9598,3350.9598,26.652716762713634,378.5646,0,50.6541,0.0,0.26046063361541666,0.26046063361541666,0.0,0.26046063361541666,0.26046063361541666,2056.0,2056.0,0.18,0.18,0.6795,0.6795,20.689,180.4736,1446.5292,4998.6516,0,20.689,180.4736,1446.5292,4998.6516,0
52,52,55,0,1,0,1,4.2,0,3350.9598,0,3727.0977,3727.0977,29.637938154733906,378.5646,0,50.6541,0.0,0.26046063361541666,0.26046063361541666,0.0,0.26046063361541666,0.26046063361541666,2056.0,2056.0,0.18,0.18,0.6795,0.6795,20.689,180.4736,1446.5292,4998.6516,0,20.689,180.4736,1607.7312,5535.9915,0
53,53,60,0,1,0,1,4.2,0,3350.9598,0,4103.2356,4103.2356,32.623159546754174,378.5646,0,50.6541,0.0,0.26046063361541666,0.26046063361541666,0.0,0.26046063361541666,0.26046063361541666,2056.0,2056.0,0.18,0.18,0.6795,0.6795,20.689,180.4736,1446.5292,4998.6516,0,20.689,180.4736,1768.9331,6073.3313,0
54,54,20,0,1,1,0,4.2,0,3332.8644,0,1039.8312,1039.8312,5.343973416678158,588.8782,0,50.6541,0.0,0.26463914645416675,0.26463914645416675,0.0,0.26463914645416675,0.26463914645416675,2056.0,2056.0,0.18,0.18,1.057,1.057,20.689,280.7367,1444.5538,5078.8439,0,20.689,280.7367,461.8253,1803.0822,0
55,55,25,0,1,1,0,4.2,0,3332.8644,0,1422.0034,1422.0034,7.286892548257379,588.8782,0,50.6541,0.0,0.26463914645416675,0.26463914645416675,0.0,0.26463914645416675,0.26463914645416675,2056.0,2056.0,0.18,0.18,1.057,1.057,20.689,280.7367,1444.5538,5078.8439,0,20.689,280.7367,625.6134,2349.0425,0
56,56,30,0,1,1,0,4.2,0,3332.8644,0,1804.1756,1804.1756,9.229811679836596,588.8782,0,50.6541,0.0,0.26463914645416675,0.26463914645416675,0.0,0.26463914645416675,0.26463914645416675,2056.0,2056.0,0.18,0.18,1.057,1.057,20.689,280.7367,1444.5538,5078.8439,0,20.689,280.7367,789.4015,2895.0028,0
57,57,35,0,1,1,0,4.2,0,3332.8644,0,2186.3478,2186.3478,11.17273081141582,588.8782,0,50.6541,0.0,0.26463914645416675,0.26463914645416675,0.0,0.26463914645416675,0.26463914645416675,2056.0,2056.0,0.18,0.18,1.057,1.057,20.689,280.7367,1444.5538,5078.8439,0,20.689,280.7367,953.1896,3440.9631,0
58,58,40,0,1,1,0,4.2,0,3332.8644,0,2568.52,2568.52,13.115649942995034,588.8782,0,50.6541,0.0,0.26463914645416675,0.26463914645416675,0.0,0.26463914645416675,0.26463914645416675,2056.0,2056.0,0.18,0.18,1.057,1.057,20.689,280.7367,1444.5538,5078.8439,0,20.689,280.7367,1116.9777,3986.9233,0
59,59,45,0,1,1,0,4.2,0,3332.8644,0,2950.6922,2950.6922,15.058569074574255,588.8782,0,50.6541,0.0,0.26463914645416675,0.26463914645416675,0.0,0.26463914645416675,0.26463914645416675,2056.0,2056.0,0.18,0.18,1.057,1.057,20.689,280.7367,1444.5538,5078.8439,0,20.689,280.7367,1280.7657,4532.8836,0
60,60,50,0,1,1,0,4.2,0,3332.8644,0,3332.8644,3332.8644,17.001488206153475,588.8782,0,50.6541,0.0,0.26463914645416675,0.26463914645416675,0.0,0.26463914645416675,0.26463914645416675,2056.0,2056.0,0.18,0.18,1.057,1.057,20.689,280.7367,1444.5538,5078.8439,0,20.689,280.7367,1444.5538,5078.8439,0
61,61,55,0,1,1,0,4.2,0,3332.8644,0,3715.0366,3715.0366,18.944407337732695,588.8782,0,50.6541,0.0,0.26463914645416675,0.26463914645416675,0.0,0.26463914645416675,0.26463914645416675,2056.0,2056.0,0.18,0.18,1.057,1.057,20.689,280.7367,1444.5538,5078.8439,0,20.689,280.7367,1608.3419,5624.8042,0
62,62,60,0,1,1,0,4.2,0,3332.8644,0,4097.2088,4097.2088,20.88732646931191,588.8782,0,50.6541,0.0,0.26463914645416675,0.26463914645416675,0.0,0.26463914645416675,0.26463914645416675,2056.0,2056.0,0.18,0.18,1.057,1.057,20.689,280.7367,1444.5538,5078.8439,0,20.689,280.7367,1772.13,6170.7644,0
63,63,20,0,1,1,1,4.2,0,5032.238,0,1628.894,1628.894,7.788474417380644,630.941,0,75.9812,0.0,0.3927802068424999,0.3927802068424999,0.0,0.3927802068424999,0.3927802068424999,2056.0,2056.0,0.18,0.18,0.755,0.755,31.0335,300.7893,2174.0127,7538.0736,0,31.0335,300.7893,715.4368,2676.1536,0
64,64,25,0,1,1,1,4.2,0,5032.238,0,2196.118,2196.118,10.480567402598348,630.941,0,75.9812,0.0,0.3927802068424999,0.3927802068424999,0.0,0.3927802068424999,0.3927802068424999,2056.0,2056.0,0.18,0.18,0.755,0.755,31.0335,300.7893,2174.0127,7538.0736,0,31.0335,300.7893,958.5328,3486.4736,0
65,65,30,0,1,1,1,4.2,0,5032.238,0,2763.342,2763.342,13.172660387816054,630.941,0,75.9812,0.0,0.3927802068424999,0.3927802068424999,0.0,0.3927802068424999,0.3927802068424999,2056.0,2056.0,0.18,0.18,0.755,0.755,31.0335,300.7893,2174.0127,7538.0736,0,31.0335,300.7893,1201.6288,4296.7936,0
66,66,35,0,1,1,1,4.2,0,5032.238,0,3330.566,3330.566,15.864753373033757,630.941,0,75.9812,0.0,0.3927802068424999,0.3927802068424999,0.0,0.3927802068424999,0.3927802068424999,2056.0,2056.0,0.18,0.18,0.755,0.755,31.0335,300.7893,2174.0127,7538.0736,0,31.0335,300.7893,1444.7248,5107.1136,0
67,67,40,0,1,1,1,4.2,0,5032.238,0,3897.79,3897.79,18.556846358251466,630.941,0,75.9812,0.0,0.3927802068424999,0.3927802068424999,0.0,0.3927802068424999,0.3927802068424999,2056.0,2056.0,0.18,0.18,0.755,0.755,31.0335,300.7893,2174.0127,7538.0736,0,31.0335,300.7893,1687.8208,5917.4336,0
68,68,45,0,1,1,1,4.2,0,5032.238,0,4465.014,4465.014,21.24893934346917,630.941,0,75.9812,0.0,0.3927802068424999,0.3927802068424999,0.0,0.3927802068424999,0.3927802068424999,2056.0,2056.0,0.18,0.18,0.755,0.755,31.0335,300.7893,2174.0127,7538.0736,0,31.0335,300.7893,1930.9168,6727.7536,0
69,69,50,0,1,1,1,4.2,0,5032.238,0,5032.238,5032.238,23.941032328686862,630.941,0,75.9812,0.0,0.3927802068424999,0.3927802068424999,0.0,0.3927802068424999,0.3927802068424999,2056.0,2056.0,0.18,0.18,0.755,0.755,31.0335,300.7893,2174.0127,7538.0736,0,31.0335,300.7893,2174.0127,7538.0736,0
70,70,55,0,1,1,1,4.2,0,5032.238,0,5599.462,5599.462,26.633125313904575,630.941,0,75.9812,0.0,0.3927802068424999,0.3927802068424999,0.0,0.3927802068424999,0.3927802068424999,2056.0,2056.0,0.18,0.18,0.755,0.755,31.0335,300.7893,2174.0127,7538.0736,0,31.0335,300.7893,2417.1087,8348.3936,0
71,71,60,0,1,1,1,4.2,0,5032.238,0,6166.686,6166.686,29.325218299122277,630.941,0,75.9812,0.0,0.3927802068424999,0.3927802068424999,0.0,0.3927802068424999,0.3927802068424999,2056.0,2056.0,0.18,0.18,0.755,0.755,31.0335,300.7893,2174.0127,7538.0736,0,31.0335,300.7893,2660.2047,9158.7135,0
72,72,20,1,0,0,0,4.2,0,1740.6622,0,594.1456,594.1456,21.277284211298486,84.1255,0,25.3271,0.0,0.13231957322708338,0.13231957322708338,0.0,0.13231957322708338,0.13231957322708338,2056.0,2056.0,0.18,0.18,0.302,0.302,10.3445,40.1052,748.31,2539.4219,0,10.3445,40.1052,256.9457,901.5411,0
73,73,25,1,0,0,0,4.2,0,1740.6622,0,785.2317,785.2317,28.1017876609705,84.1255,0,25.3271,0.0,0.13231957322708338,0.13231957322708338,0.0,0.13231957322708338,0.13231957322708338,2056.0,2056.0,0.18,0.18,0.302,0.302,10.3445,40.1052,748.31,2539.4219,0,10.3445,40.1052,338.8398,1174.5213,0
74,74,30,1,0,0,0,4.2,0,1740.6622,0,976.3178,976.3178,34.92629111064251,84.1255,0,25.3271,0.0,0.13231957322708338,0.13231957322708338,0.0,0.13231957322708338,0.13231957322708338,2056.0,2056.0,0.18,0.18,0.302,0.302,10.3445,40.1052,748.31,2539.4219,0,10.3445,40.1052,420.7338,1447.5014,0
75,75,35,1,0,0,0,4.2,0,1740.6622,0,1167.4039,1167.4039,41.75079456031453,84.1255,0,25.3271,0.0,0.13231957322708338,0.13231957322708338,0.0,0.13231957322708338,0.13231957322708338,2056.0,2056.0,0.18,0.18,0.302,0.302,10.3445,40.1052,748.31,2539.4219,0,10.3445,40.1052,502.6279,1720.4815,0
76,76,40,1,0,0,0,4.2,0,1740.6622,0,1358.49,1358.49,48.575298009986525,84.1255,0,25.3271,0.0,0.13231957322708338,0.13231957322708338,0.0,0.13231957322708338,0.13231957322708338,2056.0,2056.0,0.18,0.18,0.302,0.302,10.3445,40.1052,748.31,2539.4219,0,10.3445,40.1052,584.5219,1993.4617,0
77,77,45,1,0,0,0,4.2,0,1740.6622,0,1549.5761,1549.5761,55.39980145965852,84.1255,0,25.3271,0.0,0.13231957322708338,0.13231957322708338,0.0,0.13231957322708338,0.13231957322708338,2056.0,2056.0,0.18,0.18,0.302,0.302,10.3445,40.1052,748.31,2539.4219,0,10.3445,40.1052,666.416,2266.4418,0
78,78,50,1,0,0,0,4.2,0,1740.6622,0,1740.6622,1740.6622,62.22430490933054,84.1255,0,25.3271,0.0,0.13231957322708338,0.13231957322708338,0.0,0.13231957322708338,0.13231957322708338,2056.0,2056.0,0.18,0.18,0.302,0.302,10.3445,40.1052,748.31,2539.4219,0,10.3445,40.1052,748.31,2539.4219,0
79,79,55,1,0,0,0,4.2,0,1740.6622,0,1931.7483,1931.7483,69.04880835900255,84.1255,0,25.3271,0.0,0.13231957322708338,0.13231957322708338,0.0,0.13231957322708338,0.13231957322708338,2056.0,2056.0,0.18,0.18,0.302,0.302,10.3445,40.1052,748.31,2539.4219,0,10.3445,40.1052,830.204,2812.4021,0
80,80,60,1,0,0,0,4.2,0,1740.6622,0,2122.8344,2122.8344,75.87331180867454,84.1255,0,25.3271,0.0,0.13231957322708338,0.13231957322708338,0.0,0.13231957322708338,0.13231957322708338,2056.0,2056.0,0.18,0.18,0.302,0.302,10.3445,40.1052,748.31,2539.4219,0,10.3445,40.1052,912.0981,3085.3822,0
81,81,20,1,0,0,1,4.2,0,3440.0358,0,1183.2084,1183.2084,28.229427299949204,126.1882,0,50.6541,0.0,0.26046063361541666,0.26046063361541666,0.0,0.26046063361541666,0.26046063361541666,2056.0,2056.0,0.18,0.18,0.2265,0.2265,20.689,60.1579,1477.7689,4998.6516,0,20.689,60.1579,510.5572,1774.6125,0
82,82,25,1,0,0,1,4.2,0,3440.0358,0,1559.3463,1559.3463,37.18509147601,126.1882,0,50.6541,0.0,0.26046063361541666,0.26046063361541666,0.0,0.26046063361541666,0.26046063361541666,2056.0,2056.0,0.18,0.18,0.2265,0.2265,20.689,60.1579,1477.7689,4998.6516,0,20.689,60.1579,671.7592,2311.9524,0
83,83,30,1,0,0,1,4.2,0,3440.0358,0,1935.4842,1935.4842,46.140755652070816,126.1882,0,50.6541,0.0,0.26046063361541666,0.26046063361541666,0.0,0.26046063361541666,0.26046063361541666,2056.0,2056.0,0.18,0.18,0.2265,0.2265,20.689,60.1579,1477.7689,4998.6516,0,20.689,60.1579,832.9611,2849.2922,0
84,84,35,1,0,0,1,4.2,0,3440.0358,0,2311.6221,2311.6221,55.09641982813162,126.1882,0,50.6541,0.0,0.26046063361541666,0.26046063361541666,0.0,0.26046063361541666,0.26046063361541666,2056.0,2056.0,0.18,0.18,0.2265,0.2265,20.689,60.1579,1477.7689,4998.6516,0,20.689,60.1579,994.1631,3386.6321,0
85,85,40,1,0,0,1,4.2,0,3440.0358,0,2687.76,2687.76,64.05208400419244,126.1882,0,50.6541,0.0,0.26046063361541666,0.26046063361541666,0.0,0.26046063361541666,0.26046063361541666,2056.0,2056.0,0.18,0.18,0.2265,0.2265,20.689,60.1579,1477.7689,4998.6516,0,20.689,60.1579,1155.365,3923.9719,0
86,86,45,1,0,0,1,4.2,0,3440.0358,0,3063.8979,3063.8979,73.00774818025327,126.1882,0,50.6541,0.0,0.26046063361541666,0.26046063361541666,0.0,0.26046063361541666,0.26046063361541666,2056.0,2056.0,0.18,0.18,0.2265,0.2265,20.689,60.1579,1477.7689,4998.6516,0,20.689,60.1579,1316.567,4461.3118,0
87,87,50,1,0,0,1,4.2,0,3440.0358,0,3440.0358,3440.0358,81.96341235631408,126.1882,0,50.6541,0.0,0.26046063361541666,0.26046063361541666,0.0,0.26046063361541666,0.26046063361541666,2056.0,2056.0,0.18,0.18,0.2265,0.2265,20.689,60.1579,1477.7689,4998.6516,0,20.689,60.1579,1477.7689,4998.6516,0
88,88,55,1,0,0,1,4.2,0,3440.0358,0,3816.1737,3816.1737,90.91907653237489,126.1882,0,50.6541,0.0,0.26046063361541666,0.26046063361541666,0.0,0.26046063361541666,0.26046063361541666,2056.0,2056.0,0.18,0.18,0.2265,0.2265,20.689,60.1579,1477.7689,4998.6516,0,20.689,60.1579,1638.9709,5535.9915,0
89,89,60,1,0,0,1,4.2,0,3440.0358,0,4192.3116,4192.3116,99.87474070843568,126.1882,0,50.6541,0.0,0.26046063361541666,0.26046063361541666,0.0,0.26046063361541666,0.26046063361541666,2056.0,2056.0,0.18,0.18,0.2265,0.2265,20.689,60.1579,1477.7689,4998.6516,0,20.689,60.1579,1800.1728,6073.3313,0
90,90,20,1,0,1,0,4.2,0,3421.9404,0,1128.9072,1128.9072,10.137326588605951,336.5019,0,50.6541,0.0,0.26463914645416675,0.26463914645416675,0.0,0.26463914645416675,0.26463914645416675,2056.0,2056.0,0.18,0.18,0.604,0.604,20.689,160.421,1475.7935,5078.8439,0,20.689,160.421,493.065,1803.0822,0
91,91,25,1,0,1,0,4.2,0,3421.9404,0,1511.0794,1511.0794,13.549578313441959,336.5019,0,50.6541,0.0,0.26463914645416675,0.26463914645416675,0.0,0.26463914645416675,0.26463914645416675,2056.0,2056.0,0.18,0.18,0.604,0.604,20.689,160.421,1475.7935,5078.8439,0,20.689,160.421,656.8531,2349.0425,0
92,92,30,1,0,1,0,4.2,0,3421.9404,0,1893.2516,1893.2516,16.96183003827796,336.5019,0,50.6541,0.0,0.26463914645416675,0.26463914645416675,0.0,0.26463914645416675,0.26463914645416675,2056.0,2056.0,0.18,0.18,0.604,0.604,20.689,160.421,1475.7935,5078.8439,0,20.689,160.421,820.6412,2895.0028,0
93,93,35,1,0,1,0,4.2,0,3421.9404,0,2275.4238,2275.4238,20.37408176311397,336.5019,0,50.6541,0.0,0.26463914645416675,0.26463914645416675,0.0,0.26463914645416675,0.26463914645416675,2056.0,2056.0,0.18,0.18,0.604,0.604,20.689,160.421,1475.7935,5078.8439,0,20.689,160.421,984.4293,3440.9631,0
94,94,40,1,0,1,0,4.2,0,3421.9404,0,2657.596,2657.596,23.786333487949967,336.5019,0,50.6541,0.0,0.26463914645416675,0.26463914645416675,0.0,0.26463914645416675,0.26463914645416675,2056.0,2056.0,0.18,0.18,0.604,0.604,20.689,160.421,1475.7935,5078.8439,0,20.689,160.421,1148.2174,3986.9233,0
95,95,45,1,0,1,0,4.2,0,3421.9404,0,3039.7682,3039.7682,27.198585212785968,336.5019,0,50.6541,0.0,0.26463914645416675,0.26463914645416675,0.0,0.26463914645416675,0.26463914645416675,2056.0,2056.0,0.18,0.18,0.604,0.604,20.689,160.421,1475.7935,5078.8439,0,20.689,160.421,1312.0054,4532.8836,0
96,96,50,1,0,1,0,4.2,0,3421.9404,0,3421.9404,3421.9404,30.61083693762198,336.5019,0,50.6541,0.0,0.26463914645416675,0.26463914645416675,0.0,0.26463914645416675,0.26463914645416675,2056.0,2056.0,0.18,0.18,0.604,0.604,20.689,160.421,1475.7935,5078.8439,0,20.689,160.421,1475.7935,5078.8439,0
97,97,55,1,0,1,0,4.2,0,3421.9404,0,3804.1126,3804.1126,34.02308866245799,336.5019,0,50.6541,0.0,0.26463914645416675,0.26463914645416675,0.0,0.26463914645416675,0.26463914645416675,2056.0,2056.0,0.18,0.18,0.604,0.604,20.689,160.421,1475.7935,5078.8439,0,20.689,160.421,1639.5816,5624.8042,0
98,98,60,1,0,1,0,4.2,0,3421.9404,0,4186.2848,4186.2848,37.43534038729398,336.5019,0,50.6541,0.0,0.26463914645416675,0.26463914645416675,0.0,0.26463914645416675,0.26463914645416675,2056.0,2056.0,0.18,0.18,0.604,0.604,20.689,160.421,1475.7935,5078.8439,0,20.689,160.421,1803.3697,6170.7644,0
99,99,20,1,0,1,1,4.2,0,5121.314,0,1717.97,1717.97,13.692480687344247,378.5646,0,75.9812,0.0,0.3927802068424999,0.3927802068424999,0.0,0.3927802068424999,0.3927802068424999,2056.0,2056.0,0.18,0.18,0.453,0.453,31.0335,180.4736,2205.2525,7538.0736,0,31.0335,180.4736,746.6765,2676.1536,0
100,100,25,1,0,1,1,4.2,0,5121.314,0,2285.194,2285.194,18.194258401513853,378.5646,0,75.9812,0.0,0.3927802068424999,0.3927802068424999,0.0,0.3927802068424999,0.3927802068424999,2056.0,2056.0,0.18,0.18,0.453,0.453,31.0335,180.4736,2205.2525,7538.0736,0,31.0335,180.4736,989.7725,3486.4736,0
101,101,30,1,0,1,1,4.2,0,5121.314,0,2852.418,2852.418,22.69603611568346,378.5646,0,75.9812,0.0,0.3927802068424999,0.3927802068424999,0.0,0.3927802068424999,0.3927802068424999,2056.0,2056.0,0.18,0.18,0.453,0.453,31.0335,180.4736,2205.2525,7538.0736,0,31.0335,180.4736,1232.8685,4296.7936,0
102,102,35,1,0,1,1,4.2,0,5121.314,0,3419.642,3419.642,27.19781382985306,378.5646,0,75.9812,0.0,0.3927802068424999,0.3927802068424999,0.0,0.3927802068424999,0.3927802068424999,2056.0,2056.0,0.18,0.18,0.453,0.453,31.0335,180.4736,2205.2525,7538.0736,0,31.0335,180.4736,1475.9645,5107.1136,0
103,103,40,1,0,1,1,4.2,0,5121.314,0,3986.866,3986.866,31.699591544022674,378.5646,0,75.9812,0.0,0.3927802068424999,0.3927802068424999,0.0,0.3927802068424999,0.3927802068424999,2056.0,2056.0,0.18,0.18,0.453,0.453,31.0335,180.4736,2205.2525,7538.0736,0,31.0335,180.4736,1719.0605,5917.4336,0
104,104,45,1,0,1,1,4.2,0,5121.314,0,4554.09,4554.09,36.20136925819229,378.5646,0,75.9812,0.0,0.3927802068424999,0.3927802068424999,0.0,0.3927802068424999,0.3927802068424999,2056.0,2056.0,0.18,0.18,0.453,0.453,31.0335,180.4736,2205.2525,7538.0736,0,31.0335,180.4736,1962.1565,6727.7536,0
105,105,50,1,0,1,1,4.2,0,5121.314,0,5121.314,5121.314,40.703146972361864,378.5646,0,75.9812,0.0,0.3927802068424999,0.3927802068424999,0.0,0.3927802068424999,0.3927802068424999,2056.0,2056.0,0.18,0.18,0.453,0.453,31.0335,180.4736,2205.2525,7538.0736,0,31.0335,180.4736,2205.2525,7538.0736,0
106,106,55,1,0,1,1,4.2,0,5121.314,0,5688.538,5688.538,45.204924686531484,378.5646,0,75.9812,0.0,0.3927802068424999,0.3927802068424999,0.0,0.3927802068424999,0.3927802068424999,2056.0,2056.0,0.18,0.18,0.453,0.453,31.0335,180.4736,2205.2525,7538.0736,0,31.0335,180.4736,2448.3485,8348.3936,0
107,107,60,1,0,1,1,4.2,0,5121.314,0,6255.762,6255.762,49.70670240070108,378.5646,0,75.9812,0.0,0.3927802068424999,0.3927802068424999,0.0,0.3927802068424999,0.3927802068424999,2056.0,2056.0,0.18,0.18,0.453,0.453,31.0335,180.4736,2205.2525,7538.0736,0,31.0335,180.4736,2691.4444,9158.7135,0
108,108,20,1,1,0,0,4.2,0,3392.2484,0,1099.2152,1099.2152,7.869985138375568,420.6273,0,50.6541,0.0,0.26463914645416675,0.26463914645416675,0.0,0.26463914645416675,0.26463914645416675,2056.0,2056.0,0.18,0.18,0.755,0.755,20.689,200.5262,1465.3803,5078.8439,0,20.689,200.5262,482.6518,1803.0822,0
109,109,25,1,1,0,0,4.2,0,3392.2484,0,1481.3874,1481.3874,10.586205416851989,420.6273,0,50.6541,0.0,0.26463914645416675,0.26463914645416675,0.0,0.26463914645416675,0.26463914645416675,2056.0,2056.0,0.18,0.18,0.755,0.755,20.689,200.5262,1465.3803,5078.8439,0,20.689,200.5262,646.4399,2349.0425,0
110,110,30,1,1,0,0,4.2,0,3392.2484,0,1863.5596,1863.5596,13.30242569532841,420.6273,0,50.6541,0.0,0.26463914645416675,0.26463914645416675,0.0,0.26463914645416675,0.26463914645416675,2056.0,2056.0,0.18,0.18,0.755,0.755,20.689,200.5262,1465.3803,5078.8439,0,20.689,200.5262,810.228,2895.0028,0
111,111,35,1,1,0,0,4.2,0,3392.2484,0,2245.7318,2245.7318,16.018645973804837,420.6273,0,50.6541,0.0,0.26463914645416675,0.26463914645416675,0.0,0.26463914645416675,0.26463914645416675,2056.0,2056.0,0.18,0.18,0.755,0.755,20.689,200.5262,1465.3803,5078.8439,0,20.689,200.5262,974.016,3440.9631,0
112,112,40,1,1,0,0,4.2,0,3392.2484,0,2627.904,2627.904,18.73486625228125,420.6273,0,50.6541,0.0,0.26463914645416675,0.26463914645416675,0.0,0.26463914645416675,0.26463914645416675,2056.0,2056.0,0.18,0.18,0.755,0.755,20.689,200.5262,1465.3803,5078.8439,0,20.689,200.5262,1137.8041,3986.9233,0
113,113,45,1,1,0,0,4.2,0,3392.2484,0,3010.0762,3010.0762,21.45108653075767,420.6273,0,50.6541,0.0,0.26463914645416675,0.26463914645416675,0.0,0.26463914645416675,0.26463914645416675,2056.0,2056.0,0.18,0.18,0.755,0.755,20.689,200.5262,1465.3803,5078.8439,0,20.689,200.5262,1301.5922,4532.8836,0
114,114,50,1,1,0,0,4.2,0,3392.2484,0,3392.2484,3392.2484,24.167306809234095,420.6273,0,50.6541,0.0,0.26463914645416675,0.26463914645416675,0.0,0.26463914645416675,0.26463914645416675,2056.0,2056.0,0.18,0.18,0.755,0.755,20.689,200.5262,1465.3803,5078.8439,0,20.689,200.5262,1465.3803,5078.8439,0
115,115,55,1,1,0,0,4.2,0,3392.2484,0,3774.4206,3774.4206,26.88352708771052,420.6273,0,50.6541,0.0,0.26463914645416675,0.26463914645416675,0.0,0.26463914645416675,0.26463914645416675,2056.0,2056.0,0.18,0.18,0.755,0.755,20.689,200.5262,1465.3803,5078.8439,0,20.689,200.5262,1629.1684,5624.8042,0
116,116,60,1,1,0,0,4.2,0,3392.2484,0,4156.5928,4156.5928,29.599747366186932,420.6273,0,50.6541,0.0,0.26463914645416675,0.26463914645416675,0.0,0.26463914645416675,0.26463914645416675,2056.0,2056.0,0.18,0.18,0.755,0.755,20.689,200.5262,1465.3803,5078.8439,0,20.689,200.5262,1792.9565,6170.7644,0
117,117,20,1,1,0,1,4.2,0,5091.622,0,1688.278,1688.278,10.970775033296382,462.6901,0,75.9812,0.0,0.3927802068424999,0.3927802068424999,0.0,0.3927802068424999,0.3927802068424999,2056.0,2056.0,0.18,0.18,0.5537,0.5537,31.0335,220.5788,2194.8392,7538.0736,0,31.0335,220.5788,736.2632,2676.1536,0
118,118,25,1,1,0,1,4.2,0,5091.622,0,2255.502,2255.502,14.637381316330451,462.6901,0,75.9812,0.0,0.3927802068424999,0.3927802068424999,0.0,0.3927802068424999,0.3927802068424999,2056.0,2056.0,0.18,0.18,0.5537,0.5537,31.0335,220.5788,2194.8392,7538.0736,0,31.0335,220.5788,979.3592,3486.4736,0
119,119,30,1,1,0,1,4.2,0,5091.622,0,2822.726,2822.726,18.303987599364522,462.6901,0,75.9812,0.0,0.3927802068424999,0.3927802068424999,0.0,0.3927802068424999,0.3927802068424999,2056.0,2056.0,0.18,0.18,0.5537,0.5537,31.0335,220.5788,2194.8392,7538.0736,0,31.0335,220.5788,1222.4552,4296.7936,0
120,120,35,1,1,0,1,4.2,0,5091.622,0,3389.95,3389.95,21.970593882398585,462.6901,0,75.9812,0.0,0.3927802068424999,0.3927802068424999,0.0,0.3927802068424999,0.3927802068424999,2056.0,2056.0,0.18,0.18,0.5537,0.5537,31.0335,220.5788,2194.8392,7538.0736,0,31.0335,220.5788,1465.5512,5107.1136,0
121,121,40,1,1,0,1,4.2,0,5091.622,0,3957.174,3957.174,25.63720016543266,462.6901,0,75.9812,0.0,0.3927802068424999,0.3927802068424999,0.0,0.3927802068424999,0.3927802068424999,2056.0,2056.0,0.18,0.18,0.5537,0.5537,31.0335,220.5788,2194.8392,7538.0736,0,31.0335,220.5788,1708.6472,5917.4336,0
122,122,45,1,1,0,1,4.2,0,5091.622,0,4524.398,4524.398,29.303806448466727,462.6901,0,75.9812,0.0,0.3927802068424999,0.3927802068424999,0.0,0.3927802068424999,0.3927802068424999,2056.0,2056.0,0.18,0.18,0.5537,0.5537,31.0335,220.5788,2194.8392,7538.0736,0,31.0335,220.5788,1951.7432,6727.7536,0
123,123,50,1,1,0,1,4.2,0,5091.622,0,5091.622,5091.622,32.97041273150078,462.6901,0,75.9812,0.0,0.3927802068424999,0.3927802068424999,0.0,0.3927802068424999,0.3927802068424999,2056.0,2056.0,0.18,0.18,0.5537,0.5537,31.0335,220.5788,2194.8392,7538.0736,0,31.0335,220.5788,2194.8392,7538.0736,0
124,124,55,1,1,0,1,4.2,0,5091.622,0,5658.846,5658.846,36.637019014534864,462.6901,0,75.9812,0.0,0.3927802068424999,0.3927802068424999,0.0,0.3927802068424999,0.3927802068424999,2056.0,2056.0,0.18,0.18,0.5537,0.5537,31.0335,220.5788,2194.8392,7538.0736,0,31.0335,220.5788,2437.9352,8348.3936,0
125,125,60,1,1,0,1,4.2,0,5091.622,0,6226.07,6226.07,40.30362529756893,462.6901,0,75.9812,0.0,0.3927802068424999,0.3927802068424999,0.0,0.3927802068424999,0.3927802068424999,2056.0,2056.0,0.18,0.18,0.5537,0.5537,31.0335,220.5788,2194.8392,7538.0736,0,31.0335,220.5788,2681.0312,9158.7135,0
126,126,20,1,1,1,0,4.2,0,5073.5266,0,1633.9768,1633.9768,7.329432705727422,673.0037,0,75.9812,0.0,0.3969587196812499,0.3969587196812499,0.0,0.3969587196812499,0.3969587196812499,2056.0,2056.0,0.18,0.18,0.8053,0.8053,31.0335,320.8419,2192.8638,7618.2658,0,31.0335,320.8419,718.7711,2704.6234,0
127,127,25,1,1,1,0,4.2,0,5073.5266,0,2207.2351,2207.2351,9.880648948595462,673.0037,0,75.9812,0.0,0.3969587196812499,0.3969587196812499,0.0,0.3969587196812499,0.3969587196812499,2056.0,2056.0,0.18,0.18,0.8053,0.8053,31.0335,320.8419,2192.8638,7618.2658,0,31.0335,320.8419,964.4532,3523.5638,0
128,128,30,1,1,1,0,4.2,0,5073.5266,0,2780.4934,2780.4934,12.431865191463501,673.0037,0,75.9812,0.0,0.3969587196812499,0.3969587196812499,0.0,0.3969587196812499,0.3969587196812499,2056.0,2056.0,0.18,0.18,0.8053,0.8053,31.0335,320.8419,2192.8638,7618.2658,0,31.0335,320.8419,1210.1353,4342.5042,0
129,129,35,1,1,1,0,4.2,0,5073.5266,0,3353.7517,3353.7517,14.98308143433154,673.0037,0,75.9812,0.0,0.3969587196812499,0.3969587196812499,0.0,0.3969587196812499,0.3969587196812499,2056.0,2056.0,0.18,0.18,0.8053,0.8053,31.0335,320.8419,2192.8638,7618.2658,0,31.0335,320.8419,1455.8174,5161.4446,0
130,130,40,1,1,1,0,4.2,0,5073.5266,0,3927.01,3927.01,17.534297677199586,673.0037,0,75.9812,0.0,0.3969587196812499,0.3969587196812499,0.0,0.3969587196812499,0.3969587196812499,2056.0,2056.0,0.18,0.18,0.8053,0.8053,31.0335,320.8419,2192.8638,7618.2658,0,31.0335,320.8419,1701.4996,5980.385,0
131,131,45,1,1,1,0,4.2,0,5073.5266,0,4500.2683,4500.2683,20.08551392006762,673.0037,0,75.9812,0.0,0.3969587196812499,0.3969587196812499,0.0,0.3969587196812499,0.3969587196812499,2056.0,2056.0,0.18,0.18,0.8053,0.8053,31.0335,320.8419,2192.8638,7618.2658,0,31.0335,320.8419,1947.1817,6799.3254,0
132,132,50,1,1,1,0,4.2,0,5073.5266,0,5073.5266,5073.5266,22.636730162935656,673.0037,0,75.9812,0.0,0.3969587196812499,0.3969587196812499,0.0,0.3969587196812499,0.3969587196812499,2056.0,2056.0,0.18,0.18,0.8053,0.8053,31.0335,320.8419,2192.8638,7618.2658,0,31.0335,320.8419,2192.8638,7618.2658,0
133,133,55,1,1,1,0,4.2,0,5073.5266,0,5646.7849,5646.7849,25.18794640580369,673.0037,0,75.9812,0.0,0.3969587196812499,0.3969587196812499,0.0,0.3969587196812499,0.3969587196812499,2056.0,2056.0,0.18,0.18,0.8053,0.8053,31.0335,320.8419,2192.8638,7618.2658,0,31.0335,320.8419,2438.5459,8437.2063,0
134,134,60,1,1,1,0,4.2,0,5073.5266,0,6220.0432,6220.0432,27.739162648671726,673.0037,0,75.9812,0.0,0.3969587196812499,0.3969587196812499,0.0,0.3969587196812499,0.3969587196812499,2056.0,2056.0,0.18,0.18,0.8053,0.8053,31.0335,320.8419,2192.8638,7618.2658,0,31.0335,320.8419,2684.2281,9256.1467,0
135,135,20,1,1,1,1,4.2,0,6772.9002,0,2223.0397,2223.0397,9.370739495846081,715.0664,0,101.3082,0.0,0.5250997800695832,0.5250997800695832,0.0,0.5250997800695832,0.5250997800695832,2056.0,2056.0,0.18,0.18,0.6417,0.6417,41.378,340.8946,2922.3227,10077.4955,0,41.378,340.8946,972.3825,3577.6948,0
136,136,25,1,1,1,1,4.2,0,6772.9002,0,2981.3497,2981.3497,12.547572711498312,715.0664,0,101.3082,0.0,0.5250997800695832,0.5250997800695832,0.0,0.5250997800695832,0.5250997800695832,2056.0,2056.0,0.18,0.18,0.6417,0.6417,41.378,340.8946,2922.3227,10077.4955,0,41.378,340.8946,1297.3726,4660.9949,0
137,137,30,1,1,1,1,4.2,0,6772.9002,0,3739.6598,3739.6598,15.724405927150539,715.0664,0,101.3082,0.0,0.5250997800695832,0.5250997800695832,0.0,0.5250997800695832,0.5250997800695832,2056.0,2056.0,0.18,0.18,0.6417,0.6417,41.378,340.8946,2922.3227,10077.4955,0,41.378,340.8946,1622.3626,5744.295,0
138,138,35,1,1,1,1,4.2,0,6772.9002,0,4497.9699,4497.9699,18.901239142802755,715.0664,0,101.3082,0.0,0.5250997800695832,0.5250997800695832,0.0,0.5250997800695832,0.5250997800695832,2056.0,2056.0,0.18,0.18,0.6417,0.6417,41.378,340.8946,2922.3227,10077.4955,0,41.378,340.8946,1947.3526,6827.5951,0
139,139,40,1,1,1,1,4.2,0,6772.9002,0,5256.28,5256.28,22.078072358454992,715.0664,0,101.3082,0.0,0.5250997800695832,0.5250997800695832,0.0,0.5250997800695832,0.5250997800695832,2056.0,2056.0,0.18,0.18,0.6417,0.6417,41.378,340.8946,2922.3227,10077.4955,0,41.378,340.8946,2272.3427,7910.8953,0
140,140,45,1,1,1,1,4.2,0,6772.9002,0,6014.5901,6014.5901,25.25490557410722,715.0664,0,101.3082,0.0,0.5250997800695832,0.5250997800695832,0.0,0.5250997800695832,0.5250997800695832,2056.0,2056.0,0.18,0.18,0.6417,0.6417,41.378,340.8946,2922.3227,10077.4955,0,41.378,340.8946,2597.3327,8994.1954,0
141,141,50,1,1,1,1,4.2,0,6772.9002,0,6772.9002,6772.9002,28.43173878975945,715.0664,0,101.3082,0.0,0.5250997800695832,0.5250997800695832,0.0,0.5250997800695832,0.5250997800695832,2056.0,2056.0,0.18,0.18,0.6417,0.6417,41.378,340.8946,2922.3227,10077.4955,0,41.378,340.8946,2922.3227,10077.4955,0
142,142,55,1,1,1,1,4.2,0,6772.9002,0,7531.2103,7531.2103,31.608572005411666,715.0664,0,101.3082,0.0,0.5250997800695832,0.5250997800695832,0.0,0.5250997800695832,0.5250997800695832,2056.0,2056.0,0.18,0.18,0.6417,0.6417,41.378,340.8946,2922.3227,10077.4955,0,41.378,340.8946,3247.3128,11160.7956,0
143,143,60,1,1,1,1,4.2,0,6772.9002,0,8289.5204,8289.5204,34.78540522106389,715.0664,0,101.3082,0.0,0.5250997800695832,0.5250997800695832,0.0,0.5250997800695832,0.5250997800695832,2056.0,2056.0,0.18,0.18,0.6417,0.6417,41.378,340.8946,2922.3227,10077.4955,0,41.378,340.8946,3572.3028,12244.0958,0
