,ID,E_Brent,NE_C1,NE_C2,NE_C3,NE_C4,NE_C5,M1_C1,M2_C1,M2_C2,B44_C1,B44_C2,SW_C1,reg_f,Oil,Gas_Prod,Gross_Fluid,Water_Injected,Producer_Well,Water_Injection_Well,total_opex,Perforacion,Facilidades,Abandono,total_capex,VPN_Total,volumen_T_LE_p
0,0,55,0,0,0,0,0,0,0,0,0,0,0,0,0,0,0,0,0,0,0,0,0,0,0,0,0.0
1,1,55,0,0,0,0,0,0,0,0,0,0,1,0,0,0,5407.0628,8156.17,1679.13,3358.26,18600.6228,8230,2652.688,158.1,11040.788,19514.1668,2060.6515444567426
2,2,55,0,0,0,0,0,0,0,0,1,0,0,0,0,0,1151.257,0,8084.7,0,9235.957,13710,3528.6683,263.5,17502.1683,13236.4845,1498.8933877230056
3,3,55,0,0,0,0,0,0,0,0,1,0,1,0,0,0,6558.3197,8156.17,9763.83,3358.26,27836.5797,21940,6181.3563,421.6,28542.9563,32534.2232,3552.294873190939
4,4,55,0,0,0,0,0,0,0,0,0,1,0,0,0,0,1985.5285,3170.8497,8084.7,0,13241.0782,14630,4087.1054,263.5,18980.6054,16078.4882,1825.923739816918
5,5,55,0,0,0,0,0,0,0,0,0,1,1,0,0,0,7392.5913,11327.0197,9763.83,3358.26,31841.701,22860,6739.7934,421.6,30021.3934,35397.3757,3892.9431588010325
6,6,55,0,0,0,0,0,0,1,0,0,0,0,0,0,0,1716.9275,3617.0148,0,1679.13,7013.0722,4100,849.1307,52.7,5001.8307,7466.2387,558.5817245943973
7,7,55,0,0,0,0,0,0,1,0,0,0,1,0,0,0,7123.9902,11773.1848,1679.13,5037.39,25613.695,12330,3501.8187,210.8,16042.6187,26784.0433,2618.7925400986946
8,8,55,0,0,0,0,0,0,1,0,1,0,0,0,0,0,2868.1844,3617.0148,8084.7,1679.13,16249.0292,17810,4377.799,316.2,22503.999,20584.8804,2049.841282920397
9,9,55,0,0,0,0,0,0,1,0,1,0,1,0,0,0,8275.2472,11773.1848,9763.83,5037.39,34849.652,26040,7030.487,474.3,33544.787,39823.4597,4128.9577103777565
10,10,55,0,0,0,0,0,0,1,0,0,1,0,0,0,0,3702.456,6787.8645,8084.7,1679.13,20254.1505,18730,4936.2361,316.2,23982.4361,23408.2507,2371.9205566097944
11,11,55,0,0,0,0,0,0,1,0,0,1,1,0,0,0,9109.5187,14944.0345,9763.83,5037.39,38854.7732,26960,7588.9241,474.3,35023.2241,42700.0777,4444.240193725974
12,12,55,0,0,0,0,0,0,0,1,0,0,0,0,0,0,2467.0876,4650.4476,1679.13,0,8796.6652,3500,1345.7686,52.7,4898.4686,5436.7189,468.204883292293
13,13,55,0,0,0,0,0,0,0,1,0,0,1,0,0,0,7874.1504,12806.6176,3358.26,3358.26,27397.288,11730,3998.4566,210.8,15939.2566,24538.4485,2536.2275080890045
14,14,55,0,0,0,0,0,0,0,1,1,0,0,0,0,0,3618.3446,4650.4476,9763.83,0,18032.6222,17210,4874.4369,316.2,22400.6369,18368.1151,1967.2762509107067
15,15,55,0,0,0,0,0,0,0,1,1,0,1,0,0,0,9025.4074,12806.6176,11442.96,3358.26,36633.2449,25440,7527.1249,474.3,33441.4249,37585.9925,4046.3926783680663
16,16,55,0,0,0,0,0,0,0,1,0,1,0,0,0,0,4452.6162,7821.2973,9763.83,0,22037.7434,18130,5432.874,316.2,23879.074,21187.5652,2289.3555246001038
17,17,55,0,0,0,0,0,0,0,1,0,1,1,0,0,0,9859.6789,15977.4673,11442.96,3358.26,40638.3662,26360,8085.562,474.3,34919.862,40463.8506,4361.675161716284
18,18,55,0,0,0,0,0,1,0,0,0,0,0,0,0,0,3015.0088,6225.8174,0,0,9240.8262,3930,1429.968,0,5359.968,-2185.5003,216.2573077085185
19,19,55,0,0,0,0,0,1,0,0,0,0,1,0,0,0,8422.0716,14381.9874,1679.13,3358.26,27841.4489,12160,4082.6561,158.1,16400.7561,17194.5477,2320.804779470888
20,20,55,0,0,0,0,0,1,0,0,1,0,0,0,0,0,4166.2658,6225.8174,8084.7,0,18476.7832,17640,4958.6363,263.5,22862.1363,11023.212,1742.9436170574602
21,21,55,0,0,0,0,0,1,0,0,1,0,1,0,0,0,9573.3286,14381.9874,9763.83,3358.26,37077.4059,25870,7611.3243,421.6,33902.9243,30259.758,3812.448108205086
22,22,55,0,0,0,0,0,1,0,0,0,1,0,0,0,0,5000.5373,9396.6671,8084.7,0,22481.9044,18560,5517.0734,263.5,24340.5734,13848.9834,2067.079047096559
23,23,55,0,0,0,0,0,1,0,0,0,1,1,0,0,0,10407.6001,17552.8371,9763.83,3358.26,41082.5272,26790,8169.7615,421.6,35381.3615,33142.0491,4127.730591553302
24,24,55,0,0,0,0,0,1,1,0,0,0,0,0,0,0,4731.9363,9842.8321,0,1679.13,16253.8984,8030,2279.0988,52.7,10361.7988,5482.7054,783.3878288915594
25,25,55,0,0,0,0,0,1,1,0,0,0,1,0,0,0,10138.999,17999.0021,1679.13,5037.39,34854.5212,16260,4931.7868,210.8,21402.5868,24526.9847,2878.0053489574375
26,26,55,0,0,0,0,0,1,1,0,1,0,0,0,0,0,5883.1932,9842.8321,8084.7,1679.13,25489.8554,21740,5807.767,316.2,27863.967,18426.234,2295.5683925565518
27,27,55,0,0,0,0,0,1,1,0,1,0,1,0,0,0,11290.256,17999.0021,9763.83,5037.39,44090.4781,29970,8460.4551,474.3,38904.7551,37613.6046,4361.736157156155
28,28,55,0,0,0,0,0,1,1,0,0,1,0,0,0,0,6717.4648,13013.6819,8084.7,1679.13,29494.9766,22660,6366.2042,316.2,29342.4042,21228.6265,2616.8835030706073
29,29,55,0,0,0,0,0,1,1,0,0,1,1,0,0,0,12124.5276,21169.8519,9763.83,5037.39,48095.5994,30890,9018.8922,474.3,40383.1922,40445.5999,4704.393428740118
30,30,55,0,0,0,0,0,1,0,1,0,0,0,0,0,0,5482.0965,10876.2649,1679.13,0,18037.4914,7430,2775.7367,52.7,10258.4367,3490.3924,676.0927012624946
31,31,55,0,0,0,0,0,1,0,1,0,0,1,0,0,0,10889.1592,19032.4349,3358.26,3358.26,36638.1141,15660,5428.4247,210.8,21299.2247,22278.5726,2795.4403169477487
32,32,55,0,0,0,0,0,1,0,1,1,0,0,0,0,0,6633.3534,10876.2649,9763.83,0,27273.4483,21140,6304.4049,316.2,27760.6049,16233.7754,2198.4517657476636
33,33,55,0,0,0,0,0,1,0,1,1,0,1,0,0,0,12040.4162,19032.4349,11442.96,3358.26,45874.0711,29370,8957.0929,474.3,38801.3929,35376.6874,4279.171125146466
34,34,55,0,0,0,0,0,1,0,1,0,1,0,0,0,0,7467.625,14047.1146,9763.83,0,31278.5696,22060,6862.842,316.2,29239.042,19031.8723,2518.07884308112
35,35,55,0,0,0,0,0,1,0,1,0,1,1,0,0,0,12874.6877,22203.2846,11442.96,3358.26,49879.1924,30290,9515.5301,474.3,40279.8301,38246.2171,4591.095152666091
36,36,55,1,0,0,0,0,0,0,0,0,0,0,0,0,0,1862.3433,6488.79,0,5037.39,13388.5233,6900,2380.0021,158.1,9438.1021,19380.333,1290.1743072782285
37,37,55,1,0,0,0,0,0,0,0,0,0,1,0,0,0,7269.4061,14644.96,1679.13,8395.65,31989.1461,15130,5032.6901,316.2,20478.8901,38619.1595,3349.8236411139187
38,38,55,1,0,0,0,0,0,0,0,1,0,0,0,0,0,3013.6003,6488.79,8084.7,5037.39,22624.4803,20610,5908.6704,421.6,26940.2704,32486.6682,2774.012610157102
39,39,55,1,0,0,0,0,0,0,0,1,0,1,0,0,0,8420.6631,14644.96,9763.83,8395.65,41225.1031,28840,8561.3584,579.7,37981.0584,51689.934,4857.304503334043
40,40,55,1,0,0,0,0,0,0,0,0,1,0,0,0,0,3847.8719,9659.6397,8084.7,5037.39,26629.6016,21530,6467.1075,421.6,28418.7075,35294.7016,3094.737388751768
41,41,55,1,0,0,0,0,0,0,0,0,1,1,0,0,0,9254.9346,17815.8097,9763.83,8395.65,45230.2243,29760,9119.7955,579.7,39459.4955,54560.0405,5169.228530853667
42,42,55,1,0,0,0,0,0,1,0,0,0,0,0,0,0,3579.2708,10105.8048,0,6716.52,20401.5955,11000,3229.1328,210.8,14439.9328,26835.5253,1853.2218844495885
43,43,55,1,0,0,0,0,0,1,0,0,0,1,0,0,0,8986.3336,18261.9748,1679.13,10074.78,39002.2183,19230,5881.8208,368.9,25480.7208,45938.3636,3925.536916352439
44,44,55,1,0,0,0,0,0,1,0,1,0,0,0,0,0,4730.5278,10105.8048,8084.7,6716.52,29637.5525,24710,6757.8011,474.3,31942.1011,39891.6673,3328.5826461175843
45,45,55,1,0,0,0,0,0,1,0,1,0,1,0,0,0,10137.5905,18261.9748,9763.83,10074.78,48238.1753,32940,9410.4891,632.4,42982.8891,59056.2118,5399.664924034316
46,46,55,1,0,0,0,0,0,1,0,0,1,0,0,0,0,5564.7993,13276.6545,8084.7,6716.52,33642.6738,25630,7316.2382,474.3,33420.5382,42681.4575,3649.081290644372
47,47,55,1,0,0,0,0,0,1,0,0,1,1,0,0,0,10971.8621,21432.8245,9763.83,10074.78,52243.2966,33860,9968.9262,632.4,44461.3262,61917.3652,5708.575454806992
48,48,55,1,0,0,0,0,0,0,1,0,0,0,0,0,0,4329.431,11139.2376,1679.13,5037.39,22185.1885,10400,3725.7707,210.8,14336.5707,24734.5793,1748.8244211004858
49,49,55,1,0,0,0,0,0,0,1,0,0,1,0,0,0,9736.4937,19295.4076,3358.26,8395.65,40785.8113,18630,6378.4587,368.9,25377.3587,43730.4411,3813.9244233865693
50,50,55,1,0,0,0,0,0,0,1,1,0,0,0,0,0,5480.688,11139.2376,9763.83,5037.39,31421.1455,24110,7254.439,474.3,31838.739,37719.7799,3226.106420631813
51,51,55,1,0,0,0,0,0,0,1,1,0,1,0,0,0,10887.7507,19295.4076,11442.96,8395.65,50021.7683,32340,9907.127,632.4,42879.527,56824.7582,5317.0998920246275
52,52,55,1,0,0,0,0,0,0,1,0,1,0,0,0,0,6314.9595,14310.0873,9763.83,5037.39,35426.2668,25030,7812.8761,474.3,33317.1761,40499.6007,3543.672330812277
53,53,55,1,0,0,0,0,0,0,1,0,1,1,0,0,0,11722.0223,22466.2573,11442.96,8395.65,54026.8895,33260,10465.5641,632.4,44357.9641,59685.8676,5626.010422797303
54,54,55,1,0,0,0,0,1,0,0,0,0,0,0,0,0,4877.3521,12714.6074,0,5037.39,22629.3495,10830,3809.9701,158.1,14798.0701,17398.7994,1514.5086874476679
55,55,55,1,0,0,0,0,1,0,0,0,0,1,0,0,0,10284.4149,20870.7774,1679.13,8395.65,41229.9723,19060,6462.6582,316.2,25838.8582,36400.3677,3607.9553304914516
56,56,55,1,0,0,0,0,1,0,0,1,0,0,0,0,0,6028.6091,12714.6074,8084.7,5037.39,31865.3065,24540,7338.6384,421.6,32300.2384,30382.7021,3009.1308382712846
57,57,55,1,0,0,0,0,1,0,0,1,0,1,0,0,0,11435.6719,20870.7774,9763.83,8395.65,50465.9292,32770,9991.3264,579.7,43341.0264,49515.262,5082.083338173328
58,58,55,1,0,0,0,0,1,0,0,0,1,0,0,0,0,6862.8807,15885.4571,8084.7,5037.39,35870.4277,25460,7897.0755,421.6,33778.6755,33168.6592,3330.393653343141
59,59,55,1,0,0,0,0,1,0,0,0,1,1,0,0,0,12269.9434,24041.6271,9763.83,8395.65,54471.0505,33690,10549.7636,579.7,44819.4636,52378.4335,5390.993868946008
60,60,55,1,0,0,0,0,1,1,0,0,0,0,0,0,0,6594.2796,16331.6221,0,6716.52,29642.4217,14930,4659.1009,210.8,19799.9009,24868.4315,2073.0904120420655
61,61,55,1,0,0,0,0,1,1,0,0,0,1,0,0,0,12001.3424,24487.7921,1679.13,10074.78,48243.0445,23160,7311.7889,368.9,30840.6889,43783.5111,4153.3115763626665
62,62,55,1,0,0,0,0,1,1,0,1,0,0,0,0,0,7745.5366,16331.6221,8084.7,6716.52,38878.3787,28640,8187.7691,474.3,37302.0691,37822.2731,3557.075329733415
63,63,55,1,0,0,0,0,1,1,0,1,0,1,0,0,0,13152.5993,24487.7921,9763.83,10074.78,57479.0015,36870,10840.4572,632.4,48342.8572,56856.9263,5657.796613411849
64,64,55,1,0,0,0,0,1,1,0,0,1,0,0,0,0,8579.8081,19502.4719,8084.7,6716.52,42883.5,29560,8746.2062,474.3,38780.5062,40590.5693,3878.6635352445123
65,65,55,1,0,0,0,0,1,1,0,0,1,1,0,0,0,13986.8709,27658.6419,9763.83,10074.78,61484.1227,37790,11398.8943,632.4,49821.2943,59715.7915,5966.707144184526
66,66,55,1,0,0,0,0,1,0,1,0,0,0,0,0,0,7344.4398,17365.0549,1679.13,5037.39,31426.0147,14330,5155.7387,210.8,19696.5387,22769.4259,1978.854732765841
67,67,55,1,0,0,0,0,1,0,1,0,0,1,0,0,0,12751.5026,25521.2249,3358.26,8395.65,50026.6375,22560,7808.4268,368.9,30737.3268,41544.8214,4070.7465443529777
68,68,55,1,0,0,0,0,1,0,1,1,0,0,0,0,0,8495.6968,17365.0549,9763.83,5037.39,40661.9717,28040,8684.407,474.3,37198.707,35614.1826,3476.7029258209086
69,69,55,1,0,0,0,0,1,0,1,1,0,1,0,0,0,13902.7595,25521.2249,11442.96,8395.65,59262.5944,36270,11337.095,632.4,48239.495,54622.8661,5575.2315814021595
70,70,55,1,0,0,0,0,1,0,1,0,1,0,0,0,0,9329.9683,20535.9046,9763.83,5037.39,44667.0929,28960,9242.8441,474.3,38677.1441,38422.0014,3768.7367980977733
71,71,55,1,0,0,0,0,1,0,1,0,1,1,0,0,0,14737.0311,28692.0746,11442.96,8395.65,63267.7157,37190,11895.5322,632.4,49717.9322,57481.6881,5884.142112174836
72,72,55,0,1,0,0,0,0,0,0,0,0,0,0,0,0,868.8675,2156.22,3358.26,1679.13,8062.4775,7650,2150.3763,158.1,9958.4763,15799.955,1082.5322097414348
73,73,55,0,1,0,0,0,0,0,0,0,0,1,0,0,0,6275.9303,10312.39,5037.39,5037.39,26663.1003,15880,4803.0643,316.2,20999.2643,35060.874,3147.1697846668903
74,74,55,0,1,0,0,0,0,0,0,1,0,0,0,0,0,2020.1245,2156.22,11442.96,1679.13,17298.4345,21360,5679.0445,421.6,27460.6445,28925.391,2563.429758772291
75,75,55,0,1,0,0,0,0,0,0,1,0,1,0,0,0,7427.1873,10312.39,13122.09,5037.39,35899.0573,29590,8331.7326,579.7,38501.4326,48141.7019,4630.900592865606
76,76,55,0,1,0,0,0,0,0,0,0,1,0,0,0,0,2854.396,5327.0697,11442.96,1679.13,21303.5558,22280,6237.4817,421.6,28939.0817,31733.1771,2885.402479157071
77,77,55,0,1,0,0,0,0,0,0,0,1,1,0,0,0,8261.4588,13483.2397,13122.09,5037.39,39904.1785,30510,8890.1697,579.7,39979.8697,50974.2123,4974.129923158733
78,78,55,0,1,0,0,0,0,1,0,0,0,0,0,0,0,2585.795,5773.2348,3358.26,3358.26,15075.5497,11750,2999.507,210.8,14960.307,23267.6027,1631.49458422839
79,79,55,0,1,0,0,0,0,1,0,0,0,1,0,0,0,7992.8577,13929.4048,5037.39,6716.52,33676.1725,19980,5652.195,368.9,26001.095,42410.2099,3699.186233365988
80,80,55,0,1,0,0,0,0,1,0,1,0,0,0,0,0,3737.0519,5773.2348,11442.96,3358.26,24311.5067,25460,6528.1752,474.3,32462.4752,36323.1405,3122.1472347783942
81,81,55,0,1,0,0,0,0,1,0,1,0,1,0,0,0,9144.1147,13929.4048,13122.09,6716.52,42912.1295,33690,9180.8633,632.4,43503.2633,55473.0625,5207.166313757055
82,82,55,0,1,0,0,0,0,1,0,0,1,0,0,0,0,4571.3235,8944.0845,11442.96,3358.26,28316.628,26380,7086.6124,474.3,33940.9124,39115.4712,3443.4661780424253
83,83,55,0,1,0,0,0,0,1,0,0,1,1,0,0,0,9978.3863,17100.2545,13122.09,6716.52,46917.2507,34610,9739.3004,632.4,44981.7004,58332.4682,5519.090341276684
84,84,55,0,1,0,0,0,0,0,1,0,0,0,0,0,0,3335.9552,6806.6676,5037.39,1679.13,16859.1427,11150,3496.1449,210.8,14856.9449,21126.8115,1545.4554630310308
85,85,55,0,1,0,0,0,0,0,1,0,0,1,0,0,0,8743.0179,14962.8376,6716.52,5037.39,35459.7655,19380,6148.8329,368.9,25897.7329,40170.8623,3616.621201356298
86,86,55,0,1,0,0,0,0,0,1,1,0,0,0,0,0,4487.2121,6806.6676,13122.09,1679.13,26095.0997,24860,7024.8131,474.3,32359.1131,34106.1528,3039.5822027687045
87,87,55,0,1,0,0,0,0,0,1,1,0,1,0,0,0,9894.2749,14962.8376,14801.22,5037.39,44695.7225,33090,9677.5012,632.4,43399.9012,53237.8075,5124.601281747365
88,88,55,0,1,0,0,0,0,0,1,0,1,0,0,0,0,5321.4837,9977.5173,13122.09,1679.13,30100.221,25780,7583.2503,474.3,33837.5503,36893.5955,3360.9011460327347
89,89,55,0,1,0,0,0,0,0,1,0,1,1,0,0,0,10728.5464,18133.6873,14801.22,5037.39,48700.8437,34010,10235.9383,632.4,44878.3383,56098.3151,5436.525309266994
90,90,55,0,1,0,0,0,1,0,0,0,0,0,0,0,0,3883.8763,8382.0374,3358.26,1679.13,17303.3037,11580,3580.3443,158.1,15318.4443,13797.9356,1308.7581794003884
91,91,55,0,1,0,0,0,1,0,0,0,0,1,0,0,0,9290.9391,16538.2074,5037.39,5037.39,35903.9264,19810,6233.0323,316.2,26359.2323,32859.1769,3381.604647505001
92,92,55,0,1,0,0,0,1,0,0,1,0,0,0,0,0,5035.1333,8382.0374,11442.96,1679.13,26539.2607,25290,7109.0126,421.6,32820.6126,26799.8621,2803.4595974771646
93,93,55,0,1,0,0,0,1,0,0,1,0,1,0,0,0,10442.1961,16538.2074,13122.09,5037.39,45139.8834,33520,9761.7006,579.7,43861.4006,45919.7374,4890.11340172435
94,94,55,0,1,0,0,0,1,0,0,0,1,0,0,0,0,5869.4048,11552.8871,11442.96,1679.13,30544.3819,26210,7667.4497,421.6,34299.0497,29588.4886,3125.3273622729557
95,95,55,0,1,0,0,0,1,0,0,0,1,1,0,0,0,11276.4676,19709.0571,13122.09,5037.39,49145.0047,34440,10320.1377,579.7,45339.8377,48782.2349,5202.037429243977
96,96,55,0,1,0,0,0,1,1,0,0,0,0,0,0,0,5600.8038,11999.0521,3358.26,3358.26,24316.3759,15680,4429.475,210.8,20320.275,21262.4976,1871.8057565717488
97,97,55,0,1,0,0,0,1,1,0,0,0,1,0,0,0,11007.8665,20155.2221,5037.39,6716.52,42916.9987,23910,7082.1631,368.9,31361.0631,40213.3357,3957.3179227435207
98,98,55,0,1,0,0,0,1,1,0,1,0,0,0,0,0,6752.0607,11999.0521,11442.96,3358.26,33552.3329,29390,7958.1433,474.3,37822.4433,34192.2973,3377.420460825773
99,99,55,0,1,0,0,0,1,1,0,1,0,1,0,0,0,12159.1235,20155.2221,13122.09,6716.52,52152.9556,37620,10610.8313,632.4,48863.2313,53311.3289,5431.445930425399
100,100,55,0,1,0,0,0,1,1,0,0,1,0,0,0,0,7586.3323,15169.9019,11442.96,3358.26,37557.4541,30310,8516.5804,474.3,39300.8804,37004.0855,3678.5282779644335
101,101,55,0,1,0,0,0,1,1,0,0,1,1,0,0,0,12993.3951,23326.0719,13122.09,6716.52,56158.0769,38540,11169.2684,632.4,50341.6684,56119.1091,5778.3031501354235
102,102,55,0,1,0,0,0,1,0,1,0,0,0,0,0,0,6350.964,13032.4849,5037.39,1679.13,26099.9689,15080,4926.1129,210.8,20216.9129,19174.3759,1762.292570099558
103,103,55,0,1,0,0,0,1,0,1,0,0,1,0,0,0,11758.0267,21188.6549,6716.52,5037.39,44700.5916,23310,7578.8009,368.9,31257.7009,37971.3787,3874.7528907338315
104,104,55,0,1,0,0,0,1,0,1,1,0,0,0,0,0,7502.2209,13032.4849,13122.09,1679.13,35335.9259,28790,8454.7812,474.3,37719.0812,32015.6603,3274.5630182745545
105,105,55,0,1,0,0,0,1,0,1,1,0,1,0,0,0,12909.2837,21188.6549,14801.22,5037.39,53936.5486,37020,11107.4692,632.4,48759.8692,51078.1712,5348.8808984157085
106,106,55,0,1,0,0,0,1,0,1,0,1,0,0,0,0,8336.4925,16203.3346,13122.09,1679.13,39341.0471,29710,9013.2183,474.3,39197.5183,34779.6663,3595.963245954744
107,107,55,0,1,0,0,0,1,0,1,0,1,1,0,0,0,13743.5552,24359.5046,14801.22,5037.39,57941.6699,37940,11665.9063,632.4,50238.3063,53882.5177,5695.738118125734
108,108,55,0,0,1,0,0,0,0,0,0,0,0,0,0,0,895.942,2156.22,3358.26,1679.13,8089.552,9340,2150.3763,158.1,11648.4763,19001.2702,1258.0400806861912
109,109,55,0,0,1,0,0,0,0,0,0,0,1,0,0,0,6303.0048,10312.39,5037.39,5037.39,26690.1748,17570,4803.0643,316.2,22689.2643,38196.1902,3321.511223427579
110,110,55,0,0,1,0,0,0,0,0,1,0,0,0,0,0,2047.199,2156.22,11442.96,1679.13,17325.509,23050,5679.0445,421.6,29150.6445,32100.5618,2739.825154502466
111,111,55,0,0,1,0,0,0,0,0,1,0,1,0,0,0,7454.2618,10312.39,13122.09,5037.39,35926.1318,31280,8331.7326,579.7,40191.4326,51291.4859,4805.242031626296
112,112,55,0,0,1,0,0,0,0,0,0,1,0,0,0,0,2881.4706,5327.0697,11442.96,1679.13,21330.6303,23970,6237.4817,421.6,30629.0817,34900.6427,3060.791213521926
113,113,55,0,0,1,0,0,0,0,0,0,1,1,0,0,0,8288.5333,13483.2397,13122.09,5037.39,39931.2531,32200,8890.1697,579.7,41669.8697,54154.683,5117.166059145924
114,114,55,0,0,1,0,0,0,1,0,0,0,0,0,0,0,2612.8695,5773.2348,3358.26,3358.26,15102.6243,13440,2999.507,210.8,16650.307,26467.5375,1814.3300876721007
115,115,55,0,0,1,0,0,0,1,0,0,0,1,0,0,0,8019.9323,13929.4048,5037.39,6716.52,33703.247,21670,5652.195,368.9,27691.095,45555.8229,3874.574967730845
116,116,55,0,0,1,0,0,0,1,0,1,0,0,0,0,0,3764.1265,5773.2348,11442.96,3358.26,24338.5812,27150,6528.1752,474.3,34152.4752,39501.5708,3299.594606786346
117,117,55,0,0,1,0,0,0,1,0,1,0,1,0,0,0,9171.1892,13929.4048,13122.09,6716.52,42939.204,35380,9180.8633,632.4,45193.2633,58624.9769,5381.507752517745
118,118,55,0,0,1,0,0,0,1,0,0,1,0,0,0,0,4598.398,8944.0845,11442.96,3358.26,28343.7025,28070,7086.6124,474.3,35630.9124,42287.1853,3619.861573772601
119,119,55,0,0,1,0,0,0,1,0,0,1,1,0,0,0,10005.4608,17100.2545,13122.09,6716.52,46944.3253,36300,9739.3004,632.4,46671.7004,61482.9875,5693.431780037369
120,120,55,0,0,1,0,0,0,0,1,0,0,0,0,0,0,3363.0297,6806.6676,5037.39,1679.13,16886.2172,12840,3496.1449,210.8,16546.9449,24332.7072,1728.890436936956
121,121,55,0,0,1,0,0,0,0,1,0,0,1,0,0,0,8770.0925,14962.8376,6716.52,5037.39,35486.84,21070,6148.8329,368.9,27587.7329,43317.465,3792.009935721154
122,122,55,0,0,1,0,0,0,0,1,1,0,0,0,0,0,4514.2867,6806.6676,13122.09,1679.13,26122.1742,26550,7024.8131,474.3,34049.1131,37317.5389,3199.9515494103493
123,123,55,0,0,1,0,0,0,0,1,1,0,1,0,0,0,9921.3494,14962.8376,14801.22,5037.39,44722.797,34780,9677.5012,632.4,45089.9012,56390.2477,5298.942720508056
124,124,55,0,0,1,0,0,0,0,1,0,1,0,0,0,0,5348.5582,9977.5173,13122.09,1679.13,30127.2955,27470,7583.2503,474.3,35527.5503,40097.649,3518.137391915316
125,125,55,0,0,1,0,0,0,0,1,0,1,1,0,0,0,10755.621,18133.6873,14801.22,5037.39,48727.9183,35700,10235.9383,632.4,46568.3383,59248.4143,5610.866748027683
126,126,55,0,0,1,0,0,1,0,0,0,0,0,0,0,0,3910.9508,8382.0374,3358.26,1679.13,17330.3782,13270,3580.3443,158.1,17008.4443,17003.2746,1491.5936828441
127,127,55,0,0,1,0,0,1,0,0,0,0,1,0,0,0,9318.0136,16538.2074,5037.39,5037.39,35931.001,21500,6233.0323,316.2,28049.2323,36009.4882,3556.993381869857
128,128,55,0,0,1,0,0,1,0,0,1,0,0,0,0,0,5062.2078,8382.0374,11442.96,1679.13,26566.3352,26980,7109.0126,421.6,34510.6126,29984.3509,2980.9069694851164
129,129,55,0,0,1,0,0,1,0,0,1,0,1,0,0,0,10469.2706,16538.2074,13122.09,5037.39,45166.958,35210,9761.7006,579.7,45551.4006,49075.125,5064.454840485039
130,130,55,0,0,1,0,0,1,0,0,0,1,0,0,0,0,5896.4794,11552.8871,11442.96,1679.13,30571.4565,27900,7667.4497,421.6,35989.0497,32764.4035,3301.7227580031326
131,131,55,0,0,1,0,0,1,0,0,0,1,1,0,0,0,11303.5421,19709.0571,13122.09,5037.39,49172.0792,36130,10320.1377,579.7,47029.8377,51935.6058,5376.378868004666
132,132,55,0,0,1,0,0,1,1,0,0,0,0,0,0,0,5627.8783,11999.0521,3358.26,3358.26,24343.4504,17370,4429.475,210.8,22010.275,24465.2883,2054.64126001546
133,133,55,0,0,1,0,0,1,1,0,0,0,1,0,0,0,11034.9411,20155.2221,5037.39,6716.52,42944.0732,25600,7082.1631,368.9,33051.0631,43365.4222,4132.706657108378
134,134,55,0,0,1,0,0,1,1,0,1,0,0,0,0,0,6779.1353,11999.0521,11442.96,3358.26,33579.4074,31080,7958.1433,474.3,39512.4433,37418.0648,3534.942753842584
135,135,55,0,0,1,0,0,1,1,0,1,0,1,0,0,0,12186.198,20155.2221,13122.09,6716.52,52180.0302,39310,10610.8313,632.4,50553.2313,56473.5708,5606.8346647902545
136,136,55,0,0,1,0,0,1,1,0,0,1,0,0,0,0,7613.4068,15169.9019,11442.96,3358.26,37584.5287,32000,8516.5804,474.3,40990.8804,40183.3504,3855.9756499723844
137,137,55,0,0,1,0,0,1,1,0,0,1,1,0,0,0,13020.4696,23326.0719,13122.09,6716.52,56185.1514,40230,11169.2684,632.4,52031.6684,59324.5279,5915.745195562933
138,138,55,0,0,1,0,0,1,0,1,0,0,0,0,0,0,6378.0385,13032.4849,5037.39,1679.13,26127.0434,16770,4926.1129,210.8,21906.9129,22390.3694,1945.9096501083293
139,139,55,0,0,1,0,0,1,0,1,0,0,1,0,0,0,11785.1013,21188.6549,6716.52,5037.39,44727.6662,25000,7578.8009,368.9,32947.7009,41124.6215,4050.1416250986877
140,140,55,0,0,1,0,0,1,0,1,1,0,0,0,0,0,7529.2955,13032.4849,13122.09,1679.13,35363.0004,30480,8454.7812,474.3,39409.0812,35247.7607,3431.423209203715
141,141,55,0,0,1,0,0,1,0,1,1,0,1,0,0,0,12936.3582,21188.6549,14801.22,5037.39,53963.6232,38710,11107.4692,632.4,50449.8692,54239.7828,5524.269632780564
142,142,55,0,0,1,0,0,1,0,1,0,1,0,0,0,0,8363.567,16203.3346,13122.09,1679.13,39368.1217,31400,9013.2183,474.3,40887.5183,38005.0664,3750.032438537276
143,143,55,0,0,1,0,0,1,0,1,0,1,1,0,0,0,13770.6298,24359.5046,14801.22,5037.39,57968.7444,39630,11665.9063,632.4,51928.3063,57091.8525,5833.18016355324
144,144,55,0,0,0,1,0,0,0,0,0,0,0,0,0,0,721.4543,4319.15,1679.13,3358.26,10077.9943,7610,2292.4017,158.1,10060.5017,8721.5374,1177.1815659906463
145,145,55,0,0,0,1,0,0,0,0,0,0,1,0,0,0,6128.5171,12475.32,3358.26,6716.52,28678.6171,15840,4945.0897,316.2,21101.2897,28193.4283,3265.9346322598203
146,146,55,0,0,0,1,0,0,0,0,1,0,0,0,0,0,1872.7113,4319.15,9763.83,3358.26,19313.9513,21320,5821.07,421.6,27562.67,21818.9841,2682.3362344841903
147,147,55,0,0,0,1,0,0,0,0,1,0,1,0,0,0,7279.7741,12475.32,11442.96,6716.52,37914.5741,29550,8473.758,579.7,38603.458,41172.1924,4771.089300753362
148,148,55,0,0,0,1,0,0,0,0,0,1,0,0,0,0,2706.9829,7489.9997,9763.83,3358.26,23319.0726,22240,6379.5071,421.6,29041.1071,24692.3229,3003.1053058075636
149,149,55,0,0,0,1,0,0,0,0,0,1,1,0,0,0,8114.0456,15646.1697,11442.96,6716.52,41919.6953,30470,9032.1951,579.7,40081.8951,44057.7563,5091.858372076737
150,150,55,0,0,0,1,0,0,1,0,0,0,0,0,0,0,2438.3818,7936.1648,1679.13,5037.39,17091.0665,11710,3141.5324,210.8,15062.3324,16071.4649,1754.3169451406861
151,151,55,0,0,0,1,0,0,1,0,0,0,1,0,0,0,7845.4446,16092.3348,3358.26,8395.65,35691.6893,19940,5794.2205,368.9,26103.1205,35464.7183,3843.0700114098586
152,152,55,0,0,0,1,0,0,1,0,1,0,0,0,0,0,3589.6388,7936.1648,9763.83,5037.39,26327.0235,25420,6670.2007,474.3,32564.5007,29149.8423,3259.47161363423
153,153,55,0,0,0,1,0,0,1,0,1,0,1,0,0,0,8996.7015,16092.3348,11442.96,8395.65,44927.6463,33650,9322.8887,632.4,43605.2887,48464.7725,5348.224679903401
154,154,55,0,0,0,1,0,0,1,0,0,1,0,0,0,0,4423.9103,11107.0145,9763.83,5037.39,30332.1448,26340,7228.6378,474.3,34042.9378,32007.8209,3580.240684957604
155,155,55,0,0,0,1,0,0,1,0,0,1,1,0,0,0,9830.9731,19263.1845,11442.96,8395.65,48932.7676,34570,9881.3259,632.4,45083.7259,51341.8324,5668.993751226777
156,156,55,0,0,0,1,0,0,0,1,0,0,0,0,0,0,3188.542,8969.5976,3358.26,3358.26,18874.6595,11110,3638.1703,210.8,14958.9703,13821.1161,1671.7519131309964
157,157,55,0,0,0,1,0,0,0,1,0,0,1,0,0,0,8595.6047,17125.7676,5037.39,6716.52,37475.2823,19340,6290.8583,368.9,25999.7583,33211.381,3760.504979400169
158,158,55,0,0,0,1,0,0,0,1,1,0,0,0,0,0,4339.799,8969.5976,11442.96,3358.26,28110.6165,24820,7166.8386,474.3,32461.1386,26913.4571,3176.90658162454
159,159,55,0,0,0,1,0,0,0,1,1,0,1,0,0,0,9746.8617,17125.7676,13122.09,6716.52,46711.2393,33050,9819.5266,632.4,43501.9266,46220.5165,5265.659647893712
160,160,55,0,0,0,1,0,0,0,1,0,1,0,0,0,0,5174.0705,12140.4473,11442.96,3358.26,32115.7378,25740,7725.2757,474.3,33939.5757,29771.1052,3497.6756529479135
161,161,55,0,0,0,1,0,0,0,1,0,1,1,0,0,0,10581.1333,20296.6173,13122.09,6716.52,50716.3605,33970,10377.9637,632.4,44980.3637,49098.0819,5586.428719217086
162,162,55,0,0,0,1,0,1,0,0,0,0,0,0,0,0,3736.4631,10544.9674,1679.13,3358.26,19318.8205,11540,3722.3698,158.1,15420.4698,6435.6925,1438.6689385222712
163,163,55,0,0,0,1,0,1,0,0,0,0,1,0,0,0,9143.5259,18701.1374,3358.26,6716.52,37919.4433,19770,6375.0578,316.2,26461.2578,25869.6743,3527.4220047914446
164,164,55,0,0,0,1,0,1,0,0,1,0,0,0,0,0,4887.7201,10544.9674,9763.83,3358.26,28554.7775,25250,7251.038,421.6,32922.638,19558.9262,2943.823607015814
165,165,55,0,0,0,1,0,1,0,0,1,0,1,0,0,0,10294.7829,18701.1374,11442.96,6716.52,47155.4003,33480,9903.7261,579.7,43963.4261,38881.4056,5032.576673284987
166,166,55,0,0,0,1,0,1,0,0,0,1,0,0,0,0,5721.9917,13715.8171,9763.83,3358.26,32559.8988,26170,7809.4752,421.6,34401.0752,22425.0333,3264.5926783391883
167,167,55,0,0,0,1,0,1,0,0,0,1,1,0,0,0,11129.0544,21871.9871,11442.96,6716.52,51160.5215,34400,10462.1632,579.7,45441.8632,41763.846,5353.345744608359
168,168,55,0,0,0,1,0,1,1,0,0,0,0,0,0,0,5453.3906,14161.9821,1679.13,5037.39,26331.8927,15640,4571.5005,210.8,20422.3005,13835.7836,2015.8043176723113
169,169,55,0,0,0,1,0,1,1,0,0,0,1,0,0,0,10860.4534,22318.1521,3358.26,8395.65,44932.5155,23870,7224.1885,368.9,31463.0885,33175.6102,4104.557383941484
170,170,55,0,0,0,1,0,1,1,0,1,0,0,0,0,0,6604.6476,14161.9821,9763.83,5037.39,35567.8497,29350,8100.1687,474.3,37924.4687,26916.2107,3520.958986165856
171,171,55,0,0,0,1,0,1,1,0,1,0,1,0,0,0,12011.7103,22318.1521,11442.96,8395.65,54168.4725,37580,10752.8568,632.4,48965.2568,46194.632,5609.712052435029
172,172,55,0,0,0,1,0,1,1,0,0,1,0,0,0,0,7438.9191,17332.8319,9763.83,5037.39,39572.971,30270,8658.6059,474.3,39402.9059,29766.9629,3841.7280574892293
173,173,55,0,0,0,1,0,1,1,0,0,1,1,0,0,0,12845.9819,25489.0019,11442.96,8395.65,58173.5937,38500,11311.2939,632.4,50443.6939,49068.8014,5930.481123758402
174,174,55,0,0,0,1,0,1,0,1,0,0,0,0,0,0,6203.5508,15195.4149,3358.26,3358.26,28115.4857,15040,5068.1384,210.8,20318.9384,11582.3893,1933.2392856626211
175,175,55,0,0,0,1,0,1,0,1,0,0,1,0,0,0,11610.6136,23351.5849,5037.39,6716.52,46716.1085,23270,7720.8264,368.9,31359.7264,30920.2318,4021.9923519317936
176,176,55,0,0,0,1,0,1,0,1,1,0,0,0,0,0,7354.8078,15195.4149,11442.96,3358.26,37351.4427,28750,8596.8066,474.3,37821.1066,24677.3563,3438.393954156165
177,177,55,0,0,0,1,0,1,0,1,1,0,1,0,0,0,12761.8705,23351.5849,13122.09,6716.52,55952.0655,36980,11249.4947,632.4,48861.8947,43947.9906,5527.147020425338
178,178,55,0,0,0,1,0,1,0,1,0,1,0,0,0,0,8189.0793,18366.2646,11442.96,3358.26,41356.564,29670,9155.2438,474.3,39299.5438,27527.8432,3759.1630254795377
179,179,55,0,0,0,1,0,1,0,1,0,1,1,0,0,0,13596.1421,26522.4346,13122.09,6716.52,59957.1867,37900,11807.9318,632.4,50340.3318,46822.9412,5847.916091748712
180,180,55,0,0,0,0,1,0,0,0,0,0,0,0,0,0,1551.6017,4712.892,1679.13,0,7943.6237,3010,705.7337,52.7,3768.4337,9059.2984,880.9620634684627
181,181,55,0,0,0,0,1,0,0,0,0,0,1,0,0,0,6958.6645,12869.062,3358.26,3358.26,26544.2465,11240,3358.4217,210.8,14809.2217,28586.7134,2969.7151297376354
182,182,55,0,0,0,0,1,0,0,0,1,0,0,0,0,0,2702.8587,4712.892,9763.83,0,17179.5807,16720,4234.4019,316.2,21270.6019,22120.7539,2386.1167319620067
183,183,55,0,0,0,0,1,0,0,0,1,0,1,0,0,0,8109.9215,12869.062,11442.96,3358.26,35780.2035,24950,6887.09,474.3,32311.39,41523.3034,4474.86979823118
184,184,55,0,0,0,0,1,0,0,0,0,1,0,0,0,0,3537.1302,7883.7417,9763.83,0,21184.702,17640,4792.8391,316.2,22749.0391,25002.3708,2706.8858032853796
185,185,55,0,0,0,0,1,0,0,0,0,1,1,0,0,0,8944.193,16039.9117,11442.96,3358.26,39785.3247,25870,7445.5271,474.3,33789.8271,44410.5498,4795.638869554554
186,186,55,0,0,0,0,1,0,1,0,0,0,0,0,0,0,3268.5292,8329.9068,1679.13,1679.13,14956.6959,7110,1554.8644,105.4,8770.2644,16298.6525,1458.0974426185026
187,187,55,0,0,0,0,1,0,1,0,0,0,1,0,0,0,8675.5919,16486.0768,3358.26,5037.39,33557.3187,15340,4207.5524,263.5,19811.0524,35815.3579,3546.8505088876764
188,188,55,0,0,0,0,1,0,1,0,1,0,0,0,0,0,4419.7862,8329.9068,9763.83,1679.13,24192.6529,20820,5083.5326,368.9,26272.4326,29417.7906,2963.252111112047
189,189,55,0,0,0,0,1,0,1,0,1,0,1,0,0,0,9826.8489,16486.0768,11442.96,5037.39,42793.2757,29050,7736.2207,527,37313.2207,48794.0903,5052.005177381219
190,190,55,0,0,0,0,1,0,1,0,0,1,0,0,0,0,5254.0577,11500.7565,9763.83,1679.13,28197.7742,21740,5641.9698,368.9,27750.8698,32285.7539,3284.0211824354196
191,191,55,0,0,0,0,1,0,1,0,0,1,1,0,0,0,10661.1205,19656.9265,11442.96,5037.39,46798.397,29970,8294.6578,527,38791.6578,51673.8787,5372.774248704593
192,192,55,0,0,0,0,1,0,0,1,0,0,0,0,0,0,4018.6894,9363.3396,3358.26,0,16740.2889,6510,2051.5023,105.4,8666.9023,14007.7194,1375.5324106088126
193,193,55,0,0,0,0,1,0,0,1,0,0,1,0,0,0,9425.7521,17519.5096,5037.39,3358.26,35340.9117,14740,4704.1903,263.5,19707.6903,33565.7826,3464.285476877986
194,194,55,0,0,0,0,1,0,0,1,1,0,0,0,0,0,5169.9463,9363.3396,11442.96,0,25976.2459,20220,5580.1705,368.9,26169.0705,27181.1652,2880.687079102357
195,195,55,0,0,0,0,1,0,0,1,1,0,1,0,0,0,10577.0091,17519.5096,13122.09,3358.26,44576.8687,28450,8232.8586,527,37209.8586,46552.6647,4969.440145371528
196,196,55,0,0,0,0,1,0,0,1,0,1,0,0,0,0,6004.2179,12534.1893,11442.96,0,29981.3672,21140,6138.6077,368.9,27647.5077,30049.8409,3201.4561504257304
197,197,55,0,0,0,0,1,0,0,1,0,1,1,0,0,0,11411.2807,20690.3593,13122.09,3358.26,48581.9899,29370,8791.2957,527,38688.2957,49432.9713,5290.209216694903
198,198,55,0,0,0,0,1,1,0,0,0,0,0,0,0,0,4566.6105,10938.7094,1679.13,0,17184.4499,6940,2135.7017,52.7,9128.4017,6711.1077,1142.4494360000876
199,199,55,0,0,0,0,1,1,0,0,0,0,1,0,0,0,9973.6733,19094.8794,3358.26,3358.26,35785.0727,15170,4788.3897,210.8,20169.1897,26252.656,3231.2025022692605
200,200,55,0,0,0,0,1,1,0,0,1,0,0,0,0,0,5717.8675,10938.7094,9763.83,0,26420.4069,20650,5664.37,316.2,26630.57,19857.6543,2647.604104493631
201,201,55,0,0,0,0,1,1,0,0,1,0,1,0,0,0,11124.9303,19094.8794,11442.96,3358.26,45021.0297,28880,8317.058,474.3,37671.358,39230.9789,4736.357170762805
202,202,55,0,0,0,0,1,1,0,0,0,1,0,0,0,0,6552.1391,14109.5591,9763.83,0,30425.5282,21570,6222.8071,316.2,28109.0071,22732.0129,2968.373175817005
203,203,55,0,0,0,0,1,1,0,0,0,1,1,0,0,0,11959.2018,22265.7291,11442.96,3358.26,49026.1509,29800,8875.4951,474.3,39149.7951,42115.3503,5057.126242086177
204,204,55,0,0,0,0,1,1,1,0,0,0,0,0,0,0,6283.538,14555.7241,1679.13,1679.13,24197.5221,11040,2984.8324,105.4,14130.2324,14034.5551,1719.5848151501282
205,205,55,0,0,0,0,1,1,1,0,0,0,1,0,0,0,11690.6008,22711.8941,3358.26,5037.39,42798.1449,19270,5637.5204,263.5,25171.0204,33522.3985,3808.3378814192997
206,206,55,0,0,0,0,1,1,1,0,1,0,0,0,0,0,7434.795,14555.7241,9763.83,1679.13,33433.4791,24750,6513.5007,368.9,31632.4007,27182.4225,3224.7394836436706
207,207,55,0,0,0,0,1,1,1,0,1,0,1,0,0,0,12841.8577,22711.8941,11442.96,5037.39,52034.1019,32980,9166.1887,527,42673.1887,46525.3335,5313.492549912845
208,208,55,0,0,0,0,1,1,1,0,0,1,0,0,0,0,8269.0665,17726.5739,9763.83,1679.13,37438.6004,25670,7071.9378,368.9,33110.8378,30043.8417,3545.5085549670453
209,209,55,0,0,0,0,1,1,1,0,0,1,1,0,0,0,13676.1293,25882.7439,11442.96,5037.39,56039.2231,33900,9724.6258,527,44151.6258,49401.3492,5634.261621236219
210,210,55,0,0,0,0,1,1,0,1,0,0,0,0,0,0,7033.6982,15589.1569,3358.26,0,25981.1151,10440,3481.4703,105.4,14026.8703,11729.057,1637.0197831404375
211,211,55,0,0,0,0,1,1,0,1,0,0,1,0,0,0,12440.7609,23745.3269,5037.39,3358.26,44581.7379,18670,6134.1583,263.5,25067.6583,31269.9454,3725.772849409611
212,212,55,0,0,0,0,1,1,0,1,1,0,0,0,0,0,8184.9552,15589.1569,11442.96,0,35217.0721,24150,7010.1386,368.9,31529.0386,24937.9872,3142.174451633982
213,213,55,0,0,0,0,1,1,0,1,1,0,1,0,0,0,13592.0179,23745.3269,13122.09,3358.26,53817.6948,32380,9662.8266,527,42569.8266,44281.6725,5230.927517903158
214,214,55,0,0,0,0,1,1,0,1,0,1,0,0,0,0,9019.2267,18760.0067,11442.96,0,39222.1934,25070,7568.5757,368.9,33007.4757,27801.1422,3462.9435229573546
215,215,55,0,0,0,0,1,1,0,1,0,1,1,0,0,0,14426.2895,26916.1767,13122.09,3358.26,57822.8161,33300,10221.2637,527,44048.2637,47158.4482,5551.696589226529
216,216,55,0,0,0,0,0,0,0,0,0,0,0,1,0,0,0,0,0,0,0,0,0,0,0,0,0.0
217,217,55,0,0,0,0,0,0,0,0,0,0,1,1,0,0,5407.0628,8156.17,1679.13,3358.26,18600.6228,8230,2652.688,158.1,11040.788,15271.1435,1791.8709082232544
218,218,55,0,0,0,0,0,0,0,0,1,0,0,1,0,0,1151.257,0,8084.7,0,9235.957,13710,3528.6683,263.5,17502.1683,9785.3917,1296.312179794669
219,219,55,0,0,0,0,0,0,0,0,1,0,1,1,0,0,6558.3197,8156.17,9763.83,3358.26,27836.5797,21940,6181.3563,421.6,28542.9563,24844.885,3072.4224573661877
220,220,55,0,0,0,0,0,0,0,0,0,1,0,1,0,0,1985.5285,3170.8497,8084.7,0,13241.0782,14630,4087.1054,263.5,18980.6054,11985.1437,1578.682551608845
221,221,55,0,0,0,0,0,0,0,0,0,1,1,1,0,0,7392.5913,11327.0197,9763.83,3358.26,31841.701,22860,6739.7934,421.6,30021.3934,27061.7822,3370.5534598320996
222,222,55,0,0,0,0,0,0,1,0,0,0,0,1,0,0,1716.9275,3617.0148,0,1679.13,7013.0722,4100,849.1307,52.7,5001.8307,5812.9249,483.45972557657814
223,223,55,0,0,0,0,0,0,1,0,0,0,1,1,0,0,7123.9902,11773.1848,1679.13,5037.39,25613.695,12330,3501.8187,210.8,16042.6187,20873.0995,2279.584538981941
224,224,55,0,0,0,0,0,0,1,0,1,0,0,1,0,0,2868.1844,3617.0148,8084.7,1679.13,16249.0292,17810,4377.799,316.2,22503.999,15459.9979,1781.2204267577054
225,225,55,0,0,0,0,0,0,1,0,1,0,1,1,0,0,8275.2472,11773.1848,9763.83,5037.39,34849.652,26040,7030.487,474.3,33544.787,30467.6944,3575.8967187766107
226,226,55,0,0,0,0,0,0,1,0,0,1,0,1,0,0,3702.456,6787.8645,8084.7,1679.13,20254.1505,18730,4936.2361,316.2,23982.4361,17639.9448,2060.804216173949
227,227,55,0,0,0,0,0,0,1,0,0,1,1,1,0,0,9109.5187,14944.0345,9763.83,5037.39,38854.7732,26960,7588.9241,474.3,35023.2241,32703.7639,3848.4198165042862
228,228,55,0,0,0,0,0,0,0,1,0,0,0,1,0,0,2467.0876,4650.4476,1679.13,0,8796.6652,3500,1345.7686,52.7,4898.4686,4016.7266,401.36948153534695
229,229,55,0,0,0,0,0,0,0,1,0,0,1,1,0,0,7874.1504,12806.6176,3358.26,3358.26,27397.288,11730,3998.4566,210.8,15939.2566,18863.7754,2188.3419356664745
230,230,55,0,0,0,0,0,0,0,1,1,0,0,1,0,0,3618.3446,4650.4476,9763.83,0,18032.6222,17210,4874.4369,316.2,22400.6369,13458.0663,1709.0846619492393
231,231,55,0,0,0,0,0,0,0,1,1,0,1,1,0,0,9025.4074,12806.6176,11442.96,3358.26,36633.2449,25440,7527.1249,474.3,33441.4249,28447.9945,3503.7609539681443
232,232,55,0,0,0,0,0,0,0,1,0,1,0,1,0,0,4452.6162,7821.2973,9763.83,0,22037.7434,18130,5432.874,316.2,23879.074,15657.5776,1975.6242940581174
233,233,55,0,0,0,0,0,0,0,1,0,1,1,1,0,0,9859.6789,15977.4673,11442.96,3358.26,40638.3662,26360,8085.562,474.3,34919.862,30684.3572,3776.284051695819
234,234,55,0,0,0,0,0,1,0,0,0,0,0,1,0,0,3015.0088,6225.8174,0,0,9240.8262,3930,1429.968,0,5359.968,-2947.0661,163.7536244198762
235,235,55,0,0,0,0,0,1,0,0,0,0,1,1,0,0,8422.0716,14381.9874,1679.13,3358.26,27841.4489,12160,4082.6561,158.1,16400.7561,12353.5787,2002.5804158375774
236,236,55,0,0,0,0,0,1,0,0,1,0,0,1,0,0,4166.2658,6225.8174,8084.7,0,18476.7832,17640,4958.6363,263.5,22862.1363,6971.0026,1503.26756666438
237,237,55,0,0,0,0,0,1,0,0,1,0,1,1,0,0,9573.3286,14381.9874,9763.83,3358.26,37077.4059,25870,7611.3243,421.6,33902.9243,21957.1018,3298.8925956322473
238,238,55,0,0,0,0,0,1,0,0,0,1,0,1,0,0,5000.5373,9396.6671,8084.7,0,22481.9044,18560,5517.0734,263.5,24340.5734,9153.5329,1783.3381990532976
239,239,55,0,0,0,0,0,1,0,0,0,1,1,1,0,0,10407.6001,17552.8371,9763.83,3358.26,41082.5272,26790,8169.7615,421.6,35381.3615,24198.6691,3571.4156933599215
240,240,55,0,0,0,0,0,1,1,0,0,0,0,1,0,0,4731.9363,9842.8321,0,1679.13,16253.8984,8030,2279.0988,52.7,10361.7988,3273.977,659.6505543066647
241,241,55,0,0,0,0,0,1,1,0,0,0,1,1,0,0,10138.999,17999.0021,1679.13,5037.39,34854.5212,16260,4931.7868,210.8,21402.5868,18023.5906,2486.0032817205743
242,242,55,0,0,0,0,0,1,1,0,1,0,0,1,0,0,5883.1932,9842.8321,8084.7,1679.13,25489.8554,21740,5807.767,316.2,27863.967,12692.0685,1992.8883601458986
243,243,55,0,0,0,0,0,1,1,0,1,0,1,1,0,0,11290.256,17999.0021,9763.83,5037.39,44090.4781,29970,8460.4551,474.3,38904.7551,27648.4382,3773.9256463268457
244,244,55,0,0,0,0,0,1,1,0,0,1,0,1,0,0,6717.4648,13013.6819,8084.7,1679.13,29494.9766,22660,6366.2042,316.2,29342.4042,14884.2977,2255.9615056459925
245,245,55,0,0,0,0,0,1,1,0,0,1,1,1,0,0,12124.5276,21169.8519,9763.83,5037.39,48095.5994,30890,9018.8922,474.3,40383.1922,29835.441,4074.8899547703445
246,246,55,0,0,0,0,0,1,0,1,0,0,0,1,0,0,5482.0965,10876.2649,1679.13,0,18037.4914,7430,2775.7367,52.7,10258.4367,1499.3554,574.6762012143238
247,247,55,0,0,0,0,0,1,0,1,0,0,1,1,0,0,10889.1592,19032.4349,3358.26,3358.26,36638.1141,15660,5428.4247,210.8,21299.2247,15992.027,2413.8675169121084
248,248,55,0,0,0,0,0,1,0,1,1,0,0,1,0,0,6633.3534,10876.2649,9763.83,0,27273.4483,21140,6304.4049,316.2,27760.6049,10759.1191,1890.3918401030946
249,249,55,0,0,0,0,0,1,0,1,1,0,1,1,0,0,12040.4162,19032.4349,11442.96,3358.26,45874.0711,29370,8957.0929,474.3,38801.3929,25628.4765,3701.7898815183794
250,250,55,0,0,0,0,0,1,0,1,0,1,0,1,0,0,7467.625,14047.1146,9763.83,0,31278.5696,22060,6862.842,316.2,29239.042,12871.9822,2183.825740837526
251,251,55,0,0,0,0,0,1,0,1,0,1,1,1,0,0,12874.6877,22203.2846,11442.96,3358.26,49879.1924,30290,9515.5301,474.3,40279.8301,27860.6505,3971.6801347197725
252,252,55,1,0,0,0,0,0,0,0,0,0,0,1,0,0,1862.3433,6488.79,0,5037.39,13388.5233,6900,2380.0021,158.1,9438.1021,15691.4088,1117.3394933370296
253,253,55,1,0,0,0,0,0,0,0,0,0,1,1,0,0,7269.4061,14644.96,1679.13,8395.65,31989.1461,15130,5032.6901,316.2,20478.8901,30690.1786,2893.746944895651
254,254,55,1,0,0,0,0,0,0,0,1,0,0,1,0,0,3013.6003,6488.79,8084.7,5037.39,22624.4803,20610,5908.6704,421.6,26940.2704,25332.7911,2407.815291375189
255,255,55,1,0,0,0,0,0,0,0,1,0,1,1,0,0,8420.6631,14644.96,9763.83,8395.65,41225.1031,28840,8561.3584,579.7,37981.0584,40297.6233,4206.2854537273915
256,256,55,1,0,0,0,0,0,0,0,0,1,0,1,0,0,3847.8719,9659.6397,8084.7,5037.39,26629.6016,21530,6467.1075,421.6,28418.7075,27530.4875,2667.197469287413
257,257,55,1,0,0,0,0,0,0,0,0,1,1,1,0,0,9254.9346,17815.8097,9763.83,8395.65,45230.2243,29760,9119.7955,579.7,39459.4955,42528.8014,4476.175706928783
258,258,55,1,0,0,0,0,0,1,0,0,0,0,1,0,0,3579.2708,10105.8048,0,6716.52,20401.5955,11000,3229.1328,210.8,14439.9328,21490.3672,1605.3635264037136
259,259,55,1,0,0,0,0,0,1,0,0,0,1,1,0,0,8986.3336,18261.9748,1679.13,10074.78,39002.2183,19230,5881.8208,368.9,25480.7208,36380.668,3367.2138538953254
260,260,55,1,0,0,0,0,0,1,0,1,0,0,1,0,0,4730.5278,10105.8048,8084.7,6716.52,29637.5525,24710,6757.8011,474.3,31942.1011,31081.8485,2888.818341443984
261,261,55,1,0,0,0,0,0,1,0,1,0,1,1,0,0,10137.5905,18261.9748,9763.83,10074.78,48238.1753,32940,9410.4891,632.4,42982.8891,46005.9324,4674.967371653355
262,262,55,1,0,0,0,0,0,1,0,0,1,0,1,0,0,5564.7993,13276.6545,8084.7,6716.52,33642.6738,25630,7316.2382,474.3,33420.5382,33268.3638,3143.9637245911385
263,263,55,1,0,0,0,0,0,1,0,0,1,1,1,0,0,10971.8621,21432.8245,9763.83,10074.78,52243.2966,33860,9968.9262,632.4,44461.3262,48227.748,4941.5070037622345
264,264,55,1,0,0,0,0,0,0,1,0,0,0,1,0,0,4329.431,11139.2376,1679.13,5037.39,22185.1885,10400,3725.7707,210.8,14336.5707,19597.0961,1527.920283698319
265,265,55,1,0,0,0,0,0,0,1,0,0,1,1,0,0,9736.4937,19295.4076,3358.26,8395.65,40785.8113,18630,6378.4587,368.9,25377.3587,34362.6817,3295.0780890868596
266,266,55,1,0,0,0,0,0,0,1,1,0,0,1,0,0,5480.688,11139.2376,9763.83,5037.39,31421.1455,24110,7254.439,474.3,31838.739,29132.5564,2796.6172629096804
267,267,55,1,0,0,0,0,0,0,1,1,0,1,1,0,0,10887.7507,19295.4076,11442.96,8395.65,50021.7683,32340,9907.127,632.4,42879.527,43990.4987,4602.83160684489
268,268,55,1,0,0,0,0,0,0,1,0,1,0,1,0,0,6314.9595,14310.0873,9763.83,5037.39,35426.2668,25030,7812.8761,474.3,33317.1761,31276.0281,3073.743624330739
269,269,55,1,0,0,0,0,0,0,1,0,1,1,1,0,0,11722.0223,22466.2573,11442.96,8395.65,54026.8895,33260,10465.5641,632.4,44357.9641,46213.1925,4869.3712389537695
270,270,55,1,0,0,0,0,1,0,0,0,0,0,1,0,0,4877.3521,12714.6074,0,5037.39,22629.3495,10830,3809.9701,158.1,14798.0701,13124.8761,1306.5442941940516
271,271,55,1,0,0,0,0,1,0,0,0,0,1,1,0,0,10284.4149,20870.7774,1679.13,8395.65,41229.9723,19060,6462.6582,316.2,25838.8582,27900.3609,3088.781497095304
272,272,55,1,0,0,0,0,1,0,0,1,0,0,1,0,0,6028.6091,12714.6074,8084.7,5037.39,31865.3065,24540,7338.6384,421.6,32300.2384,22628.2438,2608.9177781693
273,273,55,1,0,0,0,0,1,0,0,1,0,1,1,0,0,11435.6719,20870.7774,9763.83,8395.65,50465.9292,32770,9991.3264,579.7,43341.0264,37518.9208,4397.014511560031
274,274,55,1,0,0,0,0,1,0,0,0,1,0,1,0,0,6862.8807,15885.4571,8084.7,5037.39,35870.4277,25460,7897.0755,421.6,33778.6755,24812.9708,2864.0631613164555
275,275,55,1,0,0,0,0,1,0,0,0,1,1,1,0,0,12269.9434,24041.6271,9763.83,8395.65,54471.0505,33690,10549.7636,579.7,44819.4636,39743.6653,4663.554143668909
276,276,55,1,0,0,0,0,1,1,0,0,0,0,1,0,0,6594.2796,16331.6221,0,6716.52,29642.4217,14930,4659.1009,210.8,19799.9009,18941.34,1790.0040197706298
277,277,55,1,0,0,0,0,1,1,0,0,0,1,1,0,0,12001.3424,24487.7921,1679.13,10074.78,48243.0445,23160,7311.7889,368.9,30840.6889,33590.2873,3590.242040863036
278,278,55,1,0,0,0,0,1,1,0,1,0,0,1,0,0,7745.5366,16331.6221,8084.7,6716.52,38878.3787,28640,8187.7691,474.3,37302.0691,28408.6736,3081.75938221202
279,279,55,1,0,0,0,0,1,1,0,1,0,1,1,0,0,13152.5993,24487.7921,9763.83,10074.78,57479.0015,36870,10840.4572,632.4,48342.8572,43196.0326,4899.348803655586
280,280,55,1,0,0,0,0,1,1,0,0,1,0,1,0,0,8579.8081,19502.4719,8084.7,6716.52,42883.5,29560,8746.2062,474.3,38780.5062,30535.1042,3362.905934387928
281,281,55,1,0,0,0,0,1,1,0,0,1,1,1,0,0,13986.8709,27658.6419,9763.83,10074.78,61484.1227,37790,11398.8943,632.4,49821.2943,45414.2797,5165.888435764462
282,282,55,1,0,0,0,0,1,0,1,0,0,0,1,0,0,7344.4398,17365.0549,1679.13,5037.39,31426.0147,14330,5155.7387,210.8,19696.5387,17075.1699,1705.532677354634
283,283,55,1,0,0,0,0,1,0,1,0,0,1,1,0,0,12751.5026,25521.2249,3358.26,8395.65,50026.6375,22560,7808.4268,368.9,30737.3268,31567.0777,3518.1062760545697
284,284,55,1,0,0,0,0,1,0,1,1,0,0,1,0,0,8495.6968,17365.0549,9763.83,5037.39,40661.9717,28040,8684.407,474.3,37198.707,26419.7521,3012.9036700890656
285,285,55,1,0,0,0,0,1,0,1,1,0,1,1,0,0,13902.7595,25521.2249,11442.96,8395.65,59262.5944,36270,11337.095,632.4,48239.495,41241.2708,4786.505905465027
286,286,55,1,0,0,0,0,1,0,1,0,1,0,1,0,0,9329.9683,20535.9046,9763.83,5037.39,44667.0929,28960,9242.8441,474.3,38677.1441,28601.0885,3264.156659982057
287,287,55,1,0,0,0,0,1,0,1,0,1,1,1,0,0,14737.0311,28692.0746,11442.96,8395.65,63267.7157,37190,11895.5322,632.4,49717.9322,43397.6056,5093.752670955997
288,288,55,0,1,0,0,0,0,0,0,0,0,0,1,0,0,868.8675,2156.22,3358.26,1679.13,8062.4775,7650,2150.3763,158.1,9958.4763,12654.5664,940.1620614233879
289,289,55,0,1,0,0,0,0,0,0,0,0,1,1,0,0,6275.9303,10312.39,5037.39,5037.39,26663.1003,15880,4803.0643,316.2,20999.2643,27683.1223,2720.6040713540106
290,290,55,0,1,0,0,0,0,0,0,1,0,0,1,0,0,2020.1245,2156.22,11442.96,1679.13,17298.4345,21360,5679.0445,421.6,27460.6445,22316.7658,2226.3101981965497
291,291,55,0,1,0,0,0,0,0,0,1,0,1,1,0,0,7427.1873,10312.39,13122.09,5037.39,35899.0573,29590,8331.7326,579.7,38501.4326,37262.2918,4037.5315745572443
292,292,55,0,1,0,0,0,0,0,0,0,1,0,1,0,0,2854.396,5327.0697,11442.96,1679.13,21303.5558,22280,6237.4817,421.6,28939.0817,24483.5261,2506.1677371415117
293,293,55,0,1,0,0,0,0,0,0,0,1,1,1,0,0,8261.4588,13483.2397,13122.09,5037.39,39904.1785,30510,8890.1697,579.7,39979.8697,39491.0168,4310.054672284919
294,294,55,0,1,0,0,0,0,1,0,0,0,0,1,0,0,2585.795,5773.2348,3358.26,3358.26,15075.5497,11750,2999.507,210.8,14960.307,18452.6841,1425.4110577995407
295,295,55,0,1,0,0,0,0,1,0,0,0,1,1,0,0,7992.8577,13929.4048,5037.39,6716.52,33676.1725,19980,5652.195,368.9,26001.095,33338.1979,3223.595669720296
296,296,55,0,1,0,0,0,0,1,0,1,0,0,1,0,0,3737.0519,5773.2348,11442.96,3358.26,24311.5067,25460,6528.1752,474.3,32462.4752,28055.138,2711.1809125570135
297,297,55,0,1,0,0,0,0,1,0,1,0,1,1,0,0,9144.1147,13929.4048,13122.09,6716.52,42912.1295,33690,9180.8633,632.4,43503.2633,42966.9564,4511.5180343265665
298,298,55,0,1,0,0,0,0,1,0,0,1,0,1,0,0,4571.3235,8944.0845,11442.96,3358.26,28316.628,26380,7086.6124,474.3,33940.9124,30205.032,2990.843887464375
299,299,55,0,1,0,0,0,0,1,0,0,1,1,1,0,0,9978.3863,17100.2545,13122.09,6716.52,46917.2507,34610,9739.3004,632.4,44981.7004,45188.7934,4781.408287527959
300,300,55,0,1,0,0,0,0,0,1,0,0,0,1,0,0,3335.9552,6806.6676,5037.39,1679.13,16859.1427,11150,3496.1449,210.8,14856.9449,16558.4198,1338.7133415793567
301,301,55,0,1,0,0,0,0,0,1,0,0,1,1,0,0,8743.0179,14962.8376,6716.52,5037.39,35459.7655,19380,6148.8329,368.9,25897.7329,31347.6612,3126.29001704639
302,302,55,0,1,0,0,0,0,0,1,1,0,0,1,0,0,4487.2121,6806.6676,13122.09,1679.13,26095.0997,24860,7024.8131,474.3,32359.1131,26094.4119,2621.9869111881158
303,303,55,0,1,0,0,0,0,0,1,1,0,1,1,0,0,9894.2749,14962.8376,14801.22,5037.39,44695.7225,33090,9677.5012,632.4,43399.9012,40949.8146,4439.382269518102
304,304,55,0,1,0,0,0,0,0,1,0,1,0,1,0,0,5321.4837,9977.5173,13122.09,1679.13,30100.221,25780,7583.2503,474.3,33837.5503,28237.4489,2899.10137392185
305,305,55,0,1,0,0,0,0,0,1,0,1,1,1,0,0,10728.5464,18133.6873,14801.22,5037.39,48700.8437,34010,10235.9383,632.4,44878.3383,43171.5972,4709.272522719492
306,306,55,0,1,0,0,0,1,0,0,0,0,0,1,0,0,3883.8763,8382.0374,3358.26,1679.13,17303.3037,11580,3580.3443,158.1,15318.4443,10061.0357,1131.5018493928437
307,307,55,0,1,0,0,0,1,0,0,0,0,1,1,0,0,9290.9391,16538.2074,5037.39,5037.39,35903.9264,19810,6233.0323,316.2,26359.2323,24839.8729,2946.1296525996445
308,308,55,0,1,0,0,0,1,0,0,1,0,0,1,0,0,5035.1333,8382.0374,11442.96,1679.13,26539.2607,25290,7109.0126,421.6,32820.6126,19587.5043,2432.0809120176154
309,309,55,0,1,0,0,0,1,0,0,1,0,1,1,0,0,10442.1961,16538.2074,13122.09,5037.39,45139.8834,33520,9761.7006,579.7,43861.4006,34467.6378,4234.052017205915
310,310,55,0,1,0,0,0,1,0,0,0,1,0,1,0,0,5869.4048,11552.8871,11442.96,1679.13,30544.3819,26210,7667.4497,421.6,34299.0497,21731.6218,2712.411530664353
311,311,55,0,1,0,0,0,1,0,0,0,1,1,1,0,0,11276.4676,19709.0571,13122.09,5037.39,49145.0047,34440,10320.1377,579.7,45339.8377,36692.0987,4503.9422704073095
312,312,55,0,1,0,0,0,1,1,0,0,0,0,1,0,0,5600.8038,11999.0521,3358.26,3358.26,24316.3759,15680,4429.475,210.8,20320.275,15868.6901,1619.525882459528
313,313,55,0,1,0,0,0,1,1,0,0,0,1,1,0,0,11007.8665,20155.2221,5037.39,6716.52,42916.9987,23910,7082.1631,368.9,31361.0631,30561.7718,3422.8072138570865
314,314,55,0,1,0,0,0,1,1,0,1,0,0,1,0,0,6752.0607,11999.0521,11442.96,3358.26,33552.3329,29390,7958.1433,474.3,37822.4433,25361.9604,2911.1492212453054
315,315,55,0,1,0,0,0,1,1,0,1,0,1,1,0,0,12159.1235,20155.2221,13122.09,6716.52,52152.9556,37620,10610.8313,632.4,48863.2313,40202.6252,4701.693348519234
316,316,55,0,1,0,0,0,1,1,0,0,1,0,1,0,0,7586.3323,15169.9019,11442.96,3358.26,37557.4541,30310,8516.5804,474.3,39300.8804,27488.7814,3191.7778998994872
317,317,55,0,1,0,0,0,1,1,0,0,1,1,1,0,0,12993.3951,23326.0719,13122.09,6716.52,56158.0769,38540,11169.2684,632.4,50341.6684,42362.5963,5006.9338687735935
318,318,55,0,1,0,0,0,1,0,1,0,0,0,1,0,0,6350.964,13032.4849,5037.39,1679.13,26099.9689,15080,4926.1129,210.8,20216.9129,13971.734,1539.6871928238247
319,319,55,0,1,0,0,0,1,0,1,0,0,1,1,0,0,11758.0267,21188.6549,6716.52,5037.39,44700.5916,23310,7578.8009,368.9,31257.7009,28537.2222,3350.671449048621
320,320,55,0,1,0,0,0,1,0,1,1,0,0,1,0,0,7502.2209,13032.4849,13122.09,1679.13,35335.9259,28790,8454.7812,474.3,37719.0812,23364.074,2840.9291209849057
321,321,55,0,1,0,0,0,1,0,1,1,0,1,1,0,0,12909.2837,21188.6549,14801.22,5037.39,53936.5486,37020,11107.4692,632.4,48759.8692,38185.5632,4629.557583710769
322,322,55,0,1,0,0,0,1,0,1,0,1,0,1,0,0,8336.4925,16203.3346,13122.09,1679.13,39341.0471,29710,9013.2183,474.3,39197.5183,25535.0742,3096.07450413206
323,323,55,0,1,0,0,0,1,0,1,0,1,1,1,0,0,13743.5552,24359.5046,14801.22,5037.39,57941.6699,37940,11665.9063,632.4,50238.3063,40342.3192,4934.798103965129
324,324,55,0,0,1,0,0,0,0,0,0,0,0,1,0,0,895.942,2156.22,3358.26,1679.13,8089.552,9340,2150.3763,158.1,11648.4763,15302.8172,1093.2257723322264
325,325,55,0,0,1,0,0,0,0,0,0,0,1,1,0,0,6303.0048,10312.39,5037.39,5037.39,26690.1748,17570,4803.0643,316.2,22689.2643,30267.997,2873.838439272779
326,326,55,0,0,1,0,0,0,0,0,1,0,0,1,0,0,2047.199,2156.22,11442.96,1679.13,17325.509,23050,5679.0445,421.6,29150.6445,24939.7725,2381.3431653192874
327,327,55,0,0,1,0,0,0,0,0,1,0,1,1,0,0,7454.2618,10312.39,13122.09,5037.39,35926.1318,31280,8331.7326,579.7,40191.4326,39901.7293,4161.76080387905
328,328,55,0,0,1,0,0,0,0,0,0,1,0,1,0,0,2881.4706,5327.0697,11442.96,1679.13,21330.6303,23970,6237.4817,421.6,30629.0817,27097.5976,2660.2816092005073
329,329,55,0,0,1,0,0,0,0,0,0,1,1,1,0,0,8288.5333,13483.2397,13122.09,5037.39,39931.2531,32200,8890.1697,579.7,41669.8697,42126.2209,4431.651057080442
330,330,55,0,0,1,0,0,0,1,0,0,0,0,1,0,0,2612.8695,5773.2348,3358.26,3358.26,15102.6243,13440,2999.507,210.8,16650.307,21092.6655,1585.1515502819407
331,331,55,0,0,1,0,0,0,1,0,0,0,1,1,0,0,8019.9323,13929.4048,5037.39,6716.52,33703.247,21670,5652.195,368.9,27691.095,35962.9108,3352.5396539138533
332,332,55,0,0,1,0,0,0,1,0,1,0,0,1,0,0,3764.1265,5773.2348,11442.96,3358.26,24338.5812,27150,6528.1752,474.3,34152.4752,30681.7003,2867.2088597164307
333,333,55,0,0,1,0,0,0,1,0,1,0,1,1,0,0,9171.1892,13929.4048,13122.09,6716.52,42939.204,35380,9180.8633,632.4,45193.2633,45567.8889,4664.752402245337
334,334,55,0,0,1,0,0,0,1,0,0,1,0,1,0,0,4598.398,8944.0845,11442.96,3358.26,28343.7025,28070,7086.6124,474.3,35630.9124,32859.1551,3126.5910376286547
335,335,55,0,0,1,0,0,0,1,0,0,1,1,1,0,0,10005.4608,17100.2545,13122.09,6716.52,46944.3253,36300,9739.3004,632.4,46671.7004,47786.9121,4934.642655446731
336,336,55,0,0,1,0,0,0,0,1,0,0,0,1,0,0,3363.0297,6806.6676,5037.39,1679.13,16886.2172,12840,3496.1449,210.8,16546.9449,19208.3023,1499.1366851659675
337,337,55,0,0,1,0,0,0,0,1,0,0,1,1,0,0,8770.0925,14962.8376,6716.52,5037.39,35486.84,21070,6148.8329,368.9,27587.7329,33942.6419,3280.4038891053865
338,338,55,0,0,1,0,0,0,0,1,1,0,0,1,0,0,4514.2867,6806.6676,13122.09,1679.13,26122.1742,26550,7024.8131,474.3,34049.1131,28725.0633,2779.038067718036
339,339,55,0,0,1,0,0,0,0,1,1,0,1,1,0,0,9921.3494,14962.8376,14801.22,5037.39,44722.797,34780,9677.5012,632.4,45089.9012,43551.264,4592.616637436871
340,340,55,0,0,1,0,0,0,0,1,0,1,0,1,0,0,5348.5582,9977.5173,13122.09,1679.13,30127.2955,27470,7583.2503,474.3,35527.5503,30859.5681,3055.1293210812664
341,341,55,0,0,1,0,0,0,0,1,0,1,1,1,0,0,10755.621,18133.6873,14801.22,5037.39,48727.9183,35700,10235.9383,632.4,46568.3383,45770.1591,4862.506890638264
342,342,55,0,0,1,0,0,1,0,0,0,0,0,1,0,0,3910.9508,8382.0374,3358.26,1679.13,17330.3782,13270,3580.3443,158.1,17008.4443,12715.0116,1291.7660897527578
343,343,55,0,0,1,0,0,1,0,0,0,0,1,1,0,0,9318.0136,16538.2074,5037.39,5037.39,35931.001,21500,6233.0323,316.2,28049.2323,27471.7137,3074.586793820527
344,344,55,0,0,1,0,0,1,0,0,1,0,0,1,0,0,5062.2078,8382.0374,11442.96,1679.13,26566.3352,26980,7109.0126,421.6,34510.6126,22218.2576,2588.108859177032
345,345,55,0,0,1,0,0,1,0,0,1,0,1,1,0,0,10469.2706,16538.2074,13122.09,5037.39,45166.958,35210,9761.7006,579.7,45551.4006,37072.0517,4387.286385124685
346,346,55,0,0,1,0,0,1,0,0,0,1,0,1,0,0,5896.4794,11552.8871,11442.96,1679.13,30571.4565,27900,7667.4497,421.6,35989.0497,24354.6704,2867.4444977870903
347,347,55,0,0,1,0,0,1,0,0,0,1,1,1,0,0,11303.5421,19709.0571,13122.09,5037.39,49172.0792,36130,10320.1377,579.7,47029.8377,39293.2163,4657.176638326079
348,348,55,0,0,1,0,0,1,1,0,0,0,0,1,0,0,5627.8783,11999.0521,3358.26,3358.26,24343.4504,17370,4429.475,210.8,22010.275,18520.1971,1779.7901228194419
349,349,55,0,0,1,0,0,1,1,0,0,0,1,1,0,0,11034.9411,20155.2221,5037.39,6716.52,42944.0732,25600,7082.1631,368.9,33051.0631,33162.5742,3576.9210859160835
350,350,55,0,0,1,0,0,1,1,0,1,0,0,1,0,0,6779.1353,11999.0521,11442.96,3358.26,33579.4074,31080,7958.1433,474.3,39512.4433,27995.1273,3068.2003777752243
351,351,55,0,0,1,0,0,1,1,0,1,0,1,1,0,0,12186.198,20155.2221,13122.09,6716.52,52180.0302,39310,10610.8313,632.4,50553.2313,42811.7303,4855.807220578232
352,352,55,0,0,1,0,0,1,1,0,0,1,0,1,0,0,7613.4068,15169.9019,11442.96,3358.26,37584.5287,32000,8516.5804,474.3,40990.8804,30114.7792,3347.805847058904
353,353,55,0,0,1,0,0,1,1,0,0,1,1,1,0,0,13020.4696,23326.0719,13122.09,6716.52,56185.1514,40230,11169.2684,632.4,52031.6684,44965.4415,5160.168236692363
354,354,55,0,0,1,0,0,1,0,1,0,0,0,1,0,0,6378.0385,13032.4849,5037.39,1679.13,26127.0434,16770,4926.1129,210.8,21906.9129,16634.3953,1700.1105364104358
355,355,55,0,0,1,0,0,1,0,1,0,0,1,1,0,0,11785.1013,21188.6549,6716.52,5037.39,44727.6662,25000,7578.8009,368.9,32947.7009,31185.5034,3475.838424078703
356,356,55,0,0,1,0,0,1,0,1,1,0,0,1,0,0,7529.2955,13032.4849,13122.09,1679.13,35363.0004,30480,8454.7812,474.3,39409.0812,26050.2186,2974.8559048235625
357,357,55,0,0,1,0,0,1,0,1,1,0,1,1,0,0,12936.3582,21188.6549,14801.22,5037.39,53963.6232,38710,11107.4692,632.4,50449.8692,40795.2819,4783.671455769768
358,358,55,0,0,1,0,0,1,0,1,0,1,0,1,0,0,8363.567,16203.3346,13122.09,1679.13,39368.1217,31400,9013.2183,474.3,40887.5183,28165.6156,3253.1256606619804
359,359,55,0,0,1,0,0,1,0,1,0,1,1,1,0,0,13770.6298,24359.5046,14801.22,5037.39,57968.7444,39630,11665.9063,632.4,51928.3063,43007.8436,5050.211087878643
360,360,55,0,0,0,1,0,0,0,0,0,0,0,1,0,0,721.4543,4319.15,1679.13,3358.26,10077.9943,7610,2292.4017,158.1,10060.5017,6294.6959,1028.4849471286702
361,361,55,0,0,0,1,0,0,0,0,0,0,1,1,0,0,6128.5171,12475.32,3358.26,6716.52,28678.6171,15840,4945.0897,316.2,21101.2897,21512.0404,2844.7919612757764
362,362,55,0,0,0,1,0,0,0,0,1,0,0,1,0,0,1872.7113,4319.15,9763.83,3358.26,19313.9513,21320,5821.07,421.6,27562.67,15911.4653,2343.514815391451
363,363,55,0,0,0,1,0,0,0,0,1,0,1,1,0,0,7279.7741,12475.32,11442.96,6716.52,37914.5741,29550,8473.758,579.7,38603.458,31011.8756,4159.821829538558
364,364,55,0,0,0,1,0,0,0,0,0,1,0,1,0,0,2706.9829,7489.9997,9763.83,3358.26,23319.0726,22240,6379.5071,421.6,29041.1071,18142.6637,2623.765688231871
365,365,55,0,0,0,1,0,0,0,0,0,1,1,1,0,0,8114.0456,15646.1697,11442.96,6716.52,41919.6953,30470,9032.1951,579.7,40081.8951,33255.8431,4440.072702378979
366,366,55,0,0,0,1,0,0,1,0,0,0,0,1,0,0,2438.3818,7936.1648,1679.13,5037.39,17091.0665,11710,3141.5324,210.8,15062.3324,11968.5061,1532.7190152281787
367,367,55,0,0,0,1,0,0,1,0,0,0,1,1,0,0,7845.4446,16092.3348,3358.26,8395.65,35691.6893,19940,5794.2205,368.9,26103.1205,27108.4621,3349.0260293752863
368,368,55,0,0,0,1,0,0,1,0,1,0,0,1,0,0,3589.6388,7936.1648,9763.83,5037.39,26327.0235,25420,6670.2007,474.3,32564.5007,21567.6651,2847.7488834909586
369,369,55,0,0,0,1,0,0,1,0,1,0,1,1,0,0,8996.7015,16092.3348,11442.96,8395.65,44927.6463,33650,9322.8887,632.4,43605.2887,36625.5926,4664.055897638066
370,370,55,0,0,0,1,0,0,1,0,0,1,0,1,0,0,4423.9103,11107.0145,9763.83,5037.39,30332.1448,26340,7228.6378,474.3,34042.9378,23783.5033,3127.99975633138
371,371,55,0,0,0,1,0,0,1,0,0,1,1,1,0,0,9830.9731,19263.1845,11442.96,8395.65,48932.7676,34570,9881.3259,632.4,45083.7259,38861.9731,4944.306770478485
372,372,55,0,0,0,1,0,0,0,1,0,0,0,1,0,0,3188.542,8969.5976,3358.26,3358.26,18874.6595,11110,3638.1703,210.8,14958.9703,9933.6593,1460.5832504197122
373,373,55,0,0,0,1,0,0,0,1,0,0,1,1,0,0,8595.6047,17125.7676,5037.39,6716.52,37475.2823,19340,6290.8583,368.9,25999.7583,25070.5907,3276.89026456682
374,374,55,0,0,0,1,0,0,0,1,1,0,0,1,0,0,4339.799,8969.5976,11442.96,3358.26,28110.6165,24820,7166.8386,474.3,32461.1386,19547.1845,2775.613118682493
375,375,55,0,0,0,1,0,0,0,1,1,0,1,1,0,0,9746.8617,17125.7676,13122.09,6716.52,46711.2393,33050,9819.5266,632.4,43501.9266,34595.9873,4591.9201328296
376,376,55,0,0,0,1,0,0,0,1,0,1,0,1,0,0,5174.0705,12140.4473,11442.96,3358.26,32115.7378,25740,7725.2757,474.3,33939.5757,21762.9391,3055.8639915229137
377,377,55,0,0,0,1,0,0,0,1,0,1,1,1,0,0,10581.1333,20296.6173,13122.09,6716.52,50716.3605,33970,10377.9637,632.4,44980.3637,36832.9365,4872.171005670021
378,378,55,0,0,0,1,0,1,0,0,0,0,0,1,0,0,3736.4631,10544.9674,1679.13,3358.26,19318.8205,11540,3722.3698,158.1,15420.4698,3386.4857,1256.9423357615638
379,379,55,0,0,0,1,0,1,0,0,0,0,1,1,0,0,9143.5259,18701.1374,3358.26,6716.52,37919.4433,19770,6375.0578,316.2,26461.2578,18566.1623,3073.24934990867
380,380,55,0,0,0,1,0,1,0,0,1,0,0,1,0,0,4887.7201,10544.9674,9763.83,3358.26,28554.7775,25250,7251.038,421.6,32922.638,13029.6366,2571.9722040243437
381,381,55,0,0,0,1,0,1,0,0,1,0,1,1,0,0,10294.7829,18701.1374,11442.96,6716.52,47155.4003,33480,9903.7261,579.7,43963.4261,28094.8245,4388.279218171449
382,382,55,0,0,0,1,0,1,0,0,0,1,0,1,0,0,5721.9917,13715.8171,9763.83,3358.26,32559.8988,26170,7809.4752,421.6,34401.0752,15253.6033,2852.223076864766
383,383,55,0,0,0,1,0,1,0,0,0,1,1,1,0,0,11129.0544,21871.9871,11442.96,6716.52,51160.5215,34400,10462.1632,579.7,45441.8632,30336.6779,4668.530091011871
384,384,55,0,0,0,1,0,1,1,0,0,0,0,1,0,0,5453.3906,14161.9821,1679.13,5037.39,26331.8927,15640,4571.5005,210.8,20422.3005,9109.7201,1761.1764038610725
385,385,55,0,0,0,1,0,1,1,0,0,0,1,1,0,0,10860.4534,22318.1521,3358.26,8395.65,44932.5155,23870,7224.1885,368.9,31463.0885,24193.3153,3577.48341800818
386,386,55,0,0,0,1,0,1,1,0,1,0,0,1,0,0,6604.6476,14161.9821,9763.83,5037.39,35567.8497,29350,8100.1687,474.3,37924.4687,18707.1675,3076.2062721238526
387,387,55,0,0,0,1,0,1,1,0,1,0,1,1,0,0,12011.7103,22318.1521,11442.96,8395.65,54168.4725,37580,10752.8568,632.4,48965.2568,33781.9235,4857.9061369489955
388,388,55,0,0,0,1,0,1,1,0,0,1,0,1,0,0,7438.9191,17332.8319,9763.83,5037.39,39572.971,30270,8658.6059,474.3,39402.9059,20917.5663,3356.4571449642726
389,389,55,0,0,0,1,0,1,1,0,0,1,1,1,0,0,12845.9819,25489.0019,11442.96,8395.65,58173.5937,38500,11311.2939,632.4,50443.6939,36013.931,5135.782163519431
390,390,55,0,0,0,1,0,1,0,1,0,0,0,1,0,0,6203.5508,15195.4149,3358.26,3358.26,28115.4857,15040,5068.1384,210.8,20318.9384,7072.4772,1689.040639052606
391,391,55,0,0,0,1,0,1,0,1,0,0,1,1,0,0,11610.6136,23351.5849,5037.39,6716.52,46716.1085,23270,7720.8264,368.9,31359.7264,22189.8946,3476.2108860246417
392,392,55,0,0,0,1,0,1,0,1,1,0,0,1,0,0,7354.8078,15195.4149,11442.96,3358.26,37351.4427,28750,8596.8066,474.3,37821.1066,16681.5581,3004.0705073153863
393,393,55,0,0,0,1,0,1,0,1,1,0,1,1,0,0,12761.8705,23351.5849,13122.09,6716.52,55952.0655,36980,11249.4947,632.4,48861.8947,31751.875,4785.7703721405305
394,394,55,0,0,0,1,0,1,0,1,0,1,0,1,0,0,8189.0793,18366.2646,11442.96,3358.26,41356.564,29670,9155.2438,474.3,39299.5438,18892.302,3284.321380155807
395,395,55,0,0,0,1,0,1,0,1,0,1,1,1,0,0,13596.1421,26522.4346,13122.09,6716.52,59957.1867,37900,11807.9318,632.4,50340.3318,33985.0132,5063.646398710965
396,396,55,0,0,0,0,1,0,0,0,0,0,0,1,0,0,1551.6017,4712.892,1679.13,0,7943.6237,3010,705.7337,52.7,3768.4337,7261.1756,769.6826449250781
397,397,55,0,0,0,0,1,0,0,0,0,0,1,1,0,0,6958.6645,12869.062,3358.26,3358.26,26544.2465,11240,3358.4217,210.8,14809.2217,22544.9525,2585.989659072186
398,398,55,0,0,0,0,1,0,0,0,1,0,0,1,0,0,2702.8587,4712.892,9763.83,0,17179.5807,16720,4234.4019,316.2,21270.6019,16848.6907,2084.712513187859
399,399,55,0,0,0,0,1,0,0,0,1,0,1,1,0,0,8109.9215,12869.062,11442.96,3358.26,35780.2035,24950,6887.09,474.3,32311.39,32004.0332,3901.0195273349646
400,400,55,0,0,0,0,1,0,0,0,0,1,0,1,0,0,3537.1302,7883.7417,9763.83,0,21184.702,17640,4792.8391,316.2,22749.0391,19088.7114,2364.9633860282806
401,401,55,0,0,0,0,1,0,0,0,0,1,1,1,0,0,8944.193,16039.9117,11442.96,3358.26,39785.3247,25870,7445.5271,474.3,33789.8271,34249.7144,4181.270400175386
402,402,55,0,0,0,0,1,0,1,0,0,0,0,1,0,0,3268.5292,8329.9068,1679.13,1679.13,14956.6959,7110,1554.8644,105.4,8770.2644,12819.3854,1273.916713024587
403,403,55,0,0,0,0,1,0,1,0,0,0,1,1,0,0,8675.5919,16486.0768,3358.26,5037.39,33557.3187,15340,4207.5524,263.5,19811.0524,28097.4608,3090.2237271716936
404,404,55,0,0,0,0,1,0,1,0,1,0,0,1,0,0,4419.7862,8329.9068,9763.83,1679.13,24192.6529,20820,5083.5326,368.9,26272.4326,22467.0094,2588.946581287367
405,405,55,0,0,0,0,1,0,1,0,1,0,1,1,0,0,9826.8489,16486.0768,11442.96,5037.39,42793.2757,29050,7736.2207,527,37313.2207,37598.6212,4405.253595434473
406,406,55,0,0,0,0,1,0,1,0,0,1,0,1,0,0,5254.0577,11500.7565,9763.83,1679.13,28197.7742,21740,5641.9698,368.9,27750.8698,24693.4835,2869.1974541277896
407,407,55,0,0,0,0,1,0,1,0,0,1,1,1,0,0,10661.1205,19656.9265,11442.96,5037.39,46798.397,29970,8294.6578,527,38791.6578,39836.9212,4685.504468274897
408,408,55,0,0,0,0,1,0,0,1,0,0,0,1,0,0,4018.6894,9363.3396,3358.26,0,16740.2889,6510,2051.5023,105.4,8666.9023,10737.8592,1201.7809482161206
409,409,55,0,0,0,0,1,0,0,1,0,0,1,1,0,0,9425.7521,17519.5096,5037.39,3358.26,35340.9117,14740,4704.1903,263.5,19707.6903,26063.6224,3018.087962363228
410,410,55,0,0,0,0,1,0,0,1,1,0,0,1,0,0,5169.9463,9363.3396,11442.96,0,25976.2459,20220,5580.1705,368.9,26169.0705,20441.6679,2516.8108164789014
411,411,55,0,0,0,0,1,0,0,1,1,0,1,1,0,0,10577.0091,17519.5096,13122.09,3358.26,44576.8687,28450,8232.8586,527,37209.8586,35573.0106,4333.117830626008
412,412,55,0,0,0,0,1,0,0,1,0,1,0,1,0,0,6004.2179,12534.1893,11442.96,0,29981.3672,21140,6138.6077,368.9,27647.5077,22669.553,2797.0616893193223
413,413,55,0,0,0,0,1,0,0,1,0,1,1,1,0,0,11411.2807,20690.3593,13122.09,3358.26,48581.9899,29370,8791.2957,527,38688.2957,37811.7415,4613.368703466429
414,414,55,0,0,0,0,1,1,0,0,0,0,0,1,0,0,4566.6105,10938.7094,1679.13,0,17184.4499,6940,2135.7017,52.7,9128.4017,4271.6426,998.1400335579714
415,415,55,0,0,0,0,1,1,0,0,0,0,1,1,0,0,9973.6733,19094.8794,3358.26,3358.26,35785.0727,15170,4788.3897,210.8,20169.1897,19587.524,2814.4470477050786
416,416,55,0,0,0,0,1,1,0,0,1,0,0,1,0,0,5717.8675,10938.7094,9763.83,0,26420.4069,20650,5664.37,316.2,26630.57,13956.5089,2313.169901820752
417,417,55,0,0,0,0,1,1,0,0,1,0,1,1,0,0,11124.9303,19094.8794,11442.96,3358.26,45021.0297,28880,8317.058,474.3,37671.358,29088.2466,4129.476915967859
418,418,55,0,0,0,0,1,1,0,0,0,1,0,1,0,0,6552.1391,14109.5591,9763.83,0,30425.5282,21570,6222.8071,316.2,28109.0071,16190.6199,2593.4207746611737
419,419,55,0,0,0,0,1,1,0,0,0,1,1,1,0,0,11959.2018,22265.7291,11442.96,3358.26,49026.1509,29800,8875.4951,474.3,39149.7951,31331.0837,4409.72778880828
420,420,55,0,0,0,0,1,1,1,0,0,0,0,1,0,0,6283.538,14555.7241,1679.13,1679.13,24197.5221,11040,2984.8324,105.4,14130.2324,9914.2043,1502.3741016574797
421,421,55,0,0,0,0,1,1,1,0,0,0,1,1,0,0,11690.6008,22711.8941,3358.26,5037.39,42798.1449,19270,5637.5204,263.5,25171.0204,25180.6408,3318.6811158045875
422,422,55,0,0,0,0,1,1,1,0,1,0,0,1,0,0,7434.795,14555.7241,9763.83,1679.13,33433.4791,24750,6513.5007,368.9,31632.4007,19599.3133,2817.40396992026
423,423,55,0,0,0,0,1,1,1,0,1,0,1,1,0,0,12841.8577,22711.8941,11442.96,5037.39,52034.1019,32980,9166.1887,527,42673.1887,34705.6305,4633.710984067367
424,424,55,0,0,0,0,1,1,1,0,0,1,0,1,0,0,8269.0665,17726.5739,9763.83,1679.13,37438.6004,25670,7071.9378,368.9,33110.8378,21820.4767,3097.6548427606817
425,425,55,0,0,0,0,1,1,1,0,0,1,1,1,0,0,13676.1293,25882.7439,11442.96,5037.39,56039.2231,33900,9724.6258,527,44151.6258,36941.007,4913.96185690779
426,426,55,0,0,0,0,1,1,0,1,0,0,0,1,0,0,7033.6982,15589.1569,3358.26,0,25981.1151,10440,3481.4703,105.4,14026.8703,7810.8421,1430.2383368490139
427,427,55,0,0,0,0,1,1,0,1,0,0,1,1,0,0,12440.7609,23745.3269,5037.39,3358.26,44581.7379,18670,6134.1583,263.5,25067.6583,23142.8105,3246.5453509961208
428,428,55,0,0,0,0,1,1,0,1,1,0,0,1,0,0,8184.9552,15589.1569,11442.96,0,35217.0721,24150,7010.1386,368.9,31529.0386,17565.1952,2745.2682051117945
429,429,55,0,0,0,0,1,1,0,1,1,0,1,1,0,0,13592.0179,23745.3269,13122.09,3358.26,53817.6948,32380,9662.8266,527,42569.8266,32676.7078,4561.575219258902
430,430,55,0,0,0,0,1,1,0,1,0,1,0,1,0,0,9019.2267,18760.0067,11442.96,0,39222.1934,25070,7568.5757,368.9,33007.4757,19788.4113,3025.519077952216
431,431,55,0,0,0,0,1,1,0,1,0,1,1,1,0,0,14426.2895,26916.1767,13122.09,3358.26,57822.8161,33300,10221.2637,527,44048.2637,34912.6138,4841.826092099323
